#VRML V2.0 utf8

Shape {
  appearance Appearance {
    material Material {
      diffuseColor 0.8510 0.8510 0.8510
      specularColor 0.4235 0.4235 0.4235
      ambientIntensity 0.2
      transparency 0.0000
      shininess 0.5
    }
  }
  geometry IndexedFaceSet {
    ccw TRUE
    solid FALSE
    coord DEF co Coordinate {
      point [
        -0.704724 1.439366 -0.196850,
        -0.704724 1.557545 -0.196850,
        -0.704724 1.434845 -0.109609,
        -0.704724 1.552677 -0.101509,
        -0.704724 1.416574 0.067234,
        -0.704724 1.533574 0.083396,
        -1.295276 1.416574 0.067234,
        -1.295276 1.434845 -0.109609,
        -1.295276 1.439366 -0.196850,
        -0.795163 1.440945 -0.287289,
        -1.204837 1.440945 -0.287289,
        -1.295276 1.533574 0.083396,
        -1.295276 1.552677 -0.101509,
        -1.295276 1.557545 -0.196850,
        -1.204837 1.559055 -0.287289,
        -0.795163 1.559055 -0.287289,
        -0.901575 1.440945 -0.393701,
        -1.098425 1.440945 -0.393701,
        -0.901575 1.440945 -1.496063,
        -1.098425 1.440945 -1.496063,
        -1.095072 1.440945 -1.521537,
        -1.085239 1.440945 -1.545276,
        -1.069597 1.440945 -1.565660,
        -1.049213 1.440945 -1.581302,
        -1.025474 1.440945 -1.591134,
        -1.000000 1.440945 -1.594488,
        -0.930403 1.440945 -1.565660,
        -0.904929 1.440945 -1.521537,
        -0.914761 1.440945 -1.545276,
        -0.974526 1.440945 -1.591134,
        -0.950787 1.440945 -1.581302,
        -0.901575 1.559055 -0.393701,
        -1.049213 1.559055 -1.581302,
        -1.069597 1.559055 -1.565660,
        -0.901575 1.559055 -1.496063,
        -1.085239 1.559055 -1.545276,
        -1.095072 1.559055 -1.521537,
        -1.098425 1.559055 -1.496063,
        -1.098425 1.559055 -0.393701,
        -1.025474 1.559055 -1.591134,
        -0.904929 1.559055 -1.521537,
        -0.914761 1.559055 -1.545276,
        -0.930403 1.559055 -1.565660,
        -0.950787 1.559055 -1.581302,
        -1.000000 1.559055 -1.594488,
        -0.974526 1.559055 -1.591134,
        1.295276 1.439366 -0.196850,
        1.295276 1.557545 -0.196850,
        1.295276 1.434845 -0.109609,
        1.295276 1.552677 -0.101509,
        1.295276 1.416574 0.067234,
        1.295276 1.533574 0.083396,
        0.704724 1.416574 0.067234,
        0.704724 1.439366 -0.196850,
        0.795163 1.440945 -0.287289,
        1.204837 1.440945 -0.287289,
        0.704724 1.434845 -0.109609,
        0.704724 1.533574 0.083396,
        0.704724 1.552677 -0.101509,
        0.704724 1.557545 -0.196850,
        0.795163 1.559055 -0.287289,
        1.204837 1.559055 -0.287289,
        1.098425 1.440945 -0.393701,
        0.901575 1.440945 -0.393701,
        1.098425 1.440945 -1.496063,
        0.901575 1.440945 -1.496063,
        1.000000 1.440945 -1.594488,
        0.974526 1.440945 -1.591134,
        0.950787 1.440945 -1.581302,
        0.930403 1.440945 -1.565660,
        0.904929 1.440945 -1.521537,
        0.914761 1.440945 -1.545276,
        1.025474 1.440945 -1.591134,
        1.049213 1.440945 -1.581302,
        1.069597 1.440945 -1.565660,
        1.085239 1.440945 -1.545276,
        1.095072 1.440945 -1.521537,
        0.901575 1.559055 -0.393701,
        1.098425 1.559055 -0.393701,
        0.901575 1.559055 -1.496063,
        1.098425 1.559055 -1.496063,
        1.095072 1.559055 -1.521537,
        1.085239 1.559055 -1.545276,
        1.069597 1.559055 -1.565660,
        1.049213 1.559055 -1.581302,
        0.974526 1.559055 -1.591134,
        0.950787 1.559055 -1.581302,
        0.930403 1.559055 -1.565660,
        0.914761 1.559055 -1.545276,
        0.904929 1.559055 -1.521537,
        1.025474 1.559055 -1.591134,
        1.000000 1.559055 -1.594488,
        0.295276 1.439366 -0.196850,
        0.295276 1.557545 -0.196850,
        0.295276 1.434845 -0.109609,
        0.295276 1.552677 -0.101509,
        0.295276 1.416574 0.067234,
        0.295276 1.533574 0.083396,
        -0.295276 1.416574 0.067234,
        -0.295276 1.434845 -0.109609,
        -0.295276 1.439366 -0.196850,
        0.204837 1.440945 -0.287289,
        -0.204837 1.440945 -0.287289,
        -0.295276 1.533574 0.083396,
        -0.295276 1.552677 -0.101509,
        -0.295276 1.557545 -0.196850,
        -0.204837 1.559055 -0.287289,
        0.204837 1.559055 -0.287289,
        -0.095071 1.440945 -1.521537,
        -0.085239 1.440945 -1.545276,
        0.098425 1.440945 -1.496063,
        -0.025474 1.440945 -1.591134,
        -0.000000 1.440945 -1.594488,
        0.025474 1.440945 -1.591134,
        0.098425 1.440945 -0.393701,
        -0.098425 1.440945 -0.393701,
        -0.098425 1.440945 -1.496063,
        -0.069597 1.440945 -1.565660,
        -0.049213 1.440945 -1.581302,
        0.049213 1.440945 -1.581302,
        0.069597 1.440945 -1.565660,
        0.095071 1.440945 -1.521537,
        0.085239 1.440945 -1.545276,
        -0.098425 1.559055 -0.393701,
        0.098425 1.559055 -0.393701,
        -0.098425 1.559055 -1.496063,
        0.098425 1.559055 -1.496063,
        -0.049213 1.559055 -1.581302,
        -0.069597 1.559055 -1.565660,
        -0.085239 1.559055 -1.545276,
        -0.095071 1.559055 -1.521537,
        0.095071 1.559055 -1.521537,
        0.085239 1.559055 -1.545276,
        0.069597 1.559055 -1.565660,
        0.025474 1.559055 -1.591134,
        -0.000000 1.559055 -1.594488,
        -0.025474 1.559055 -1.591134,
        0.049213 1.559055 -1.581302,
        -0.852362 1.279528 0.590551,
        -1.295276 1.279528 0.590551,
        -0.852362 1.327133 0.590551,
        -1.295276 1.327133 0.590551,
        -0.852362 1.327133 0.708661,
        -1.295276 1.327133 0.708661,
        -0.852362 1.279528 0.708661,
        -1.295276 1.279528 0.708661,
        -0.852362 1.331792 0.589992,
        -1.295276 1.331792 0.589992,
        -0.852362 1.336185 0.588346,
        -1.295276 1.336185 0.588346,
        -0.852362 1.340065 0.585707,
        -1.295276 1.340065 0.585707,
        -0.852362 1.343210 0.582226,
        -1.295276 1.343210 0.582226,
        -0.852362 1.345442 0.578098,
        -1.295276 1.345442 0.578098,
        -0.852362 1.346633 0.573560,
        -1.295276 1.346633 0.573560,
        -0.852362 1.463632 0.589722,
        -1.295276 1.463632 0.589722,
        -1.295276 1.455293 0.621489,
        -0.852362 1.455293 0.621489,
        -1.295276 1.439672 0.650381,
        -0.852362 1.439672 0.650381,
        -1.295276 1.417657 0.674755,
        -0.852362 1.417657 0.674755,
        -1.295276 1.390500 0.693227,
        -0.852362 1.390500 0.693227,
        -1.295276 1.359743 0.704747,
        -0.852362 1.359743 0.704747,
        -0.704724 1.404108 0.157480,
        -0.704724 1.523340 0.157480,
        -0.852362 1.383714 0.305118,
        -0.852362 1.502946 0.305118,
        0.852362 1.327133 0.590551,
        1.295276 1.327133 0.590551,
        0.852362 1.279528 0.590551,
        1.295276 1.279528 0.590551,
        0.852362 1.279528 0.708661,
        1.295276 1.279528 0.708661,
        0.852362 1.327133 0.708661,
        1.295276 1.327133 0.708661,
        1.295276 1.331792 0.589992,
        0.852362 1.331792 0.589992,
        1.295276 1.336185 0.588346,
        0.852362 1.336185 0.588346,
        1.295276 1.340065 0.585707,
        0.852362 1.340065 0.585707,
        1.295276 1.343210 0.582226,
        0.852362 1.343210 0.582226,
        1.295276 1.345442 0.578098,
        0.852362 1.345442 0.578098,
        1.295276 1.346633 0.573560,
        0.852362 1.346633 0.573560,
        1.295276 1.463632 0.589722,
        0.852362 1.463632 0.589722,
        0.852362 1.455293 0.621489,
        1.295276 1.455293 0.621489,
        0.852362 1.439672 0.650381,
        1.295276 1.439672 0.650381,
        0.852362 1.417657 0.674755,
        1.295276 1.417657 0.674755,
        0.852362 1.390500 0.693227,
        1.295276 1.390500 0.693227,
        0.852362 1.359743 0.704747,
        1.295276 1.359743 0.704747,
        0.704724 1.404108 0.157480,
        0.852362 1.383714 0.305118,
        0.704724 1.523340 0.157480,
        0.852362 1.502946 0.305118,
      ]
    }
    coordIndex [
      0, 1, 2, -1,
      2, 1, 3, -1,
      2, 3, 4, -1,
      4, 3, 5, -1,
      4, 6, 2, -1,
      2, 6, 7, -1,
      2, 7, 0, -1,
      0, 7, 8, -1,
      0, 8, 9, -1,
      9, 8, 10, -1,
      6, 11, 7, -1,
      7, 11, 12, -1,
      7, 12, 8, -1,
      8, 12, 13, -1,
      14, 13, 12, -1,
      1, 15, 3, -1,
      3, 15, 14, -1,
      14, 12, 3, -1,
      3, 12, 11, -1,
      3, 11, 5, -1,
      9, 10, 16, -1,
      16, 10, 17, -1,
      16, 17, 18, -1,
      18, 17, 19, -1,
      19, 20, 18, -1,
      18, 20, 21, -1,
      18, 21, 22, -1,
      22, 23, 18, -1,
      18, 23, 24, -1,
      18, 24, 25, -1,
      18, 26, 27, -1,
      27, 26, 28, -1,
      25, 29, 18, -1,
      18, 29, 30, -1,
      18, 30, 26, -1,
      14, 15, 31, -1,
      32, 33, 34, -1,
      34, 33, 35, -1,
      35, 36, 34, -1,
      34, 36, 37, -1,
      34, 37, 31, -1,
      31, 37, 38, -1,
      31, 38, 14, -1,
      32, 34, 39, -1,
      39, 34, 40, -1,
      39, 40, 41, -1,
      41, 42, 39, -1,
      39, 42, 43, -1,
      39, 43, 44, -1,
      44, 43, 45, -1,
      46, 47, 48, -1,
      48, 47, 49, -1,
      48, 49, 50, -1,
      50, 49, 51, -1,
      48, 50, 52, -1,
      53, 54, 55, -1,
      55, 46, 53, -1,
      53, 46, 48, -1,
      53, 48, 56, -1,
      56, 48, 52, -1,
      52, 57, 56, -1,
      56, 57, 58, -1,
      56, 58, 53, -1,
      53, 58, 59, -1,
      60, 59, 58, -1,
      47, 61, 49, -1,
      49, 61, 60, -1,
      60, 58, 49, -1,
      49, 58, 57, -1,
      49, 57, 51, -1,
      55, 54, 62, -1,
      62, 54, 63, -1,
      62, 63, 64, -1,
      64, 63, 65, -1,
      66, 65, 67, -1,
      67, 65, 68, -1,
      68, 65, 69, -1,
      69, 65, 70, -1,
      69, 70, 71, -1,
      66, 72, 65, -1,
      65, 72, 73, -1,
      65, 73, 74, -1,
      74, 75, 65, -1,
      65, 75, 76, -1,
      65, 76, 64, -1,
      77, 60, 78, -1,
      78, 60, 61, -1,
      77, 78, 79, -1,
      79, 78, 80, -1,
      79, 80, 81, -1,
      81, 82, 79, -1,
      79, 82, 83, -1,
      79, 83, 84, -1,
      79, 85, 86, -1,
      86, 87, 79, -1,
      79, 87, 88, -1,
      79, 88, 89, -1,
      84, 90, 79, -1,
      79, 90, 91, -1,
      79, 91, 85, -1,
      92, 93, 94, -1,
      94, 93, 95, -1,
      94, 95, 96, -1,
      96, 95, 97, -1,
      96, 98, 94, -1,
      94, 98, 99, -1,
      94, 99, 92, -1,
      92, 99, 100, -1,
      92, 100, 101, -1,
      101, 100, 102, -1,
      98, 103, 99, -1,
      99, 103, 104, -1,
      99, 104, 100, -1,
      100, 104, 105, -1,
      106, 105, 104, -1,
      93, 107, 95, -1,
      95, 107, 106, -1,
      106, 104, 95, -1,
      95, 104, 103, -1,
      95, 103, 97, -1,
      108, 109, 110, -1,
      111, 112, 110, -1,
      110, 112, 113, -1,
      101, 102, 114, -1,
      114, 102, 115, -1,
      114, 115, 110, -1,
      110, 115, 116, -1,
      110, 116, 108, -1,
      109, 117, 110, -1,
      110, 117, 118, -1,
      110, 118, 111, -1,
      113, 119, 110, -1,
      110, 119, 120, -1,
      110, 120, 121, -1,
      121, 120, 122, -1,
      106, 107, 123, -1,
      123, 107, 124, -1,
      123, 124, 125, -1,
      125, 124, 126, -1,
      127, 128, 126, -1,
      128, 129, 126, -1,
      126, 129, 130, -1,
      126, 130, 125, -1,
      131, 132, 133, -1,
      134, 135, 126, -1,
      126, 135, 136, -1,
      126, 136, 127, -1,
      131, 133, 126, -1,
      126, 133, 137, -1,
      126, 137, 134, -1,
      138, 139, 140, -1,
      140, 139, 141, -1,
      142, 143, 144, -1,
      144, 143, 145, -1,
      140, 141, 146, -1,
      146, 141, 147, -1,
      146, 147, 148, -1,
      148, 147, 149, -1,
      148, 149, 150, -1,
      150, 149, 151, -1,
      150, 151, 152, -1,
      152, 151, 153, -1,
      152, 153, 154, -1,
      154, 153, 155, -1,
      154, 155, 156, -1,
      156, 155, 157, -1,
      158, 159, 160, -1,
      158, 160, 161, -1,
      161, 160, 162, -1,
      161, 162, 163, -1,
      163, 162, 164, -1,
      163, 164, 165, -1,
      165, 164, 166, -1,
      165, 166, 167, -1,
      167, 166, 168, -1,
      167, 168, 169, -1,
      169, 168, 143, -1,
      169, 143, 142, -1,
      170, 4, 171, -1,
      171, 4, 5, -1,
      156, 157, 172, -1,
      172, 157, 6, -1,
      172, 6, 170, -1,
      170, 6, 4, -1,
      171, 5, 173, -1,
      173, 5, 11, -1,
      173, 11, 158, -1,
      158, 11, 159, -1,
      174, 175, 176, -1,
      176, 175, 177, -1,
      178, 179, 180, -1,
      180, 179, 181, -1,
      175, 174, 182, -1,
      182, 174, 183, -1,
      182, 183, 184, -1,
      184, 183, 185, -1,
      184, 185, 186, -1,
      186, 185, 187, -1,
      186, 187, 188, -1,
      188, 187, 189, -1,
      188, 189, 190, -1,
      190, 189, 191, -1,
      190, 191, 192, -1,
      192, 191, 193, -1,
      194, 195, 196, -1,
      194, 196, 197, -1,
      197, 196, 198, -1,
      197, 198, 199, -1,
      199, 198, 200, -1,
      199, 200, 201, -1,
      201, 200, 202, -1,
      201, 202, 203, -1,
      203, 202, 204, -1,
      203, 204, 205, -1,
      205, 204, 180, -1,
      205, 180, 181, -1,
      206, 52, 207, -1,
      207, 52, 50, -1,
      207, 50, 193, -1,
      193, 50, 192, -1,
      208, 57, 206, -1,
      206, 57, 52, -1,
      195, 194, 209, -1,
      209, 194, 51, -1,
      209, 51, 208, -1,
      208, 51, 57, -1,
    ]
  }
}

Shape {
  appearance Appearance {
    material Material {
      diffuseColor 0.2235 0.2235 0.2235
      specularColor 0.0667 0.0667 0.0667
      ambientIntensity 0.2
      transparency 0.0000
      shininess 0.5
    }
  }
  geometry IndexedFaceSet {
    ccw TRUE
    solid FALSE
    coord DEF co Coordinate {
      point [
        -0.852362 1.279528 0.590551,
        -0.852362 1.279528 0.708661,
        0.852362 1.279528 0.590551,
        1.295276 1.279528 0.590551,
        0.852362 1.279528 0.708661,
        1.295276 1.279528 0.708661,
        1.397638 1.279528 0.708661,
        1.397638 1.279528 0.590551,
        0.295276 1.279528 0.590551,
        0.295276 1.279528 0.708661,
        -0.295276 1.279528 0.590551,
        -0.295276 1.279528 0.708661,
      ]
    }
    coordIndex [
      5, 6, 3, -1,
      3, 6, 7, -1,
      2, 8, 4, -1,
      4, 8, 9, -1,
      10, 0, 11, -1,
      11, 0, 1, -1,
    ]
  }
}

Shape {
  appearance Appearance {
    material Material {
      diffuseColor 0.8510 0.8510 0.8510
      specularColor 0.4235 0.4235 0.4235
      ambientIntensity 0.2
      transparency 0.0000
      shininess 0.5
    }
  }
  geometry IndexedFaceSet {
    ccw TRUE
    solid FALSE
    coord DEF co Coordinate {
      point [
        -0.704724 -1.523340 0.157480,
        -0.704724 -1.533574 0.083396,
        -0.704724 -1.404108 0.157480,
        -0.704724 -1.416574 0.067234,
        0.704724 -1.404108 0.157480,
        0.704724 -1.416574 0.067234,
        0.704724 -1.523340 0.157480,
        0.704724 -1.533574 0.083396,
      ]
    }
    coordIndex [
      0, 1, 2, -1,
      2, 1, 3, -1,
      4, 5, 6, -1,
      6, 5, 7, -1,
    ]
  }
}

Shape {
  appearance Appearance {
    material Material {
      diffuseColor 0.2235 0.2235 0.2235
      specularColor 0.0667 0.0667 0.0667
      ambientIntensity 0.2
      transparency 0.0000
      shininess 0.5
    }
  }
  geometry IndexedFaceSet {
    ccw TRUE
    solid FALSE
    coord DEF co Coordinate {
      point [
        -0.852362 1.279528 0.590551,
        -1.295276 1.279528 0.590551,
        -0.852362 1.279528 0.708661,
        -1.295276 1.279528 0.708661,
        0.852362 1.279528 0.590551,
        1.295276 1.279528 0.590551,
        0.852362 1.279528 0.708661,
        1.295276 1.279528 0.708661,
        1.397638 1.279528 0.708661,
        1.397638 1.279528 0.590551,
        0.295276 1.279528 0.590551,
        0.295276 1.279528 0.708661,
        -0.295276 1.279528 0.590551,
        -0.295276 1.279528 0.708661,
        0.852362 -1.279528 0.708661,
        0.295276 -1.279528 0.708661,
        0.852362 -1.279528 0.590551,
        0.295276 -1.279528 0.590551,
        -0.295276 -1.279528 0.708661,
        -0.852362 -1.279528 0.708661,
        -0.295276 -1.279528 0.590551,
        -0.852362 -1.279528 0.590551,
        -1.295276 -1.279528 0.708661,
        -1.397638 -1.279528 0.708661,
        -1.295276 -1.279528 0.590551,
        -1.397638 -1.279528 0.590551,
        0.337061 0.180891 0.000000,
        0.375828 0.176538 0.000000,
        0.251919 -0.114692 0.000000,
        0.772998 -0.174400 0.000000,
        0.376343 -0.176800 0.000000,
        0.571346 -0.174400 0.000000,
        0.401708 -0.174170 0.000000,
        0.439936 -0.161003 0.000000,
        0.516938 0.115652 0.000000,
        0.493850 0.152456 0.000000,
        0.720184 0.219301 0.000000,
        0.289209 0.174674 0.000000,
        0.244863 -0.110783 0.000000,
        0.244863 0.155685 0.000000,
        0.206453 1.172185 0.000000,
        0.244863 0.208498 0.000000,
        0.405296 0.165903 0.000000,
        0.432546 0.147673 0.000000,
        0.456321 0.121426 0.000000,
        0.484924 0.018250 0.000000,
        0.480938 -0.024370 0.000000,
        0.470242 -0.058235 0.000000,
        0.382635 -0.131870 0.000000,
        0.345913 -0.135990 0.000000,
        0.411322 -0.121310 0.000000,
        0.435484 -0.105024 0.000000,
        0.453959 -0.085534 0.000000,
        0.293653 -0.130189 0.000000,
        0.472552 0.091029 0.000000,
        0.483046 0.048882 0.000000,
        0.471600 -0.140761 0.000000,
        0.501154 -0.109617 0.000000,
        0.571346 -0.131189 0.000000,
        0.522111 -0.072174 0.000000,
        0.720184 -0.131189 0.000000,
        0.458292 0.186634 0.000000,
        0.420893 0.208146 0.000000,
        0.377002 0.220883 0.000000,
        0.533944 -0.030494 0.000000,
        0.537738 0.015024 0.000000,
        0.532159 0.070604 0.000000,
        0.337511 0.224102 0.000000,
        0.290381 0.220850 0.000000,
        0.244863 -0.153994 0.000000,
        0.286829 -0.171226 0.000000,
        0.206453 -0.176800 0.000000,
        0.326611 -0.176800 0.000000,
        0.206453 -1.172185 0.000000,
        0.342426 -0.179016 0.000000,
        0.353191 -0.179201 0.000000,
        0.772998 0.219301 0.000000,
        1.329666 1.172185 0.000000,
        1.329666 -0.176800 0.000000,
        1.329666 -1.172185 0.000000,
        -0.043211 -0.174400 0.000000,
        0.168043 -0.174400 0.000000,
        0.168043 0.219301 0.000000,
        -0.417286 -0.066426 0.000000,
        -0.394725 -0.101648 0.000000,
        -0.465719 -0.174400 0.000000,
        -0.362333 -0.132688 0.000000,
        -0.033609 0.219301 0.000000,
        -1.329666 1.172185 0.000000,
        -0.321251 -0.156588 0.000000,
        -0.275889 -0.170131 0.000000,
        -0.227083 -0.174400 0.000000,
        0.115230 0.176090 0.000000,
        0.115230 0.046457 0.000000,
        -0.033609 0.176090 0.000000,
        -0.024006 0.046457 0.000000,
        -0.120031 0.219301 0.000000,
        -0.024006 0.003246 0.000000,
        0.115230 0.003246 0.000000,
        0.115230 -0.131189 0.000000,
        -0.043211 -0.131189 0.000000,
        -0.120031 -0.174400 0.000000,
        -0.287745 0.213283 0.000000,
        -0.333654 0.197256 0.000000,
        -0.614557 0.219301 0.000000,
        -0.376641 0.168580 0.000000,
        -0.231134 0.219301 0.000000,
        -1.329666 -0.176800 0.000000,
        -0.821010 -0.174400 0.000000,
        -0.763395 -0.174400 0.000000,
        -0.378195 0.167209 0.000000,
        -0.405737 0.136302 0.000000,
        -0.423831 0.102335 0.000000,
        -0.667371 0.219301 0.000000,
        -0.434207 0.063494 0.000000,
        -0.436912 0.027402 0.000000,
        -0.431387 -0.025287 0.000000,
        -0.523334 -0.174400 0.000000,
        -0.723560 -0.063971 0.000000,
        -0.560919 -0.063971 0.000000,
        -1.329666 -1.172185 0.000000,
        1.003319 -1.172185 1.299213,
        1.329666 -1.172185 1.299213,
        1.329666 -1.073760 1.299213,
        -0.146437 -0.107182 1.299213,
        -0.096024 -0.107182 1.299213,
        -0.096024 0.108873 1.299213,
        0.007052 -0.025561 1.299213,
        -0.043211 -0.025561 1.299213,
        -0.043211 -0.107182 1.299213,
        0.673232 -0.082467 1.299213,
        0.664578 -0.107182 1.299213,
        1.003319 -0.107182 1.299213,
        0.488579 0.108873 1.299213,
        1.003319 0.108873 1.299213,
        0.652967 0.165287 1.299213,
        0.652967 0.208498 1.299213,
        1.003319 1.172185 1.299213,
        0.643551 0.213700 1.299213,
        0.541606 0.170459 1.299213,
        0.522154 0.157252 1.299213,
        0.503026 0.135784 1.299213,
        0.442741 0.118378 1.299213,
        0.468367 0.164193 1.299213,
        0.388900 1.172185 1.299213,
        0.493945 0.191514 1.299213,
        0.521201 0.209467 1.299213,
        0.621215 0.176941 1.299213,
        0.587626 0.180891 1.299213,
        0.562251 0.178026 1.299213,
        0.553999 0.220818 1.299213,
        0.586650 0.224102 1.299213,
        0.620973 0.220957 1.299213,
        0.455315 -0.130719 1.299213,
        0.442715 -0.107182 1.299213,
        0.388900 -0.107182 1.299213,
        0.438472 -0.099259 1.299213,
        0.425710 -0.049344 1.299213,
        0.422508 -0.000880 1.299213,
        0.388900 0.108873 1.299213,
        0.427230 0.061263 1.299213,
        0.440159 0.108873 1.299213,
        0.517612 -0.175019 1.299213,
        0.494236 -0.165839 1.299213,
        0.388900 -0.380417 1.299213,
        0.472826 -0.150628 1.299213,
        0.647487 -0.135390 1.299213,
        0.627315 -0.154915 1.299213,
        1.003319 -0.380417 1.299213,
        0.663228 -0.111039 1.299213,
        0.604656 -0.168504 1.299213,
        0.577754 -0.176855 1.299213,
        0.551391 -0.179201 1.299213,
        0.638356 0.049470 1.299213,
        0.655323 0.030451 1.299213,
        0.472246 0.019150 1.299213,
        0.473521 0.019150 1.299213,
        0.475277 0.060998 1.299213,
        0.487927 0.041485 1.299213,
        0.487196 0.106297 1.299213,
        0.503831 0.056864 1.299213,
        0.522642 0.067664 1.299213,
        0.543231 0.073561 1.299213,
        0.563694 0.075264 1.299213,
        0.593242 0.072130 1.299213,
        0.616691 0.063985 1.299213,
        0.667885 0.006709 1.299213,
        0.675665 -0.024941 1.299213,
        0.676973 -0.046867 1.299213,
        0.148838 0.101446 1.299213,
        0.145040 0.068297 1.299213,
        0.177645 0.108873 1.299213,
        0.177645 -0.107182 1.299213,
        0.135718 0.042967 1.299213,
        0.119676 0.019448 1.299213,
        0.148671 0.108377 1.299213,
        0.096198 -0.001416 1.299213,
        0.067251 -0.016546 1.299213,
        0.035943 -0.024240 1.299213,
        -0.146437 1.172185 1.299213,
        -0.146437 0.108873 1.299213,
        -0.096024 0.219301 1.299213,
        0.135372 0.161865 1.299213,
        0.144056 0.139774 1.299213,
        0.148598 0.108873 1.299213,
        0.053670 0.216077 1.299213,
        0.083667 0.207302 1.299213,
        0.177645 1.172185 1.299213,
        0.106817 0.194307 1.299213,
        0.121208 0.181587 1.299213,
        0.015304 0.219301 1.299213,
        -0.096024 -0.174400 1.299213,
        -0.146437 -0.380417 1.299213,
        -0.043211 -0.174400 1.299213,
        0.177645 -0.380417 1.299213,
        -0.691240 -0.107182 1.299213,
        -0.691240 -0.380417 1.299213,
        -0.643365 -0.174400 1.299213,
        -0.401062 -0.132688 1.299213,
        -0.288074 -0.380417 1.299213,
        -0.374446 -0.107182 1.299213,
        -0.288074 -0.107182 1.299213,
        -0.368670 -0.101648 1.299213,
        -0.442145 -0.156588 1.299213,
        -0.487506 -0.170131 1.299213,
        -0.536312 -0.174400 1.299213,
        -0.326483 0.027402 1.299213,
        -0.332008 -0.025287 1.299213,
        -0.346110 -0.066426 1.299213,
        -0.357659 0.136302 1.299213,
        -0.343047 0.108873 1.299213,
        -0.288074 0.108873 1.299213,
        -0.339565 0.102335 1.299213,
        -0.329189 0.063494 1.299213,
        -0.643365 0.219301 1.299213,
        -0.532261 0.219301 1.299213,
        -0.288074 1.172185 1.299213,
        -0.475651 0.213283 1.299213,
        -0.429742 0.197256 1.299213,
        -0.386755 0.168580 1.299213,
        -0.385200 0.167209 1.299213,
        -0.691240 1.172185 1.299213,
        -0.691240 0.108873 1.299213,
        -0.643365 0.108873 1.299213,
        -0.643365 -0.107182 1.299213,
        -0.249664 0.108873 1.299213,
        -0.249664 0.219301 1.299213,
        -0.249664 -0.107182 1.299213,
        -0.196850 -0.107182 1.299213,
        -0.196850 -0.174400 1.299213,
        -0.249664 -0.174400 1.299213,
        -0.196850 0.219301 1.299213,
        -0.196850 0.108873 1.299213,
        1.003319 -1.073760 1.299213,
        0.388900 -1.172185 1.299213,
        0.388900 -1.073760 1.299213,
        0.177645 -1.172185 1.299213,
        0.177645 -1.073760 1.299213,
        -0.146437 -1.172185 1.299213,
        -0.146437 -1.073760 1.299213,
        -0.288074 -1.172185 1.299213,
        -0.288074 -1.073760 1.299213,
        -0.691240 -1.172185 1.299213,
        -0.691240 -1.073760 1.299213,
        -1.329666 -1.172185 1.299213,
        -1.329666 -1.073760 1.299213,
        -0.739115 -0.778485 1.299213,
        -0.745822 -0.829433 1.299213,
        -0.765487 -0.876910 1.299213,
        -0.796770 -0.917679 1.299213,
        -0.837540 -0.948962 1.299213,
        -1.034390 -0.948962 1.299213,
        -1.075159 -0.917679 1.299213,
        -1.106443 -0.876910 1.299213,
        -1.126107 -0.829433 1.299213,
        -1.132815 -0.778485 1.299213,
        -1.329666 -0.380417 1.299213,
        -1.126107 -0.727536 1.299213,
        -1.106443 -0.680059 1.299213,
        -1.075159 -0.639290 1.299213,
        -1.034390 -0.608007 1.299213,
        -0.986913 -0.588342 1.299213,
        -0.885016 -0.968628 1.299213,
        -0.935965 -0.975335 1.299213,
        -0.986913 -0.968628 1.299213,
        -0.935965 -0.581634 1.299213,
        -0.885016 -0.588342 1.299213,
        -0.837540 -0.608007 1.299213,
        -0.796770 -0.639290 1.299213,
        -0.765487 -0.680059 1.299213,
        -0.745822 -0.727536 1.299213,
        0.206453 -0.039965 1.299213,
        0.206453 -0.001556 1.299213,
        0.355291 -0.039965 1.299213,
        0.355291 -0.001556 1.299213,
        -1.329666 -0.107182 1.299213,
        -1.329666 0.108873 1.299213,
        -1.329666 1.172185 1.299213,
        1.329666 -0.380417 1.299213,
        1.329666 -0.107182 1.299213,
        1.329666 0.108873 1.299213,
        1.329666 1.172185 1.299213,
        1.437008 -1.240157 0.590551,
        1.437008 1.240157 0.590551,
        1.437008 -1.240157 0.708661,
        1.437008 1.240157 0.708661,
        -1.397638 1.279528 0.590551,
        -1.397638 1.279528 0.708661,
        -1.437008 -1.240157 0.708661,
        -1.437008 1.240157 0.708661,
        -1.437008 -1.240157 0.590551,
        -1.437008 1.240157 0.590551,
        1.295276 -1.279528 0.590551,
        1.397638 -1.279528 0.590551,
        1.295276 -1.279528 0.708661,
        1.397638 -1.279528 0.708661,
        1.329666 1.211262 1.264641,
        1.397930 1.279526 0.708670,
        -1.329666 1.211262 1.264641,
        -1.397930 1.279526 0.708670,
        -1.437007 -1.240450 0.708670,
        -1.368742 -1.172185 1.264641,
        -1.368742 1.172185 1.264641,
        -1.437007 1.240450 0.708670,
        1.437007 1.240450 0.708670,
        1.368742 1.172185 1.264641,
        1.368742 -1.172185 1.264641,
        1.437007 -1.240450 0.708670,
        -1.329666 -1.211262 1.264641,
        -1.397930 -1.279526 0.708670,
        1.329666 -1.211262 1.264641,
        1.397930 -1.279526 0.708670,
        -1.329666 -1.211262 0.034572,
        -1.397930 -1.279526 0.590543,
        1.329666 -1.211262 0.034572,
        1.397930 -1.279526 0.590543,
        1.437007 -1.240450 0.590543,
        1.368742 -1.172185 0.034572,
        1.368742 1.172185 0.034572,
        1.437007 1.240450 0.590543,
        -1.437007 1.240450 0.590543,
        -1.368742 1.172185 0.034572,
        -1.368742 -1.172185 0.034572,
        -1.437007 -1.240450 0.590543,
        1.329666 1.211262 0.034572,
        1.397930 1.279526 0.590543,
        -1.329666 1.211262 0.034572,
        -1.397930 1.279526 0.590543,
        1.329666 1.209082 1.273578,
        -1.329666 1.209082 1.273578,
        1.329666 1.208952 1.273829,
        -1.329666 1.208952 1.273829,
        1.329666 1.204696 1.282048,
        -1.329666 1.204696 1.282048,
        1.329666 1.204546 1.282219,
        -1.329666 1.204546 1.282219,
        1.329666 1.198400 1.289215,
        -1.329666 1.198400 1.289215,
        1.329666 1.198261 1.289312,
        -1.329666 1.198261 1.289312,
        1.329666 1.190567 1.294658,
        -1.329666 1.190567 1.294658,
        1.329666 1.190461 1.294698,
        -1.329666 1.190461 1.294698,
        1.329666 1.181654 1.298057,
        -1.329666 1.181654 1.298057,
        1.329666 1.181598 1.298064,
        -1.329666 1.181598 1.298064,
        1.336900 1.203880 1.282048,
        1.335499 1.197743 1.289215,
        1.333756 1.190106 1.294658,
        1.331772 1.181417 1.298057,
        1.333774 1.180716 1.298057,
        1.338196 1.176294 1.298057,
        1.337069 1.178089 1.298057,
        1.338897 1.174292 1.298057,
        1.338311 1.210006 1.265548,
        1.337876 1.208157 1.273578,
        1.339687 1.209806 1.265693,
        1.345674 1.205428 1.273578,
        1.346420 1.206947 1.266168,
        1.349038 1.205835 1.266353,
        1.352670 1.201032 1.273578,
        1.353660 1.202266 1.266482,
        1.357094 1.199614 1.266578,
        1.358513 1.195190 1.273578,
        1.359746 1.196180 1.266482,
        1.363315 1.191558 1.266353,
        1.362908 1.188194 1.273578,
        1.364428 1.188940 1.266168,
        1.367287 1.182207 1.265693,
        1.365637 1.180396 1.273578,
        1.367487 1.180831 1.265548,
        1.366562 1.172185 1.273578,
        1.339078 1.172185 1.298064,
        1.341126 1.186557 1.294658,
        1.344037 1.183646 1.294658,
        1.346227 1.180161 1.294658,
        1.347586 1.176276 1.294658,
        1.337641 1.188746 1.294658,
        1.335569 1.179588 1.298057,
        1.339134 1.172185 1.298057,
        1.347941 1.172185 1.294698,
        1.348047 1.172185 1.294658,
        1.355741 1.172185 1.289312,
        1.341040 1.195804 1.289215,
        1.346011 1.192681 1.289215,
        1.350161 1.188530 1.289215,
        1.353285 1.183560 1.289215,
        1.355224 1.178019 1.289215,
        1.343771 1.201476 1.282048,
        1.349935 1.197603 1.282048,
        1.355083 1.192455 1.282048,
        1.358956 1.186291 1.282048,
        1.361361 1.179419 1.282048,
        1.355881 1.172185 1.289215,
        1.362026 1.172185 1.282219,
        1.362176 1.172185 1.282048,
        1.366432 1.172185 1.273829,
        -1.366432 1.172185 1.273829,
        -1.362176 1.172185 1.282048,
        -1.361361 1.179419 1.282048,
        -1.362026 1.172185 1.282219,
        -1.355881 1.172185 1.289215,
        -1.355224 1.178019 1.289215,
        -1.347586 1.176276 1.294658,
        -1.338897 1.174292 1.298057,
        -1.338196 1.176294 1.298057,
        -1.333774 1.180716 1.298057,
        -1.335569 1.179588 1.298057,
        -1.331772 1.181417 1.298057,
        -1.339078 1.172185 1.298064,
        -1.367487 1.180831 1.265548,
        -1.365637 1.180396 1.273578,
        -1.367287 1.182207 1.265693,
        -1.362908 1.188194 1.273578,
        -1.364428 1.188940 1.266168,
        -1.363315 1.191558 1.266353,
        -1.358513 1.195190 1.273578,
        -1.359746 1.196180 1.266482,
        -1.357094 1.199614 1.266578,
        -1.352670 1.201032 1.273578,
        -1.353660 1.202266 1.266482,
        -1.349038 1.205835 1.266353,
        -1.345674 1.205428 1.273578,
        -1.346420 1.206947 1.266168,
        -1.339687 1.209806 1.265693,
        -1.337876 1.208157 1.273578,
        -1.338311 1.210006 1.265548,
        -1.355741 1.172185 1.289312,
        -1.348047 1.172185 1.294658,
        -1.347941 1.172185 1.294698,
        -1.339134 1.172185 1.298057,
        -1.344037 1.183646 1.294658,
        -1.341126 1.186557 1.294658,
        -1.337641 1.188746 1.294658,
        -1.333756 1.190106 1.294658,
        -1.346227 1.180161 1.294658,
        -1.337069 1.178089 1.298057,
        -1.353285 1.183560 1.289215,
        -1.350161 1.188530 1.289215,
        -1.346011 1.192681 1.289215,
        -1.341040 1.195804 1.289215,
        -1.335499 1.197743 1.289215,
        -1.358956 1.186291 1.282048,
        -1.355083 1.192455 1.282048,
        -1.349935 1.197603 1.282048,
        -1.343771 1.201476 1.282048,
        -1.336900 1.203880 1.282048,
        -1.366562 1.172185 1.273578,
        1.339078 -1.172185 1.298064,
        1.339134 -1.172185 1.298057,
        1.347941 -1.172185 1.294698,
        1.348047 -1.172185 1.294658,
        1.355741 -1.172185 1.289312,
        1.355881 -1.172185 1.289215,
        1.362026 -1.172185 1.282219,
        1.362176 -1.172185 1.282048,
        1.366432 -1.172185 1.273829,
        1.366562 -1.172185 1.273578,
        1.435842 1.248893 0.709114,
        1.435615 1.250535 0.709200,
        1.406374 1.278362 0.709114,
        1.408016 1.278135 0.709200,
        1.421987 1.270681 0.709597,
        1.417407 1.274204 0.709533,
        1.414613 1.275374 0.709434,
        1.432854 1.257133 0.709434,
        1.431684 1.259927 0.709533,
        1.428161 1.264506 0.709597,
        1.425477 1.267996 0.709646,
        -1.435642 1.250344 0.709190,
        -1.435615 1.250535 0.709200,
        -1.431722 1.259838 0.709530,
        -1.431684 1.259927 0.709533,
        -1.425477 1.267996 0.709646,
        -1.417407 1.274204 0.709533,
        -1.417318 1.274241 0.709530,
        -1.408016 1.278135 0.709200,
        -1.407824 1.278162 0.709190,
        -1.339078 -1.172185 1.298064,
        -1.339134 -1.172185 1.298057,
        -1.347941 -1.172185 1.294698,
        -1.348047 -1.172185 1.294658,
        -1.355741 -1.172185 1.289312,
        -1.355881 -1.172185 1.289215,
        -1.362026 -1.172185 1.282219,
        -1.362176 -1.172185 1.282048,
        -1.366432 -1.172185 1.273829,
        -1.366562 -1.172185 1.273578,
        -1.329666 -1.209082 1.273578,
        1.329666 -1.209082 1.273578,
        -1.329666 -1.208952 1.273829,
        1.329666 -1.208952 1.273829,
        -1.329666 -1.204696 1.282048,
        1.329666 -1.204696 1.282048,
        -1.329666 -1.204546 1.282219,
        1.329666 -1.204546 1.282219,
        -1.329666 -1.198400 1.289215,
        1.329666 -1.198400 1.289215,
        -1.329666 -1.198261 1.289312,
        1.329666 -1.198261 1.289312,
        -1.329666 -1.190567 1.294658,
        1.329666 -1.190567 1.294658,
        -1.329666 -1.190461 1.294698,
        1.329666 -1.190461 1.294698,
        -1.329666 -1.181654 1.298057,
        1.329666 -1.181654 1.298057,
        -1.329666 -1.181598 1.298064,
        1.329666 -1.181598 1.298064,
        1.361361 -1.179419 1.282048,
        1.355224 -1.178019 1.289215,
        1.347586 -1.176276 1.294658,
        1.338897 -1.174292 1.298057,
        1.338196 -1.176294 1.298057,
        1.333774 -1.180716 1.298057,
        1.335569 -1.179588 1.298057,
        1.331772 -1.181417 1.298057,
        1.367487 -1.180831 1.265548,
        1.365637 -1.180396 1.273578,
        1.367287 -1.182207 1.265693,
        1.362908 -1.188194 1.273578,
        1.364428 -1.188940 1.266168,
        1.363315 -1.191558 1.266353,
        1.358513 -1.195190 1.273578,
        1.359746 -1.196180 1.266482,
        1.357094 -1.199614 1.266578,
        1.352670 -1.201032 1.273578,
        1.353660 -1.202266 1.266482,
        1.349038 -1.205835 1.266353,
        1.345674 -1.205428 1.273578,
        1.346420 -1.206947 1.266168,
        1.339687 -1.209806 1.265693,
        1.337876 -1.208157 1.273578,
        1.338311 -1.210006 1.265548,
        1.344037 -1.183646 1.294658,
        1.341126 -1.186557 1.294658,
        1.337641 -1.188746 1.294658,
        1.333756 -1.190106 1.294658,
        1.346227 -1.180161 1.294658,
        1.337069 -1.178089 1.298057,
        1.353285 -1.183560 1.289215,
        1.350161 -1.188530 1.289215,
        1.346011 -1.192681 1.289215,
        1.341040 -1.195804 1.289215,
        1.335499 -1.197743 1.289215,
        1.358956 -1.186291 1.282048,
        1.355083 -1.192455 1.282048,
        1.349935 -1.197603 1.282048,
        1.343771 -1.201476 1.282048,
        1.336900 -1.203880 1.282048,
        1.435842 1.248893 0.590099,
        1.435615 1.250535 0.590013,
        1.432854 1.257133 0.589779,
        1.431684 1.259927 0.589680,
        1.428161 1.264506 0.589615,
        1.425477 1.267996 0.589567,
        1.421987 1.270681 0.589615,
        1.417407 1.274204 0.589680,
        1.414613 1.275374 0.589779,
        1.408016 1.278135 0.590013,
        1.406374 1.278362 0.590099,
        -1.407824 1.278162 0.590022,
        -1.408016 1.278135 0.590013,
        -1.417318 1.274241 0.589683,
        -1.417407 1.274204 0.589680,
        -1.425477 1.267996 0.589567,
        -1.431684 1.259927 0.589680,
        -1.431722 1.259838 0.589683,
        -1.435615 1.250535 0.590013,
        -1.435642 1.250344 0.590022,
        -1.336451 -1.197507 1.289215,
        -1.334423 -1.189941 1.294658,
        -1.332116 -1.181331 1.298057,
        -1.334400 -1.180385 1.298057,
        -1.337866 -1.176920 1.298057,
        -1.336361 -1.178881 1.298057,
        -1.338812 -1.174636 1.298057,
        -1.339215 -1.207824 1.273578,
        -1.339739 -1.209784 1.265696,
        -1.339687 -1.209806 1.265693,
        -1.349038 -1.205835 1.266353,
        -1.348114 -1.204139 1.273578,
        -1.349076 -1.205806 1.266354,
        -1.355756 -1.198275 1.273578,
        -1.357094 -1.199614 1.266578,
        -1.361619 -1.190633 1.273578,
        -1.363287 -1.191595 1.266354,
        -1.363315 -1.191558 1.266353,
        -1.365305 -1.181735 1.273578,
        -1.367265 -1.182259 1.265696,
        -1.367287 -1.182207 1.265693,
        -1.338856 -1.188104 1.294658,
        -1.342663 -1.185183 1.294658,
        -1.345585 -1.181376 1.294658,
        -1.347421 -1.176943 1.294658,
        -1.342773 -1.194889 1.289215,
        -1.348203 -1.190722 1.289215,
        -1.352369 -1.185293 1.289215,
        -1.354988 -1.178970 1.289215,
        -1.338080 -1.203588 1.282048,
        -1.345921 -1.200340 1.282048,
        -1.352654 -1.195173 1.282048,
        -1.357820 -1.188441 1.282048,
        -1.361068 -1.180600 1.282048,
        1.406374 -1.278362 0.709114,
        1.408016 -1.278135 0.709200,
        1.435842 -1.248893 0.709114,
        1.435615 -1.250535 0.709200,
        1.428161 -1.264506 0.709597,
        1.431684 -1.259927 0.709533,
        1.432854 -1.257133 0.709434,
        1.414613 -1.275374 0.709434,
        1.417407 -1.274204 0.709533,
        1.421987 -1.270681 0.709597,
        1.425477 -1.267996 0.709646,
        1.367287 1.182207 0.033520,
        1.367265 1.182259 0.033517,
        1.363315 1.191558 0.032860,
        1.363287 1.191595 0.032859,
        1.357094 1.199614 0.032635,
        1.349076 1.205806 0.032859,
        1.349038 1.205835 0.032860,
        1.339739 1.209784 0.033517,
        1.339687 1.209806 0.033520,
        -1.329666 1.181598 0.001149,
        1.329666 1.181598 0.001149,
        1.329666 1.181654 0.001156,
        -1.329666 1.181654 0.001156,
        1.329666 1.190461 0.004514,
        -1.329666 1.190461 0.004514,
        1.329666 1.190567 0.004555,
        -1.329666 1.190567 0.004555,
        1.329666 1.198261 0.009900,
        -1.329666 1.198261 0.009900,
        1.329666 1.198400 0.009997,
        -1.329666 1.198400 0.009997,
        1.329666 1.204546 0.016994,
        -1.329666 1.204546 0.016994,
        1.329666 1.204696 0.017164,
        -1.329666 1.204696 0.017164,
        1.329666 1.208952 0.025383,
        -1.329666 1.208952 0.025383,
        1.329666 1.209082 0.025635,
        -1.329666 1.209082 0.025635,
        -1.339687 1.209806 0.033520,
        -1.339739 1.209784 0.033517,
        -1.349038 1.205835 0.032860,
        -1.349076 1.205806 0.032859,
        -1.357094 1.199614 0.032635,
        -1.363287 1.191595 0.032859,
        -1.363315 1.191558 0.032860,
        -1.367265 1.182259 0.033517,
        -1.367287 1.182207 0.033520,
        -1.406374 -1.278362 0.709114,
        -1.417407 -1.274204 0.709533,
        -1.414613 -1.275374 0.709434,
        -1.408016 -1.278135 0.709200,
        -1.425477 -1.267996 0.709646,
        -1.421987 -1.270681 0.709597,
        -1.428161 -1.264506 0.709597,
        -1.431684 -1.259927 0.709533,
        -1.432854 -1.257133 0.709434,
        -1.435615 -1.250535 0.709200,
        -1.435842 -1.248893 0.709114,
        1.406374 -1.278362 0.590099,
        1.408016 -1.278135 0.590013,
        1.414613 -1.275374 0.589779,
        1.417407 -1.274204 0.589680,
        1.421987 -1.270681 0.589615,
        1.425477 -1.267996 0.589567,
        1.428161 -1.264506 0.589615,
        1.431684 -1.259927 0.589680,
        1.432854 -1.257133 0.589779,
        1.435615 -1.250535 0.590013,
        1.435842 -1.248893 0.590099,
        1.339078 1.172185 0.001149,
        1.338812 1.174636 0.001156,
        1.334423 1.189941 0.004555,
        1.336451 1.197507 0.009997,
        1.338080 1.203588 0.017164,
        1.339215 1.207824 0.025635,
        1.348114 1.204139 0.025635,
        1.366562 1.172185 0.025635,
        1.365305 1.181735 0.025635,
        1.366432 1.172185 0.025383,
        1.361068 1.180600 0.017164,
        1.345921 1.200340 0.017164,
        1.355756 1.198275 0.025635,
        1.362176 1.172185 0.017164,
        1.362026 1.172185 0.016994,
        1.354988 1.178970 0.009997,
        1.342773 1.194889 0.009997,
        1.352654 1.195173 0.017164,
        1.355881 1.172185 0.009997,
        1.355741 1.172185 0.009900,
        1.347421 1.176943 0.004555,
        1.348203 1.190722 0.009997,
        1.338856 1.188104 0.004555,
        1.332116 1.181331 0.001156,
        1.361619 1.190633 0.025635,
        1.357820 1.188441 0.017164,
        1.352369 1.185293 0.009997,
        1.345585 1.181376 0.004555,
        1.337866 1.176920 0.001156,
        1.342663 1.185183 0.004555,
        1.334400 1.180385 0.001156,
        1.336361 1.178881 0.001156,
        1.348047 1.172185 0.004555,
        1.347941 1.172185 0.004514,
        1.339134 1.172185 0.001156,
        -1.332116 1.181331 0.001156,
        -1.347941 1.172185 0.004514,
        -1.348047 1.172185 0.004555,
        -1.347421 1.176943 0.004555,
        -1.355741 1.172185 0.009900,
        -1.355881 1.172185 0.009997,
        -1.354988 1.178970 0.009997,
        -1.361068 1.180600 0.017164,
        -1.365305 1.181735 0.025635,
        -1.361619 1.190633 0.025635,
        -1.339215 1.207824 0.025635,
        -1.366562 1.172185 0.025635,
        -1.366432 1.172185 0.025383,
        -1.362176 1.172185 0.017164,
        -1.362026 1.172185 0.016994,
        -1.338080 1.203588 0.017164,
        -1.357820 1.188441 0.017164,
        -1.355756 1.198275 0.025635,
        -1.336451 1.197507 0.009997,
        -1.352369 1.185293 0.009997,
        -1.352654 1.195173 0.017164,
        -1.334423 1.189941 0.004555,
        -1.348203 1.190722 0.009997,
        -1.345585 1.181376 0.004555,
        -1.338812 1.174636 0.001156,
        -1.348114 1.204139 0.025635,
        -1.345921 1.200340 0.017164,
        -1.342773 1.194889 0.009997,
        -1.338856 1.188104 0.004555,
        -1.334400 1.180385 0.001156,
        -1.339078 1.172185 0.001149,
        -1.339134 1.172185 0.001156,
        -1.342663 1.185183 0.004555,
        -1.337866 1.176920 0.001156,
        -1.336361 1.178881 0.001156,
        -1.435842 -1.248893 0.590099,
        -1.435615 -1.250535 0.590013,
        -1.432854 -1.257133 0.589779,
        -1.431684 -1.259927 0.589680,
        -1.428161 -1.264506 0.589615,
        -1.425477 -1.267996 0.589567,
        -1.421987 -1.270681 0.589615,
        -1.417407 -1.274204 0.589680,
        -1.414613 -1.275374 0.589779,
        -1.408016 -1.278135 0.590013,
        -1.406374 -1.278362 0.590099,
        1.357094 -1.199614 0.032635,
        1.339687 -1.209806 0.033520,
        1.339739 -1.209784 0.033517,
        1.349038 -1.205835 0.032860,
        1.349076 -1.205806 0.032859,
        1.363287 -1.191595 0.032859,
        1.363315 -1.191558 0.032860,
        1.367265 -1.182259 0.033517,
        1.367287 -1.182207 0.033520,
        1.339078 -1.172185 0.001149,
        1.339134 -1.172185 0.001156,
        1.347941 -1.172185 0.004514,
        1.348047 -1.172185 0.004555,
        1.355741 -1.172185 0.009900,
        1.355881 -1.172185 0.009997,
        1.362026 -1.172185 0.016994,
        1.362176 -1.172185 0.017164,
        1.366432 -1.172185 0.025383,
        1.366562 -1.172185 0.025635,
        -1.339078 -1.172185 0.001149,
        -1.366562 -1.172185 0.025635,
        -1.366432 -1.172185 0.025383,
        -1.362176 -1.172185 0.017164,
        -1.362026 -1.172185 0.016994,
        -1.355881 -1.172185 0.009997,
        -1.355741 -1.172185 0.009900,
        -1.348047 -1.172185 0.004555,
        -1.347941 -1.172185 0.004514,
        -1.339134 -1.172185 0.001156,
        -1.357094 -1.199614 0.032635,
        -1.367287 -1.182207 0.033520,
        -1.367265 -1.182259 0.033517,
        -1.363315 -1.191558 0.032860,
        -1.363287 -1.191595 0.032859,
        -1.349076 -1.205806 0.032859,
        -1.349038 -1.205835 0.032860,
        -1.339739 -1.209784 0.033517,
        -1.339687 -1.209806 0.033520,
        1.329666 -1.181598 0.001149,
        1.332116 -1.181331 0.001156,
        1.347421 -1.176943 0.004555,
        1.354988 -1.178970 0.009997,
        1.361068 -1.180600 0.017164,
        1.365305 -1.181735 0.025635,
        1.361619 -1.190633 0.025635,
        1.329666 -1.209082 0.025635,
        1.339215 -1.207824 0.025635,
        1.329666 -1.208952 0.025383,
        1.338080 -1.203588 0.017164,
        1.357820 -1.188441 0.017164,
        1.355756 -1.198275 0.025635,
        1.329666 -1.204696 0.017164,
        1.329666 -1.204546 0.016994,
        1.336451 -1.197507 0.009997,
        1.352369 -1.185293 0.009997,
        1.352654 -1.195173 0.017164,
        1.329666 -1.198400 0.009997,
        1.329666 -1.198261 0.009900,
        1.334423 -1.189941 0.004555,
        1.348203 -1.190722 0.009997,
        1.345585 -1.181376 0.004555,
        1.338812 -1.174636 0.001156,
        1.348114 -1.204139 0.025635,
        1.345921 -1.200340 0.017164,
        1.342773 -1.194889 0.009997,
        1.338856 -1.188104 0.004555,
        1.334400 -1.180385 0.001156,
        1.342663 -1.185183 0.004555,
        1.337866 -1.176920 0.001156,
        1.336361 -1.178881 0.001156,
        1.329666 -1.190567 0.004555,
        1.329666 -1.190461 0.004514,
        1.329666 -1.181654 0.001156,
        -1.338812 -1.174636 0.001156,
        -1.329666 -1.190461 0.004514,
        -1.329666 -1.190567 0.004555,
        -1.334423 -1.189941 0.004555,
        -1.329666 -1.198261 0.009900,
        -1.329666 -1.198400 0.009997,
        -1.336451 -1.197507 0.009997,
        -1.338080 -1.203588 0.017164,
        -1.339215 -1.207824 0.025635,
        -1.348114 -1.204139 0.025635,
        -1.365305 -1.181735 0.025635,
        -1.329666 -1.209082 0.025635,
        -1.329666 -1.208952 0.025383,
        -1.329666 -1.204696 0.017164,
        -1.329666 -1.204546 0.016994,
        -1.361068 -1.180600 0.017164,
        -1.345921 -1.200340 0.017164,
        -1.355756 -1.198275 0.025635,
        -1.354988 -1.178970 0.009997,
        -1.342773 -1.194889 0.009997,
        -1.352654 -1.195173 0.017164,
        -1.347421 -1.176943 0.004555,
        -1.348203 -1.190722 0.009997,
        -1.338856 -1.188104 0.004555,
        -1.332116 -1.181331 0.001156,
        -1.361619 -1.190633 0.025635,
        -1.357820 -1.188441 0.017164,
        -1.352369 -1.185293 0.009997,
        -1.345585 -1.181376 0.004555,
        -1.337866 -1.176920 0.001156,
        -1.329666 -1.181598 0.001149,
        -1.329666 -1.181654 0.001156,
        -1.342663 -1.185183 0.004555,
        -1.334400 -1.180385 0.001156,
        -1.336361 -1.178881 0.001156,
      ]
    }
    coordIndex [
      14, 15, 16, -1,
      16, 15, 17, -1,
      18, 19, 20, -1,
      20, 19, 21, -1,
      22, 23, 24, -1,
      24, 23, 25, -1,
      26, 27, 28, -1,
      29, 30, 31, -1,
      31, 30, 32, -1,
      31, 32, 33, -1,
      34, 35, 36, -1,
      26, 28, 37, -1,
      37, 28, 38, -1,
      37, 38, 39, -1,
      39, 38, 40, -1,
      39, 40, 41, -1,
      27, 42, 28, -1,
      28, 42, 43, -1,
      28, 43, 44, -1,
      45, 46, 28, -1,
      28, 46, 47, -1,
      48, 49, 50, -1,
      50, 49, 51, -1,
      47, 52, 28, -1,
      28, 52, 51, -1,
      28, 51, 53, -1,
      53, 51, 49, -1,
      44, 54, 28, -1,
      28, 54, 55, -1,
      28, 55, 45, -1,
      33, 56, 31, -1,
      31, 56, 57, -1,
      31, 57, 58, -1,
      58, 57, 59, -1,
      58, 59, 60, -1,
      61, 62, 40, -1,
      40, 62, 63, -1,
      59, 64, 60, -1,
      60, 64, 65, -1,
      60, 65, 36, -1,
      36, 65, 66, -1,
      36, 66, 34, -1,
      63, 67, 40, -1,
      40, 67, 68, -1,
      40, 68, 41, -1,
      69, 70, 71, -1,
      71, 70, 72, -1,
      71, 72, 73, -1,
      72, 74, 73, -1,
      73, 74, 75, -1,
      73, 75, 30, -1,
      35, 61, 36, -1,
      36, 61, 40, -1,
      36, 40, 76, -1,
      76, 40, 77, -1,
      76, 77, 29, -1,
      29, 77, 78, -1,
      29, 78, 30, -1,
      30, 78, 79, -1,
      30, 79, 73, -1,
      80, 81, 71, -1,
      71, 81, 82, -1,
      83, 84, 85, -1,
      85, 84, 86, -1,
      87, 88, 82, -1,
      82, 88, 40, -1,
      82, 40, 71, -1,
      71, 40, 38, -1,
      71, 38, 69, -1,
      86, 89, 85, -1,
      85, 89, 90, -1,
      85, 90, 91, -1,
      92, 93, 94, -1,
      94, 93, 95, -1,
      94, 95, 96, -1,
      96, 95, 97, -1,
      98, 99, 97, -1,
      97, 99, 100, -1,
      97, 100, 96, -1,
      96, 100, 80, -1,
      96, 80, 101, -1,
      101, 80, 71, -1,
      102, 103, 104, -1,
      104, 103, 105, -1,
      106, 88, 96, -1,
      96, 88, 87, -1,
      96, 87, 94, -1,
      107, 108, 109, -1,
      105, 110, 104, -1,
      104, 110, 111, -1,
      104, 111, 112, -1,
      108, 107, 113, -1,
      113, 107, 88, -1,
      113, 88, 104, -1,
      104, 88, 106, -1,
      104, 106, 102, -1,
      112, 114, 104, -1,
      104, 114, 115, -1,
      104, 115, 85, -1,
      85, 115, 116, -1,
      85, 116, 83, -1,
      117, 85, 71, -1,
      71, 85, 91, -1,
      71, 91, 101, -1,
      118, 119, 109, -1,
      109, 119, 117, -1,
      109, 117, 107, -1,
      107, 117, 71, -1,
      107, 71, 120, -1,
      120, 71, 73, -1,
      121, 122, 123, -1,
      124, 125, 126, -1,
      127, 128, 129, -1,
      130, 131, 132, -1,
      133, 134, 135, -1,
      135, 134, 136, -1,
      136, 134, 137, -1,
      136, 137, 138, -1,
      139, 140, 141, -1,
      142, 143, 144, -1,
      144, 143, 145, -1,
      144, 145, 146, -1,
      135, 147, 133, -1,
      133, 147, 148, -1,
      133, 148, 141, -1,
      141, 148, 149, -1,
      141, 149, 139, -1,
      146, 150, 144, -1,
      144, 150, 151, -1,
      144, 151, 137, -1,
      137, 151, 152, -1,
      137, 152, 138, -1,
      153, 154, 155, -1,
      155, 154, 156, -1,
      156, 157, 155, -1,
      155, 157, 158, -1,
      155, 158, 159, -1,
      159, 158, 160, -1,
      159, 160, 161, -1,
      162, 163, 164, -1,
      164, 163, 165, -1,
      166, 167, 168, -1,
      132, 131, 168, -1,
      168, 131, 169, -1,
      168, 169, 166, -1,
      167, 170, 168, -1,
      168, 170, 171, -1,
      168, 171, 164, -1,
      164, 171, 172, -1,
      164, 172, 162, -1,
      134, 173, 174, -1,
      175, 176, 177, -1,
      177, 176, 178, -1,
      177, 178, 179, -1,
      179, 178, 180, -1,
      179, 180, 133, -1,
      133, 180, 181, -1,
      133, 181, 182, -1,
      182, 183, 133, -1,
      133, 183, 184, -1,
      133, 184, 134, -1,
      134, 184, 185, -1,
      134, 185, 173, -1,
      174, 186, 134, -1,
      134, 186, 187, -1,
      134, 187, 132, -1,
      132, 187, 188, -1,
      132, 188, 130, -1,
      189, 190, 191, -1,
      192, 193, 194, -1,
      189, 191, 195, -1,
      194, 196, 192, -1,
      192, 196, 197, -1,
      192, 197, 198, -1,
      199, 200, 201, -1,
      201, 200, 126, -1,
      202, 203, 191, -1,
      191, 203, 204, -1,
      191, 204, 195, -1,
      205, 206, 207, -1,
      207, 206, 208, -1,
      207, 208, 209, -1,
      199, 201, 207, -1,
      207, 201, 210, -1,
      207, 210, 205, -1,
      211, 212, 213, -1,
      213, 212, 214, -1,
      213, 214, 129, -1,
      215, 216, 217, -1,
      218, 219, 220, -1,
      220, 219, 221, -1,
      220, 221, 222, -1,
      218, 223, 219, -1,
      219, 223, 224, -1,
      219, 224, 216, -1,
      216, 224, 225, -1,
      216, 225, 217, -1,
      226, 227, 221, -1,
      221, 227, 228, -1,
      221, 228, 222, -1,
      229, 230, 231, -1,
      231, 230, 232, -1,
      231, 232, 233, -1,
      234, 235, 236, -1,
      236, 235, 237, -1,
      236, 237, 238, -1,
      238, 239, 236, -1,
      236, 239, 240, -1,
      236, 240, 229, -1,
      236, 241, 234, -1,
      234, 241, 242, -1,
      234, 242, 243, -1,
      243, 242, 215, -1,
      243, 215, 244, -1,
      244, 215, 217, -1,
      231, 245, 246, -1,
      247, 245, 221, -1,
      221, 245, 231, -1,
      221, 231, 226, -1,
      226, 231, 233, -1,
      126, 200, 124, -1,
      124, 200, 248, -1,
      124, 248, 249, -1,
      247, 221, 250, -1,
      250, 221, 219, -1,
      250, 219, 249, -1,
      249, 219, 212, -1,
      249, 212, 124, -1,
      124, 212, 211, -1,
      124, 211, 125, -1,
      229, 231, 236, -1,
      236, 231, 246, -1,
      236, 246, 199, -1,
      199, 246, 251, -1,
      199, 251, 200, -1,
      200, 251, 252, -1,
      200, 252, 248, -1,
      121, 253, 254, -1,
      254, 253, 255, -1,
      254, 255, 256, -1,
      256, 255, 257, -1,
      256, 257, 258, -1,
      258, 257, 259, -1,
      258, 259, 260, -1,
      260, 259, 261, -1,
      260, 261, 262, -1,
      262, 261, 263, -1,
      262, 263, 264, -1,
      264, 263, 265, -1,
      263, 266, 267, -1,
      267, 268, 263, -1,
      263, 268, 269, -1,
      263, 269, 270, -1,
      271, 272, 265, -1,
      265, 272, 273, -1,
      273, 274, 265, -1,
      265, 274, 275, -1,
      265, 275, 276, -1,
      276, 275, 277, -1,
      276, 277, 278, -1,
      278, 279, 276, -1,
      276, 279, 280, -1,
      276, 280, 281, -1,
      270, 282, 263, -1,
      263, 282, 283, -1,
      263, 283, 265, -1,
      265, 283, 284, -1,
      265, 284, 271, -1,
      281, 285, 216, -1,
      216, 285, 286, -1,
      216, 286, 287, -1,
      287, 288, 216, -1,
      216, 288, 289, -1,
      216, 289, 290, -1,
      253, 168, 255, -1,
      255, 168, 164, -1,
      255, 164, 257, -1,
      257, 164, 214, -1,
      257, 214, 259, -1,
      259, 214, 212, -1,
      259, 212, 261, -1,
      261, 212, 219, -1,
      261, 219, 263, -1,
      263, 219, 216, -1,
      263, 216, 266, -1,
      266, 216, 290, -1,
      165, 153, 164, -1,
      164, 153, 155, -1,
      164, 155, 214, -1,
      214, 155, 192, -1,
      214, 192, 129, -1,
      129, 192, 198, -1,
      129, 198, 127, -1,
      192, 291, 292, -1,
      291, 192, 293, -1,
      293, 192, 155, -1,
      293, 155, 294, -1,
      294, 155, 159, -1,
      294, 159, 292, -1,
      292, 159, 191, -1,
      292, 191, 192, -1,
      192, 191, 190, -1,
      192, 190, 193, -1,
      281, 216, 276, -1,
      276, 216, 215, -1,
      276, 215, 295, -1,
      295, 215, 242, -1,
      295, 242, 296, -1,
      296, 242, 241, -1,
      296, 241, 297, -1,
      161, 142, 159, -1,
      159, 142, 144, -1,
      159, 144, 191, -1,
      191, 144, 207, -1,
      191, 207, 202, -1,
      202, 207, 209, -1,
      121, 123, 253, -1,
      253, 123, 298, -1,
      253, 298, 168, -1,
      168, 298, 299, -1,
      168, 299, 132, -1,
      132, 299, 300, -1,
      132, 300, 134, -1,
      134, 300, 301, -1,
      134, 301, 137, -1,
      302, 303, 304, -1,
      304, 303, 305, -1,
      1, 306, 3, -1,
      3, 306, 307, -1,
      308, 309, 310, -1,
      310, 309, 311, -1,
      312, 313, 314, -1,
      314, 313, 315, -1,
      7, 316, 8, -1,
      8, 316, 317, -1,
      2, 3, 318, -1,
      318, 3, 307, -1,
      318, 307, 319, -1,
      7, 6, 316, -1,
      316, 6, 11, -1,
      316, 11, 318, -1,
      318, 11, 13, -1,
      318, 13, 2, -1,
      320, 321, 308, -1,
      308, 321, 322, -1,
      308, 322, 309, -1,
      309, 322, 323, -1,
      305, 324, 325, -1,
      305, 325, 304, -1,
      304, 325, 326, -1,
      304, 326, 327, -1,
      22, 328, 23, -1,
      23, 328, 329, -1,
      14, 314, 330, -1,
      330, 314, 315, -1,
      330, 315, 331, -1,
      22, 19, 328, -1,
      328, 19, 18, -1,
      328, 18, 330, -1,
      330, 18, 15, -1,
      330, 15, 14, -1,
      21, 24, 332, -1,
      332, 24, 25, -1,
      332, 25, 333, -1,
      312, 334, 313, -1,
      313, 334, 335, -1,
      312, 16, 334, -1,
      334, 16, 17, -1,
      334, 17, 332, -1,
      332, 17, 20, -1,
      332, 20, 21, -1,
      302, 336, 337, -1,
      302, 337, 303, -1,
      303, 337, 338, -1,
      303, 338, 339, -1,
      340, 341, 311, -1,
      311, 341, 342, -1,
      311, 342, 310, -1,
      310, 342, 343, -1,
      4, 5, 344, -1,
      344, 5, 9, -1,
      344, 9, 345, -1,
      1, 346, 306, -1,
      306, 346, 347, -1,
      1, 0, 346, -1,
      346, 0, 12, -1,
      346, 12, 344, -1,
      344, 12, 10, -1,
      344, 10, 4, -1,
      316, 318, 348, -1,
      348, 318, 349, -1,
      348, 349, 350, -1,
      350, 349, 351, -1,
      350, 351, 352, -1,
      352, 351, 353, -1,
      352, 353, 354, -1,
      354, 353, 355, -1,
      354, 355, 356, -1,
      356, 355, 357, -1,
      356, 357, 358, -1,
      358, 357, 359, -1,
      358, 359, 360, -1,
      360, 359, 361, -1,
      360, 361, 362, -1,
      362, 361, 363, -1,
      362, 363, 364, -1,
      364, 363, 365, -1,
      364, 365, 366, -1,
      366, 365, 367, -1,
      367, 297, 241, -1,
      137, 301, 366, -1,
      137, 366, 144, -1,
      241, 236, 367, -1,
      367, 236, 199, -1,
      367, 199, 366, -1,
      366, 199, 207, -1,
      366, 207, 144, -1,
      350, 352, 368, -1,
      354, 356, 369, -1,
      370, 371, 372, -1,
      301, 373, 374, -1,
      375, 373, 301, -1,
      372, 371, 301, -1,
      366, 301, 371, -1,
      376, 377, 378, -1,
      378, 377, 379, -1,
      378, 379, 380, -1,
      380, 379, 381, -1,
      381, 379, 382, -1,
      381, 382, 383, -1,
      383, 382, 384, -1,
      384, 382, 385, -1,
      384, 385, 386, -1,
      386, 385, 387, -1,
      387, 385, 388, -1,
      387, 388, 389, -1,
      389, 388, 390, -1,
      390, 388, 391, -1,
      390, 391, 392, -1,
      392, 391, 393, -1,
      392, 393, 325, -1,
      394, 375, 301, -1,
      358, 360, 370, -1,
      370, 360, 362, -1,
      370, 362, 371, -1,
      371, 362, 364, -1,
      371, 364, 366, -1,
      395, 374, 396, -1,
      396, 374, 373, -1,
      396, 373, 397, -1,
      397, 373, 375, -1,
      397, 375, 398, -1,
      356, 358, 369, -1,
      369, 358, 370, -1,
      369, 370, 399, -1,
      399, 370, 372, -1,
      399, 372, 400, -1,
      400, 372, 301, -1,
      394, 401, 375, -1,
      375, 401, 402, -1,
      375, 402, 398, -1,
      398, 402, 403, -1,
      398, 403, 404, -1,
      405, 395, 406, -1,
      406, 395, 396, -1,
      406, 396, 407, -1,
      407, 396, 397, -1,
      407, 397, 408, -1,
      408, 397, 398, -1,
      408, 398, 409, -1,
      409, 398, 404, -1,
      368, 405, 410, -1,
      410, 405, 406, -1,
      410, 406, 411, -1,
      411, 406, 407, -1,
      411, 407, 412, -1,
      412, 407, 408, -1,
      412, 408, 413, -1,
      413, 408, 409, -1,
      413, 409, 414, -1,
      352, 354, 368, -1,
      368, 354, 369, -1,
      368, 369, 405, -1,
      405, 369, 399, -1,
      405, 399, 395, -1,
      395, 399, 400, -1,
      395, 400, 374, -1,
      374, 400, 301, -1,
      376, 316, 377, -1,
      377, 316, 348, -1,
      377, 348, 350, -1,
      404, 415, 409, -1,
      409, 415, 416, -1,
      409, 416, 414, -1,
      414, 416, 417, -1,
      414, 417, 418, -1,
      350, 368, 377, -1,
      377, 368, 410, -1,
      377, 410, 379, -1,
      379, 410, 411, -1,
      379, 411, 382, -1,
      382, 411, 412, -1,
      382, 412, 385, -1,
      385, 412, 413, -1,
      385, 413, 388, -1,
      388, 413, 414, -1,
      388, 414, 391, -1,
      391, 414, 418, -1,
      391, 418, 393, -1,
      419, 420, 421, -1,
      422, 423, 424, -1,
      425, 426, 427, -1,
      297, 428, 429, -1,
      430, 428, 297, -1,
      427, 426, 297, -1,
      431, 297, 426, -1,
      432, 433, 434, -1,
      434, 433, 435, -1,
      434, 435, 436, -1,
      436, 435, 437, -1,
      437, 435, 438, -1,
      437, 438, 439, -1,
      439, 438, 440, -1,
      440, 438, 441, -1,
      440, 441, 442, -1,
      442, 441, 443, -1,
      443, 441, 444, -1,
      443, 444, 445, -1,
      445, 444, 446, -1,
      446, 444, 447, -1,
      446, 447, 448, -1,
      448, 447, 349, -1,
      448, 349, 318, -1,
      367, 430, 297, -1,
      449, 450, 425, -1,
      425, 450, 451, -1,
      425, 451, 426, -1,
      426, 451, 452, -1,
      426, 452, 431, -1,
      453, 429, 454, -1,
      454, 429, 428, -1,
      454, 428, 455, -1,
      455, 428, 430, -1,
      455, 430, 456, -1,
      423, 449, 424, -1,
      424, 449, 425, -1,
      424, 425, 457, -1,
      457, 425, 427, -1,
      457, 427, 458, -1,
      458, 427, 297, -1,
      367, 365, 430, -1,
      430, 365, 363, -1,
      430, 363, 456, -1,
      456, 363, 361, -1,
      456, 361, 359, -1,
      459, 453, 460, -1,
      460, 453, 454, -1,
      460, 454, 461, -1,
      461, 454, 455, -1,
      461, 455, 462, -1,
      462, 455, 456, -1,
      462, 456, 463, -1,
      463, 456, 359, -1,
      421, 459, 464, -1,
      464, 459, 460, -1,
      464, 460, 465, -1,
      465, 460, 461, -1,
      465, 461, 466, -1,
      466, 461, 462, -1,
      466, 462, 467, -1,
      467, 462, 463, -1,
      467, 463, 468, -1,
      420, 422, 421, -1,
      421, 422, 424, -1,
      421, 424, 459, -1,
      459, 424, 457, -1,
      459, 457, 453, -1,
      453, 457, 458, -1,
      453, 458, 429, -1,
      429, 458, 297, -1,
      432, 322, 433, -1,
      433, 322, 469, -1,
      433, 469, 419, -1,
      359, 357, 463, -1,
      463, 357, 355, -1,
      463, 355, 468, -1,
      468, 355, 353, -1,
      468, 353, 351, -1,
      419, 421, 433, -1,
      433, 421, 464, -1,
      433, 464, 435, -1,
      435, 464, 465, -1,
      435, 465, 438, -1,
      438, 465, 466, -1,
      438, 466, 441, -1,
      441, 466, 467, -1,
      441, 467, 444, -1,
      444, 467, 468, -1,
      444, 468, 447, -1,
      447, 468, 351, -1,
      447, 351, 349, -1,
      394, 470, 401, -1,
      401, 470, 471, -1,
      401, 471, 402, -1,
      402, 471, 472, -1,
      402, 472, 403, -1,
      403, 472, 473, -1,
      403, 473, 404, -1,
      404, 473, 474, -1,
      404, 474, 415, -1,
      415, 474, 475, -1,
      415, 475, 416, -1,
      416, 475, 476, -1,
      416, 476, 417, -1,
      417, 476, 477, -1,
      417, 477, 418, -1,
      418, 477, 478, -1,
      418, 478, 393, -1,
      393, 478, 479, -1,
      393, 479, 325, -1,
      325, 479, 326, -1,
      123, 122, 470, -1,
      301, 300, 394, -1,
      394, 300, 299, -1,
      394, 299, 470, -1,
      470, 299, 298, -1,
      470, 298, 123, -1,
      480, 481, 390, -1,
      317, 316, 482, -1,
      482, 316, 376, -1,
      482, 376, 483, -1,
      384, 484, 383, -1,
      383, 484, 485, -1,
      383, 485, 381, -1,
      381, 485, 486, -1,
      381, 486, 380, -1,
      380, 486, 483, -1,
      380, 483, 378, -1,
      378, 483, 376, -1,
      390, 481, 389, -1,
      389, 481, 487, -1,
      389, 487, 387, -1,
      387, 487, 488, -1,
      387, 488, 386, -1,
      386, 488, 489, -1,
      386, 489, 384, -1,
      384, 489, 490, -1,
      384, 490, 484, -1,
      480, 390, 324, -1,
      324, 390, 392, -1,
      324, 392, 325, -1,
      323, 322, 491, -1,
      491, 322, 432, -1,
      491, 432, 492, -1,
      492, 432, 434, -1,
      492, 434, 493, -1,
      493, 434, 436, -1,
      493, 436, 494, -1,
      436, 437, 494, -1,
      494, 437, 439, -1,
      494, 439, 495, -1,
      439, 440, 495, -1,
      495, 440, 442, -1,
      495, 442, 496, -1,
      496, 442, 443, -1,
      496, 443, 497, -1,
      497, 443, 445, -1,
      497, 445, 498, -1,
      498, 445, 446, -1,
      498, 446, 499, -1,
      499, 446, 319, -1,
      319, 446, 448, -1,
      319, 448, 318, -1,
      500, 431, 501, -1,
      501, 431, 452, -1,
      501, 452, 502, -1,
      502, 452, 451, -1,
      502, 451, 503, -1,
      503, 451, 450, -1,
      503, 450, 504, -1,
      504, 450, 449, -1,
      504, 449, 505, -1,
      505, 449, 423, -1,
      505, 423, 506, -1,
      506, 423, 422, -1,
      506, 422, 507, -1,
      507, 422, 420, -1,
      507, 420, 508, -1,
      508, 420, 419, -1,
      508, 419, 509, -1,
      509, 419, 469, -1,
      509, 469, 321, -1,
      321, 469, 322, -1,
      500, 264, 265, -1,
      265, 276, 500, -1,
      500, 276, 295, -1,
      500, 295, 431, -1,
      431, 295, 296, -1,
      431, 296, 297, -1,
      328, 330, 510, -1,
      510, 330, 511, -1,
      510, 511, 512, -1,
      512, 511, 513, -1,
      512, 513, 514, -1,
      514, 513, 515, -1,
      514, 515, 516, -1,
      516, 515, 517, -1,
      516, 517, 518, -1,
      518, 517, 519, -1,
      518, 519, 520, -1,
      520, 519, 521, -1,
      520, 521, 522, -1,
      522, 521, 523, -1,
      522, 523, 524, -1,
      524, 523, 525, -1,
      524, 525, 526, -1,
      526, 525, 527, -1,
      526, 527, 528, -1,
      528, 527, 529, -1,
      529, 122, 121, -1,
      262, 264, 528, -1,
      262, 528, 260, -1,
      121, 254, 529, -1,
      529, 254, 256, -1,
      529, 256, 528, -1,
      528, 256, 258, -1,
      528, 258, 260, -1,
      478, 477, 530, -1,
      476, 475, 531, -1,
      532, 533, 534, -1,
      122, 535, 536, -1,
      537, 535, 122, -1,
      534, 533, 122, -1,
      470, 122, 533, -1,
      538, 539, 540, -1,
      540, 539, 541, -1,
      540, 541, 542, -1,
      542, 541, 543, -1,
      543, 541, 544, -1,
      543, 544, 545, -1,
      545, 544, 546, -1,
      546, 544, 547, -1,
      546, 547, 548, -1,
      548, 547, 549, -1,
      549, 547, 550, -1,
      549, 550, 551, -1,
      551, 550, 552, -1,
      552, 550, 553, -1,
      552, 553, 554, -1,
      554, 553, 511, -1,
      554, 511, 330, -1,
      529, 537, 122, -1,
      474, 473, 532, -1,
      532, 473, 472, -1,
      532, 472, 533, -1,
      533, 472, 471, -1,
      533, 471, 470, -1,
      555, 536, 556, -1,
      556, 536, 535, -1,
      556, 535, 557, -1,
      557, 535, 537, -1,
      557, 537, 558, -1,
      475, 474, 531, -1,
      531, 474, 532, -1,
      531, 532, 559, -1,
      559, 532, 534, -1,
      559, 534, 560, -1,
      560, 534, 122, -1,
      529, 527, 537, -1,
      537, 527, 525, -1,
      537, 525, 558, -1,
      558, 525, 523, -1,
      558, 523, 521, -1,
      561, 555, 562, -1,
      562, 555, 556, -1,
      562, 556, 563, -1,
      563, 556, 557, -1,
      563, 557, 564, -1,
      564, 557, 558, -1,
      564, 558, 565, -1,
      565, 558, 521, -1,
      530, 561, 566, -1,
      566, 561, 562, -1,
      566, 562, 567, -1,
      567, 562, 563, -1,
      567, 563, 568, -1,
      568, 563, 564, -1,
      568, 564, 569, -1,
      569, 564, 565, -1,
      569, 565, 570, -1,
      477, 476, 530, -1,
      530, 476, 531, -1,
      530, 531, 561, -1,
      561, 531, 559, -1,
      561, 559, 555, -1,
      555, 559, 560, -1,
      555, 560, 536, -1,
      536, 560, 122, -1,
      538, 326, 539, -1,
      539, 326, 479, -1,
      539, 479, 478, -1,
      521, 519, 565, -1,
      565, 519, 517, -1,
      565, 517, 570, -1,
      570, 517, 515, -1,
      570, 515, 513, -1,
      478, 530, 539, -1,
      539, 530, 566, -1,
      539, 566, 541, -1,
      541, 566, 567, -1,
      541, 567, 544, -1,
      544, 567, 568, -1,
      544, 568, 547, -1,
      547, 568, 569, -1,
      547, 569, 550, -1,
      550, 569, 570, -1,
      550, 570, 553, -1,
      553, 570, 513, -1,
      553, 513, 511, -1,
      571, 480, 324, -1,
      305, 303, 324, -1,
      324, 303, 339, -1,
      324, 339, 571, -1,
      480, 571, 481, -1,
      481, 571, 572, -1,
      481, 572, 487, -1,
      487, 572, 573, -1,
      487, 573, 488, -1,
      488, 573, 574, -1,
      488, 574, 489, -1,
      489, 574, 575, -1,
      489, 575, 490, -1,
      490, 575, 576, -1,
      490, 576, 484, -1,
      484, 576, 577, -1,
      484, 577, 485, -1,
      485, 577, 578, -1,
      485, 578, 486, -1,
      578, 579, 486, -1,
      486, 579, 580, -1,
      486, 580, 483, -1,
      483, 580, 581, -1,
      9, 8, 345, -1,
      345, 8, 317, -1,
      345, 317, 581, -1,
      581, 317, 482, -1,
      581, 482, 483, -1,
      307, 306, 319, -1,
      319, 306, 347, -1,
      319, 347, 499, -1,
      499, 347, 582, -1,
      499, 582, 498, -1,
      498, 582, 583, -1,
      498, 583, 497, -1,
      497, 583, 584, -1,
      497, 584, 496, -1,
      496, 584, 585, -1,
      496, 585, 495, -1,
      495, 585, 586, -1,
      495, 586, 494, -1,
      494, 586, 587, -1,
      494, 587, 493, -1,
      587, 588, 493, -1,
      493, 588, 589, -1,
      493, 589, 492, -1,
      492, 589, 590, -1,
      311, 309, 340, -1,
      340, 309, 323, -1,
      340, 323, 590, -1,
      590, 323, 491, -1,
      590, 491, 492, -1,
      516, 518, 591, -1,
      592, 593, 594, -1,
      264, 595, 596, -1,
      597, 595, 264, -1,
      594, 593, 264, -1,
      528, 264, 593, -1,
      598, 599, 600, -1,
      599, 598, 601, -1,
      601, 598, 602, -1,
      601, 602, 603, -1,
      603, 602, 604, -1,
      603, 604, 605, -1,
      605, 604, 606, -1,
      605, 606, 607, -1,
      607, 606, 608, -1,
      608, 606, 609, -1,
      608, 609, 610, -1,
      610, 609, 611, -1,
      611, 609, 509, -1,
      611, 509, 321, -1,
      500, 597, 264, -1,
      520, 522, 592, -1,
      592, 522, 524, -1,
      592, 524, 593, -1,
      593, 524, 526, -1,
      593, 526, 528, -1,
      612, 596, 613, -1,
      613, 596, 595, -1,
      613, 595, 614, -1,
      614, 595, 597, -1,
      614, 597, 615, -1,
      500, 501, 597, -1,
      597, 501, 502, -1,
      597, 502, 615, -1,
      615, 502, 503, -1,
      615, 503, 504, -1,
      591, 612, 616, -1,
      616, 612, 613, -1,
      616, 613, 617, -1,
      617, 613, 614, -1,
      617, 614, 618, -1,
      618, 614, 615, -1,
      618, 615, 619, -1,
      619, 615, 504, -1,
      512, 514, 620, -1,
      620, 514, 516, -1,
      516, 591, 620, -1,
      620, 591, 616, -1,
      620, 616, 621, -1,
      621, 616, 617, -1,
      621, 617, 622, -1,
      622, 617, 618, -1,
      622, 618, 623, -1,
      623, 618, 619, -1,
      623, 619, 624, -1,
      518, 520, 591, -1,
      591, 520, 592, -1,
      591, 592, 612, -1,
      612, 592, 594, -1,
      612, 594, 596, -1,
      596, 594, 264, -1,
      512, 598, 510, -1,
      510, 598, 600, -1,
      510, 600, 328, -1,
      504, 505, 619, -1,
      619, 505, 506, -1,
      619, 506, 624, -1,
      624, 506, 507, -1,
      624, 507, 508, -1,
      512, 620, 598, -1,
      598, 620, 621, -1,
      598, 621, 602, -1,
      602, 621, 622, -1,
      602, 622, 604, -1,
      604, 622, 623, -1,
      604, 623, 606, -1,
      606, 623, 624, -1,
      606, 624, 609, -1,
      609, 624, 508, -1,
      609, 508, 509, -1,
      625, 626, 552, -1,
      327, 326, 627, -1,
      627, 326, 538, -1,
      627, 538, 628, -1,
      546, 629, 545, -1,
      545, 629, 630, -1,
      545, 630, 543, -1,
      543, 630, 631, -1,
      543, 631, 542, -1,
      542, 631, 628, -1,
      542, 628, 540, -1,
      540, 628, 538, -1,
      552, 626, 551, -1,
      551, 626, 632, -1,
      551, 632, 549, -1,
      549, 632, 633, -1,
      549, 633, 548, -1,
      548, 633, 634, -1,
      548, 634, 546, -1,
      546, 634, 635, -1,
      546, 635, 629, -1,
      625, 552, 331, -1,
      331, 552, 554, -1,
      331, 554, 330, -1,
      571, 339, 338, -1,
      571, 338, 572, -1,
      572, 338, 636, -1,
      572, 636, 573, -1,
      573, 636, 637, -1,
      573, 637, 574, -1,
      574, 637, 638, -1,
      574, 638, 575, -1,
      575, 638, 639, -1,
      575, 639, 576, -1,
      576, 639, 640, -1,
      576, 640, 577, -1,
      577, 640, 641, -1,
      577, 641, 578, -1,
      578, 641, 642, -1,
      578, 642, 579, -1,
      579, 642, 643, -1,
      579, 643, 580, -1,
      580, 643, 644, -1,
      580, 644, 581, -1,
      581, 644, 344, -1,
      581, 344, 345, -1,
      40, 88, 645, -1,
      77, 40, 646, -1,
      646, 40, 645, -1,
      646, 645, 647, -1,
      647, 645, 648, -1,
      647, 648, 649, -1,
      649, 648, 650, -1,
      649, 650, 651, -1,
      651, 650, 652, -1,
      651, 652, 653, -1,
      653, 652, 654, -1,
      653, 654, 655, -1,
      655, 654, 656, -1,
      655, 656, 657, -1,
      657, 656, 658, -1,
      657, 658, 659, -1,
      659, 658, 660, -1,
      659, 660, 661, -1,
      661, 660, 662, -1,
      661, 662, 663, -1,
      663, 662, 664, -1,
      663, 664, 344, -1,
      344, 664, 346, -1,
      585, 584, 665, -1,
      665, 584, 583, -1,
      665, 583, 346, -1,
      346, 583, 582, -1,
      346, 582, 347, -1,
      665, 666, 585, -1,
      585, 666, 667, -1,
      585, 667, 586, -1,
      586, 667, 668, -1,
      668, 669, 586, -1,
      586, 669, 670, -1,
      586, 670, 587, -1,
      587, 670, 671, -1,
      587, 671, 588, -1,
      588, 671, 672, -1,
      588, 672, 589, -1,
      589, 672, 673, -1,
      589, 673, 590, -1,
      590, 673, 341, -1,
      590, 341, 340, -1,
      674, 329, 328, -1,
      601, 675, 676, -1,
      674, 328, 677, -1,
      677, 328, 600, -1,
      677, 600, 676, -1,
      676, 600, 599, -1,
      676, 599, 601, -1,
      605, 678, 679, -1,
      675, 601, 679, -1,
      679, 601, 603, -1,
      679, 603, 605, -1,
      678, 605, 680, -1,
      680, 605, 607, -1,
      680, 607, 681, -1,
      681, 607, 608, -1,
      681, 608, 682, -1,
      682, 608, 610, -1,
      682, 610, 683, -1,
      683, 610, 611, -1,
      683, 611, 684, -1,
      684, 611, 321, -1,
      684, 321, 320, -1,
      315, 313, 331, -1,
      331, 313, 335, -1,
      331, 335, 625, -1,
      625, 335, 685, -1,
      625, 685, 626, -1,
      626, 685, 686, -1,
      626, 686, 632, -1,
      632, 686, 687, -1,
      632, 687, 633, -1,
      633, 687, 688, -1,
      633, 688, 634, -1,
      634, 688, 689, -1,
      634, 689, 635, -1,
      635, 689, 690, -1,
      635, 690, 629, -1,
      629, 690, 691, -1,
      629, 691, 630, -1,
      630, 691, 692, -1,
      630, 692, 631, -1,
      336, 302, 304, -1,
      692, 693, 631, -1,
      631, 693, 694, -1,
      631, 694, 628, -1,
      628, 694, 695, -1,
      628, 695, 627, -1,
      627, 695, 336, -1,
      627, 336, 327, -1,
      327, 336, 304, -1,
      696, 77, 697, -1,
      649, 651, 698, -1,
      653, 655, 699, -1,
      700, 701, 702, -1,
      636, 338, 703, -1,
      638, 637, 704, -1,
      704, 637, 636, -1,
      644, 643, 701, -1,
      701, 643, 642, -1,
      701, 642, 702, -1,
      702, 642, 641, -1,
      702, 641, 640, -1,
      344, 644, 663, -1,
      663, 644, 701, -1,
      663, 701, 661, -1,
      661, 701, 700, -1,
      661, 700, 659, -1,
      659, 700, 657, -1,
      636, 703, 704, -1,
      704, 703, 705, -1,
      704, 705, 706, -1,
      655, 657, 699, -1,
      699, 657, 700, -1,
      699, 700, 707, -1,
      707, 700, 702, -1,
      707, 702, 708, -1,
      708, 702, 640, -1,
      705, 709, 706, -1,
      706, 709, 710, -1,
      706, 710, 711, -1,
      651, 653, 698, -1,
      698, 653, 699, -1,
      698, 699, 712, -1,
      712, 699, 707, -1,
      712, 707, 713, -1,
      713, 707, 708, -1,
      710, 714, 711, -1,
      711, 714, 715, -1,
      711, 715, 716, -1,
      713, 717, 712, -1,
      712, 717, 718, -1,
      712, 718, 698, -1,
      698, 718, 719, -1,
      698, 719, 649, -1,
      639, 638, 720, -1,
      720, 638, 704, -1,
      720, 704, 721, -1,
      721, 704, 706, -1,
      721, 706, 722, -1,
      722, 706, 711, -1,
      722, 711, 723, -1,
      723, 711, 716, -1,
      723, 716, 724, -1,
      724, 716, 697, -1,
      724, 697, 77, -1,
      77, 646, 719, -1,
      719, 646, 647, -1,
      719, 647, 649, -1,
      717, 725, 718, -1,
      718, 725, 726, -1,
      718, 726, 719, -1,
      719, 726, 77, -1,
      725, 727, 726, -1,
      726, 727, 77, -1,
      715, 728, 716, -1,
      716, 728, 729, -1,
      716, 729, 697, -1,
      697, 729, 730, -1,
      697, 730, 696, -1,
      640, 639, 708, -1,
      708, 639, 720, -1,
      708, 720, 713, -1,
      713, 720, 721, -1,
      713, 721, 717, -1,
      717, 721, 722, -1,
      717, 722, 725, -1,
      725, 722, 723, -1,
      725, 723, 727, -1,
      727, 723, 724, -1,
      727, 724, 77, -1,
      645, 88, 731, -1,
      732, 733, 734, -1,
      735, 736, 737, -1,
      738, 739, 740, -1,
      665, 346, 664, -1,
      667, 666, 741, -1,
      741, 666, 665, -1,
      673, 672, 739, -1,
      739, 672, 671, -1,
      739, 671, 740, -1,
      740, 671, 670, -1,
      740, 670, 669, -1,
      341, 673, 742, -1,
      742, 673, 739, -1,
      742, 739, 743, -1,
      743, 739, 738, -1,
      743, 738, 744, -1,
      744, 738, 745, -1,
      665, 664, 741, -1,
      741, 664, 662, -1,
      741, 662, 746, -1,
      736, 745, 737, -1,
      737, 745, 738, -1,
      737, 738, 747, -1,
      747, 738, 740, -1,
      747, 740, 748, -1,
      748, 740, 669, -1,
      662, 660, 746, -1,
      746, 660, 658, -1,
      746, 658, 749, -1,
      733, 735, 734, -1,
      734, 735, 737, -1,
      734, 737, 750, -1,
      750, 737, 747, -1,
      750, 747, 751, -1,
      751, 747, 748, -1,
      658, 656, 749, -1,
      749, 656, 654, -1,
      749, 654, 752, -1,
      751, 753, 750, -1,
      750, 753, 754, -1,
      750, 754, 734, -1,
      734, 754, 755, -1,
      734, 755, 732, -1,
      668, 667, 756, -1,
      756, 667, 741, -1,
      756, 741, 757, -1,
      757, 741, 746, -1,
      757, 746, 758, -1,
      758, 746, 749, -1,
      758, 749, 759, -1,
      759, 749, 752, -1,
      759, 752, 760, -1,
      760, 752, 731, -1,
      760, 731, 88, -1,
      88, 761, 755, -1,
      755, 761, 762, -1,
      755, 762, 732, -1,
      753, 763, 754, -1,
      754, 763, 764, -1,
      754, 764, 755, -1,
      755, 764, 88, -1,
      763, 765, 764, -1,
      764, 765, 88, -1,
      654, 652, 752, -1,
      752, 652, 650, -1,
      752, 650, 731, -1,
      731, 650, 648, -1,
      731, 648, 645, -1,
      669, 668, 748, -1,
      748, 668, 756, -1,
      748, 756, 751, -1,
      751, 756, 757, -1,
      751, 757, 753, -1,
      753, 757, 758, -1,
      753, 758, 763, -1,
      763, 758, 759, -1,
      763, 759, 765, -1,
      765, 759, 760, -1,
      765, 760, 88, -1,
      308, 310, 320, -1,
      320, 310, 343, -1,
      320, 343, 684, -1,
      684, 343, 766, -1,
      684, 766, 683, -1,
      683, 766, 767, -1,
      683, 767, 682, -1,
      682, 767, 768, -1,
      682, 768, 681, -1,
      681, 768, 769, -1,
      681, 769, 680, -1,
      680, 769, 770, -1,
      680, 770, 678, -1,
      678, 770, 771, -1,
      678, 771, 679, -1,
      679, 771, 772, -1,
      679, 772, 675, -1,
      675, 772, 773, -1,
      675, 773, 676, -1,
      773, 774, 676, -1,
      676, 774, 775, -1,
      676, 775, 677, -1,
      677, 775, 776, -1,
      25, 23, 333, -1,
      333, 23, 329, -1,
      333, 329, 776, -1,
      776, 329, 674, -1,
      776, 674, 677, -1,
      685, 335, 334, -1,
      777, 690, 689, -1,
      685, 334, 686, -1,
      686, 334, 778, -1,
      686, 778, 687, -1,
      687, 778, 779, -1,
      687, 779, 688, -1,
      688, 779, 780, -1,
      688, 780, 689, -1,
      689, 780, 781, -1,
      689, 781, 777, -1,
      690, 777, 691, -1,
      691, 777, 782, -1,
      691, 782, 692, -1,
      692, 782, 783, -1,
      692, 783, 693, -1,
      693, 783, 784, -1,
      693, 784, 694, -1,
      694, 784, 785, -1,
      694, 785, 695, -1,
      695, 785, 337, -1,
      695, 337, 336, -1,
      78, 77, 696, -1,
      79, 78, 786, -1,
      786, 78, 696, -1,
      786, 696, 787, -1,
      787, 696, 730, -1,
      787, 730, 788, -1,
      788, 730, 729, -1,
      788, 729, 789, -1,
      789, 729, 728, -1,
      789, 728, 790, -1,
      790, 728, 715, -1,
      790, 715, 791, -1,
      791, 715, 714, -1,
      791, 714, 792, -1,
      792, 714, 710, -1,
      792, 710, 793, -1,
      793, 710, 709, -1,
      793, 709, 794, -1,
      794, 709, 705, -1,
      794, 705, 795, -1,
      795, 705, 703, -1,
      795, 703, 337, -1,
      337, 703, 338, -1,
      107, 120, 796, -1,
      342, 341, 797, -1,
      797, 341, 742, -1,
      797, 742, 798, -1,
      798, 742, 743, -1,
      798, 743, 799, -1,
      799, 743, 744, -1,
      799, 744, 800, -1,
      800, 744, 745, -1,
      800, 745, 801, -1,
      801, 745, 736, -1,
      801, 736, 802, -1,
      802, 736, 735, -1,
      802, 735, 803, -1,
      803, 735, 733, -1,
      803, 733, 804, -1,
      804, 733, 732, -1,
      804, 732, 805, -1,
      805, 732, 762, -1,
      805, 762, 796, -1,
      796, 762, 761, -1,
      796, 761, 107, -1,
      107, 761, 88, -1,
      766, 343, 342, -1,
      806, 771, 770, -1,
      766, 342, 767, -1,
      767, 342, 807, -1,
      767, 807, 768, -1,
      768, 807, 808, -1,
      768, 808, 769, -1,
      769, 808, 809, -1,
      769, 809, 770, -1,
      770, 809, 810, -1,
      770, 810, 806, -1,
      771, 806, 772, -1,
      772, 806, 811, -1,
      772, 811, 773, -1,
      773, 811, 812, -1,
      773, 812, 774, -1,
      774, 812, 813, -1,
      774, 813, 775, -1,
      775, 813, 814, -1,
      775, 814, 776, -1,
      776, 814, 332, -1,
      776, 332, 333, -1,
      815, 79, 816, -1,
      788, 789, 817, -1,
      790, 791, 818, -1,
      819, 820, 821, -1,
      778, 334, 822, -1,
      780, 779, 823, -1,
      823, 779, 778, -1,
      785, 784, 820, -1,
      820, 784, 783, -1,
      820, 783, 821, -1,
      821, 783, 782, -1,
      821, 782, 777, -1,
      337, 785, 795, -1,
      795, 785, 820, -1,
      795, 820, 794, -1,
      794, 820, 819, -1,
      794, 819, 793, -1,
      793, 819, 792, -1,
      778, 822, 823, -1,
      823, 822, 824, -1,
      823, 824, 825, -1,
      791, 792, 818, -1,
      818, 792, 819, -1,
      818, 819, 826, -1,
      826, 819, 821, -1,
      826, 821, 827, -1,
      827, 821, 777, -1,
      824, 828, 825, -1,
      825, 828, 829, -1,
      825, 829, 830, -1,
      789, 790, 817, -1,
      817, 790, 818, -1,
      817, 818, 831, -1,
      831, 818, 826, -1,
      831, 826, 832, -1,
      832, 826, 827, -1,
      829, 833, 830, -1,
      830, 833, 834, -1,
      830, 834, 835, -1,
      832, 836, 831, -1,
      831, 836, 837, -1,
      831, 837, 817, -1,
      817, 837, 838, -1,
      817, 838, 788, -1,
      781, 780, 839, -1,
      839, 780, 823, -1,
      839, 823, 840, -1,
      840, 823, 825, -1,
      840, 825, 841, -1,
      841, 825, 830, -1,
      841, 830, 842, -1,
      842, 830, 835, -1,
      842, 835, 843, -1,
      843, 835, 816, -1,
      843, 816, 79, -1,
      79, 786, 838, -1,
      838, 786, 787, -1,
      838, 787, 788, -1,
      836, 844, 837, -1,
      837, 844, 845, -1,
      837, 845, 838, -1,
      838, 845, 79, -1,
      844, 846, 845, -1,
      845, 846, 79, -1,
      834, 847, 835, -1,
      835, 847, 848, -1,
      835, 848, 816, -1,
      816, 848, 849, -1,
      816, 849, 815, -1,
      777, 781, 827, -1,
      827, 781, 839, -1,
      827, 839, 832, -1,
      832, 839, 840, -1,
      832, 840, 836, -1,
      836, 840, 841, -1,
      836, 841, 844, -1,
      844, 841, 842, -1,
      844, 842, 846, -1,
      846, 842, 843, -1,
      846, 843, 79, -1,
      796, 120, 850, -1,
      851, 852, 853, -1,
      854, 855, 856, -1,
      857, 858, 859, -1,
      807, 342, 797, -1,
      809, 808, 860, -1,
      860, 808, 807, -1,
      814, 813, 858, -1,
      858, 813, 812, -1,
      858, 812, 859, -1,
      859, 812, 811, -1,
      859, 811, 806, -1,
      332, 814, 861, -1,
      861, 814, 858, -1,
      861, 858, 862, -1,
      862, 858, 857, -1,
      862, 857, 863, -1,
      863, 857, 864, -1,
      807, 797, 860, -1,
      860, 797, 798, -1,
      860, 798, 865, -1,
      855, 864, 856, -1,
      856, 864, 857, -1,
      856, 857, 866, -1,
      866, 857, 859, -1,
      866, 859, 867, -1,
      867, 859, 806, -1,
      798, 799, 865, -1,
      865, 799, 800, -1,
      865, 800, 868, -1,
      852, 854, 853, -1,
      853, 854, 856, -1,
      853, 856, 869, -1,
      869, 856, 866, -1,
      869, 866, 870, -1,
      870, 866, 867, -1,
      800, 801, 868, -1,
      868, 801, 802, -1,
      868, 802, 871, -1,
      870, 872, 869, -1,
      869, 872, 873, -1,
      869, 873, 853, -1,
      853, 873, 874, -1,
      853, 874, 851, -1,
      810, 809, 875, -1,
      875, 809, 860, -1,
      875, 860, 876, -1,
      876, 860, 865, -1,
      876, 865, 877, -1,
      877, 865, 868, -1,
      877, 868, 878, -1,
      878, 868, 871, -1,
      878, 871, 879, -1,
      879, 871, 850, -1,
      879, 850, 120, -1,
      120, 880, 874, -1,
      874, 880, 881, -1,
      874, 881, 851, -1,
      872, 882, 873, -1,
      873, 882, 883, -1,
      873, 883, 874, -1,
      874, 883, 120, -1,
      882, 884, 883, -1,
      883, 884, 120, -1,
      802, 803, 871, -1,
      871, 803, 804, -1,
      871, 804, 850, -1,
      850, 804, 805, -1,
      850, 805, 796, -1,
      806, 810, 867, -1,
      867, 810, 875, -1,
      867, 875, 870, -1,
      870, 875, 876, -1,
      870, 876, 872, -1,
      872, 876, 877, -1,
      872, 877, 882, -1,
      882, 877, 878, -1,
      882, 878, 884, -1,
      884, 878, 879, -1,
      884, 879, 120, -1,
      73, 79, 815, -1,
      334, 332, 822, -1,
      822, 332, 861, -1,
      822, 861, 824, -1,
      824, 861, 862, -1,
      824, 862, 828, -1,
      828, 862, 863, -1,
      828, 863, 829, -1,
      829, 863, 864, -1,
      829, 864, 833, -1,
      833, 864, 855, -1,
      833, 855, 834, -1,
      834, 855, 854, -1,
      834, 854, 847, -1,
      847, 854, 852, -1,
      847, 852, 848, -1,
      848, 852, 851, -1,
      848, 851, 849, -1,
      849, 851, 881, -1,
      849, 881, 815, -1,
      815, 881, 880, -1,
      815, 880, 73, -1,
      73, 880, 120, -1,
    ]
  }
}

Shape {
  appearance Appearance {
    material Material {
      diffuseColor 0.6471 0.6471 0.6471
      specularColor 0.1961 0.1961 0.1961
      ambientIntensity 0.2
      transparency 0.0000
      shininess 0.5
    }
  }
  geometry IndexedFaceSet {
    ccw TRUE
    solid FALSE
    coord DEF co Coordinate {
      point [
        -0.096024 -0.107182 1.299213,
        -0.096024 0.108873 1.299213,
        0.007052 -0.025561 1.299213,
        -0.043211 -0.025561 1.299213,
        -0.043211 -0.107182 1.299213,
        0.673232 -0.082467 1.299213,
        0.664578 -0.107182 1.299213,
        0.488579 0.108873 1.299213,
        0.652967 0.165287 1.299213,
        0.652967 0.208498 1.299213,
        0.643551 0.213700 1.299213,
        0.541606 0.170459 1.299213,
        0.522154 0.157252 1.299213,
        0.503026 0.135784 1.299213,
        0.442741 0.118378 1.299213,
        0.468367 0.164193 1.299213,
        0.493945 0.191514 1.299213,
        0.521201 0.209467 1.299213,
        0.621215 0.176941 1.299213,
        0.587626 0.180891 1.299213,
        0.562251 0.178026 1.299213,
        0.553999 0.220818 1.299213,
        0.586650 0.224102 1.299213,
        0.620973 0.220957 1.299213,
        0.455315 -0.130719 1.299213,
        0.442715 -0.107182 1.299213,
        0.438472 -0.099259 1.299213,
        0.425710 -0.049344 1.299213,
        0.422508 -0.000880 1.299213,
        0.427230 0.061263 1.299213,
        0.440159 0.108873 1.299213,
        0.517612 -0.175019 1.299213,
        0.494236 -0.165839 1.299213,
        0.472826 -0.150628 1.299213,
        0.647487 -0.135390 1.299213,
        0.627315 -0.154915 1.299213,
        0.663228 -0.111039 1.299213,
        0.604656 -0.168504 1.299213,
        0.577754 -0.176855 1.299213,
        0.551391 -0.179201 1.299213,
        0.638356 0.049470 1.299213,
        0.655323 0.030451 1.299213,
        0.472246 0.019150 1.299213,
        0.473521 0.019150 1.299213,
        0.475277 0.060998 1.299213,
        0.487927 0.041485 1.299213,
        0.487196 0.106297 1.299213,
        0.503831 0.056864 1.299213,
        0.522642 0.067664 1.299213,
        0.543231 0.073561 1.299213,
        0.563694 0.075264 1.299213,
        0.593242 0.072130 1.299213,
        0.616691 0.063985 1.299213,
        0.667885 0.006709 1.299213,
        0.675665 -0.024941 1.299213,
        0.676973 -0.046867 1.299213,
        0.148838 0.101446 1.299213,
        0.145040 0.068297 1.299213,
        0.135718 0.042967 1.299213,
        0.119676 0.019448 1.299213,
        0.148671 0.108377 1.299213,
        0.096198 -0.001416 1.299213,
        0.067251 -0.016546 1.299213,
        0.035943 -0.024240 1.299213,
        -0.096024 0.219301 1.299213,
        0.135372 0.161865 1.299213,
        0.144056 0.139774 1.299213,
        0.148598 0.108873 1.299213,
        0.053670 0.216077 1.299213,
        0.083667 0.207302 1.299213,
        0.106817 0.194307 1.299213,
        0.121208 0.181587 1.299213,
        0.015304 0.219301 1.299213,
        -0.096024 -0.174400 1.299213,
        -0.043211 -0.174400 1.299213,
        -0.643365 -0.174400 1.299213,
        -0.401062 -0.132688 1.299213,
        -0.374446 -0.107182 1.299213,
        -0.368670 -0.101648 1.299213,
        -0.442145 -0.156588 1.299213,
        -0.487506 -0.170131 1.299213,
        -0.536312 -0.174400 1.299213,
        -0.326483 0.027402 1.299213,
        -0.332008 -0.025287 1.299213,
        -0.346110 -0.066426 1.299213,
        -0.357659 0.136302 1.299213,
        -0.343047 0.108873 1.299213,
        -0.339565 0.102335 1.299213,
        -0.329189 0.063494 1.299213,
        -0.643365 0.219301 1.299213,
        -0.532261 0.219301 1.299213,
        -0.475651 0.213283 1.299213,
        -0.429742 0.197256 1.299213,
        -0.386755 0.168580 1.299213,
        -0.385200 0.167209 1.299213,
        -0.643365 0.108873 1.299213,
        -0.643365 -0.107182 1.299213,
        -0.249664 0.108873 1.299213,
        -0.249664 0.219301 1.299213,
        -0.249664 -0.107182 1.299213,
        -0.196850 -0.107182 1.299213,
        -0.196850 -0.174400 1.299213,
        -0.249664 -0.174400 1.299213,
        -0.196850 0.219301 1.299213,
        -0.196850 0.108873 1.299213,
        -0.739115 -0.778485 1.299213,
        -0.745822 -0.829433 1.299213,
        -0.765487 -0.876910 1.299213,
        -0.796770 -0.917679 1.299213,
        -0.837540 -0.948962 1.299213,
        -1.034390 -0.948962 1.299213,
        -1.075159 -0.917679 1.299213,
        -1.106443 -0.876910 1.299213,
        -1.126107 -0.829433 1.299213,
        -1.132815 -0.778485 1.299213,
        -1.126107 -0.727536 1.299213,
        -1.106443 -0.680059 1.299213,
        -1.075159 -0.639290 1.299213,
        -1.034390 -0.608007 1.299213,
        -0.986913 -0.588342 1.299213,
        -0.885016 -0.968628 1.299213,
        -0.935965 -0.975335 1.299213,
        -0.986913 -0.968628 1.299213,
        -0.935965 -0.581634 1.299213,
        -0.885016 -0.588342 1.299213,
        -0.837540 -0.608007 1.299213,
        -0.796770 -0.639290 1.299213,
        -0.765487 -0.680059 1.299213,
        -0.745822 -0.727536 1.299213,
        0.206453 -0.039965 1.299213,
        0.206453 -0.001556 1.299213,
        0.355291 -0.039965 1.299213,
        0.355291 -0.001556 1.299213,
        -0.536312 -0.174400 1.295276,
        -0.643365 -0.174400 1.295276,
        -0.643365 0.219301 1.295276,
        -0.532261 0.219301 1.295276,
        -0.326483 0.027402 1.295276,
        -0.329189 0.063494 1.295276,
        -0.339565 0.102335 1.295276,
        -0.357659 0.136302 1.295276,
        -0.385200 0.167209 1.295276,
        -0.386755 0.168580 1.295276,
        -0.429742 0.197256 1.295276,
        -0.475651 0.213283 1.295276,
        -0.442145 -0.156588 1.295276,
        -0.487506 -0.170131 1.295276,
        -0.368670 -0.101648 1.295276,
        -0.401062 -0.132688 1.295276,
        -0.346110 -0.066426 1.295276,
        -0.332008 -0.025287 1.295276,
        -0.405548 0.120933 1.295276,
        -0.424681 0.141226 1.295276,
        -0.453451 0.159793 1.295276,
        -0.485960 0.171153 1.295276,
        -0.532486 0.176090 1.295276,
        -0.590551 0.176090 1.295276,
        -0.590551 -0.131189 1.295276,
        -0.534662 -0.131189 1.295276,
        -0.493126 -0.127322 1.295276,
        -0.459983 -0.116976 1.295276,
        -0.433136 -0.101030 1.295276,
        -0.411057 -0.079218 1.295276,
        -0.394454 -0.052071 1.295276,
        -0.382909 -0.015059 1.295276,
        -0.379297 0.026277 1.295276,
        -0.382642 0.065460 1.295276,
        -0.391861 0.096668 1.295276,
        -0.532486 0.176090 1.299213,
        -0.590551 0.176090 1.299213,
        -0.485960 0.171153 1.299213,
        -0.453451 0.159793 1.299213,
        -0.424681 0.141226 1.299213,
        -0.405548 0.120933 1.299213,
        -0.391861 0.096668 1.299213,
        -0.382642 0.065460 1.299213,
        -0.379297 0.026277 1.299213,
        -0.382909 -0.015059 1.299213,
        -0.394454 -0.052071 1.299213,
        -0.411057 -0.079218 1.299213,
        -0.433136 -0.101030 1.299213,
        -0.459983 -0.116976 1.299213,
        -0.493126 -0.127322 1.299213,
        -0.534662 -0.131189 1.299213,
        -0.590551 -0.131189 1.299213,
        -0.249664 0.219301 1.295276,
        -0.196850 0.219301 1.295276,
        -0.196850 -0.174400 1.295276,
        -0.249664 -0.174400 1.295276,
        0.007052 -0.025561 1.295276,
        -0.043211 -0.025561 1.295276,
        -0.043211 -0.174400 1.295276,
        -0.096024 -0.174400 1.295276,
        -0.096024 0.219301 1.295276,
        0.015304 0.219301 1.295276,
        0.148838 0.101446 1.295276,
        0.148671 0.108377 1.295276,
        0.144056 0.139774 1.295276,
        0.135372 0.161865 1.295276,
        0.121208 0.181587 1.295276,
        0.106817 0.194307 1.295276,
        0.083667 0.207302 1.295276,
        0.053670 0.216077 1.295276,
        0.035943 -0.024240 1.295276,
        0.067251 -0.016546 1.295276,
        0.096198 -0.001416 1.295276,
        0.119676 0.019448 1.295276,
        0.135718 0.042967 1.295276,
        0.145040 0.068297 1.295276,
        -0.043211 0.176090 1.295276,
        0.007727 0.176090 1.295276,
        0.017215 0.175852 1.295276,
        0.046267 0.171316 1.295276,
        0.064050 0.163901 1.295276,
        0.073599 0.157275 1.295276,
        0.082443 0.147746 1.295276,
        0.089530 0.135301 1.295276,
        0.094339 0.119359 1.295276,
        0.096024 0.099420 1.295276,
        0.095990 0.097747 1.295276,
        0.093126 0.073964 1.295276,
        0.087476 0.058583 1.295276,
        0.078348 0.044905 1.295276,
        0.065690 0.033627 1.295276,
        0.050076 0.025346 1.295276,
        0.029561 0.019783 1.295276,
        0.002926 0.017650 1.295276,
        -0.043211 0.017650 1.295276,
        0.007727 0.176090 1.299213,
        -0.043211 0.176090 1.299213,
        0.017215 0.175852 1.299213,
        0.046267 0.171316 1.299213,
        0.064050 0.163901 1.299213,
        0.073599 0.157275 1.299213,
        0.082443 0.147746 1.299213,
        0.089530 0.135301 1.299213,
        0.094339 0.119359 1.299213,
        0.096024 0.099420 1.299213,
        0.095990 0.097747 1.299213,
        0.093126 0.073964 1.299213,
        0.087476 0.058583 1.299213,
        0.078348 0.044905 1.299213,
        0.065690 0.033627 1.299213,
        0.050076 0.025346 1.299213,
        0.029561 0.019783 1.299213,
        0.002926 0.017650 1.299213,
        -0.043211 0.017650 1.299213,
        0.355291 -0.001556 1.295276,
        0.355291 -0.039965 1.295276,
        0.206453 -0.039965 1.295276,
        0.206453 -0.001556 1.295276,
        0.652967 0.208498 1.295276,
        0.652967 0.165287 1.295276,
        0.587626 0.180891 1.295276,
        0.621215 0.176941 1.295276,
        0.472246 0.019150 1.295276,
        0.475277 0.060998 1.295276,
        0.487196 0.106297 1.295276,
        0.503026 0.135784 1.295276,
        0.522154 0.157252 1.295276,
        0.541606 0.170459 1.295276,
        0.562251 0.178026 1.295276,
        0.473521 0.019150 1.295276,
        0.563694 0.075264 1.295276,
        0.543231 0.073561 1.295276,
        0.522642 0.067664 1.295276,
        0.503831 0.056864 1.295276,
        0.487927 0.041485 1.295276,
        0.676973 -0.046867 1.295276,
        0.675665 -0.024941 1.295276,
        0.667885 0.006709 1.295276,
        0.655323 0.030451 1.295276,
        0.638356 0.049470 1.295276,
        0.616691 0.063985 1.295276,
        0.593242 0.072130 1.295276,
        0.673232 -0.082467 1.295276,
        0.551391 -0.179201 1.295276,
        0.577754 -0.176855 1.295276,
        0.604656 -0.168504 1.295276,
        0.627315 -0.154915 1.295276,
        0.647487 -0.135390 1.295276,
        0.663228 -0.111039 1.295276,
        0.422508 -0.000880 1.295276,
        0.425710 -0.049344 1.295276,
        0.438472 -0.099259 1.295276,
        0.455315 -0.130719 1.295276,
        0.472826 -0.150628 1.295276,
        0.494236 -0.165839 1.295276,
        0.517612 -0.175019 1.295276,
        0.427230 0.061263 1.295276,
        0.586650 0.224102 1.295276,
        0.553999 0.220818 1.295276,
        0.521201 0.209467 1.295276,
        0.493945 0.191514 1.295276,
        0.468367 0.164193 1.295276,
        0.442741 0.118378 1.295276,
        0.643551 0.213700 1.295276,
        0.620973 0.220957 1.295276,
        0.475754 -0.034449 1.295276,
        0.479841 -0.016602 1.295276,
        0.510131 -0.123062 1.295276,
        0.498772 -0.112240 1.295276,
        0.486147 -0.092902 1.295276,
        0.478241 -0.070544 1.295276,
        0.475322 -0.043491 1.295276,
        0.488677 0.000427 1.295276,
        0.501548 0.014913 1.295276,
        0.515741 0.024443 1.295276,
        0.530903 0.029878 1.295276,
        0.550491 0.032053 1.295276,
        0.562856 0.031328 1.295276,
        0.578476 0.027732 1.295276,
        0.591274 0.021640 1.295276,
        0.601957 0.013068 1.295276,
        0.608187 0.005787 1.295276,
        0.616521 -0.008957 1.295276,
        0.622083 -0.027909 1.295276,
        0.624160 -0.052193 1.295276,
        0.622424 -0.072620 1.295276,
        0.617102 -0.090974 1.295276,
        0.608439 -0.106777 1.295276,
        0.596544 -0.119868 1.295276,
        0.583767 -0.128569 1.295276,
        0.569984 -0.133707 1.295276,
        0.551016 -0.135990 1.295276,
        0.537094 -0.134741 1.295276,
        0.522659 -0.130349 1.295276,
        0.475322 -0.043491 1.299213,
        0.475754 -0.034449 1.299213,
        0.479841 -0.016602 1.299213,
        0.488677 0.000427 1.299213,
        0.501548 0.014913 1.299213,
        0.515741 0.024443 1.299213,
        0.530903 0.029878 1.299213,
        0.550491 0.032053 1.299213,
        0.562856 0.031328 1.299213,
        0.578476 0.027732 1.299213,
        0.591274 0.021640 1.299213,
        0.601957 0.013068 1.299213,
        0.608187 0.005787 1.299213,
        0.616521 -0.008957 1.299213,
        0.622083 -0.027909 1.299213,
        0.624160 -0.052193 1.299213,
        0.622424 -0.072620 1.299213,
        0.617102 -0.090974 1.299213,
        0.608439 -0.106777 1.299213,
        0.596544 -0.119868 1.299213,
        0.583767 -0.128569 1.299213,
        0.569984 -0.133707 1.299213,
        0.551016 -0.135990 1.299213,
        0.537094 -0.134741 1.299213,
        0.522659 -0.130349 1.299213,
        0.510131 -0.123062 1.299213,
        0.498772 -0.112240 1.299213,
        0.486147 -0.092902 1.299213,
        0.478241 -0.070544 1.299213,
        -0.739115 -0.778485 1.295276,
        -0.745822 -0.727536 1.295276,
        -0.765487 -0.680059 1.295276,
        -0.796770 -0.639290 1.295276,
        -0.837540 -0.608007 1.295276,
        -0.885016 -0.588342 1.295276,
        -0.935965 -0.581634 1.295276,
        -0.986913 -0.588342 1.295276,
        -1.034390 -0.608007 1.295276,
        -1.075159 -0.639290 1.295276,
        -1.106443 -0.680059 1.295276,
        -1.126107 -0.727536 1.295276,
        -1.132815 -0.778485 1.295276,
        -1.126107 -0.829433 1.295276,
        -1.106443 -0.876910 1.295276,
        -1.075159 -0.917679 1.295276,
        -1.034390 -0.948962 1.295276,
        -0.986913 -0.968628 1.295276,
        -0.935965 -0.975335 1.295276,
        -0.885016 -0.968628 1.295276,
        -0.837540 -0.948962 1.295276,
        -0.796770 -0.917679 1.295276,
        -0.765487 -0.876910 1.295276,
        -0.745822 -0.829433 1.295276,
        -0.935965 -0.778485 1.295276,
      ]
    }
    coordIndex [
      133, 134, 81, -1,
      81, 134, 75, -1,
      96, 75, 134, -1,
      96, 134, 95, -1,
      95, 134, 135, -1,
      95, 135, 89, -1,
      135, 136, 89, -1,
      89, 136, 90, -1,
      137, 82, 88, -1,
      137, 88, 138, -1,
      138, 88, 87, -1,
      138, 87, 139, -1,
      139, 87, 86, -1,
      139, 86, 140, -1,
      86, 85, 140, -1,
      140, 85, 94, -1,
      140, 94, 141, -1,
      141, 94, 93, -1,
      141, 93, 142, -1,
      142, 93, 92, -1,
      142, 92, 143, -1,
      143, 92, 91, -1,
      143, 91, 144, -1,
      144, 91, 90, -1,
      144, 90, 136, -1,
      76, 145, 79, -1,
      79, 145, 146, -1,
      79, 146, 80, -1,
      80, 146, 133, -1,
      80, 133, 81, -1,
      77, 147, 76, -1,
      76, 147, 148, -1,
      76, 148, 145, -1,
      77, 78, 147, -1,
      147, 78, 84, -1,
      147, 84, 149, -1,
      149, 84, 83, -1,
      149, 83, 150, -1,
      150, 83, 82, -1,
      150, 82, 137, -1,
      139, 140, 151, -1,
      151, 140, 141, -1,
      151, 141, 152, -1,
      152, 141, 142, -1,
      152, 142, 153, -1,
      153, 142, 143, -1,
      153, 143, 154, -1,
      154, 143, 144, -1,
      154, 144, 155, -1,
      155, 144, 136, -1,
      155, 136, 156, -1,
      156, 136, 135, -1,
      156, 135, 157, -1,
      157, 135, 134, -1,
      157, 134, 158, -1,
      158, 134, 133, -1,
      158, 133, 159, -1,
      159, 133, 146, -1,
      159, 146, 160, -1,
      160, 146, 145, -1,
      160, 145, 161, -1,
      161, 145, 148, -1,
      161, 148, 162, -1,
      162, 148, 147, -1,
      162, 147, 163, -1,
      163, 147, 149, -1,
      163, 149, 164, -1,
      164, 149, 150, -1,
      164, 150, 165, -1,
      165, 150, 137, -1,
      165, 137, 166, -1,
      166, 137, 138, -1,
      166, 138, 167, -1,
      167, 138, 139, -1,
      167, 139, 151, -1,
      155, 156, 168, -1,
      168, 156, 169, -1,
      155, 168, 170, -1,
      155, 170, 154, -1,
      154, 170, 171, -1,
      154, 171, 153, -1,
      153, 171, 172, -1,
      153, 172, 152, -1,
      152, 172, 173, -1,
      152, 173, 151, -1,
      151, 173, 174, -1,
      151, 174, 167, -1,
      167, 174, 175, -1,
      167, 175, 166, -1,
      166, 175, 176, -1,
      166, 176, 165, -1,
      165, 176, 177, -1,
      165, 177, 164, -1,
      164, 177, 178, -1,
      164, 178, 163, -1,
      163, 178, 179, -1,
      163, 179, 162, -1,
      162, 179, 180, -1,
      162, 180, 161, -1,
      161, 180, 181, -1,
      161, 181, 160, -1,
      160, 181, 182, -1,
      160, 182, 159, -1,
      159, 182, 183, -1,
      159, 183, 158, -1,
      157, 158, 184, -1,
      184, 158, 183, -1,
      156, 157, 169, -1,
      169, 157, 184, -1,
      185, 186, 98, -1,
      98, 186, 103, -1,
      101, 100, 187, -1,
      187, 100, 104, -1,
      187, 104, 186, -1,
      186, 104, 103, -1,
      187, 188, 101, -1,
      101, 188, 102, -1,
      99, 102, 188, -1,
      99, 188, 97, -1,
      97, 188, 185, -1,
      97, 185, 98, -1,
      188, 187, 185, -1,
      185, 187, 186, -1,
      189, 190, 2, -1,
      2, 190, 3, -1,
      3, 190, 4, -1,
      4, 190, 191, -1,
      4, 191, 74, -1,
      191, 192, 74, -1,
      74, 192, 73, -1,
      0, 73, 192, -1,
      0, 192, 1, -1,
      1, 192, 193, -1,
      1, 193, 64, -1,
      193, 194, 64, -1,
      64, 194, 72, -1,
      195, 56, 60, -1,
      195, 60, 196, -1,
      196, 60, 67, -1,
      196, 67, 197, -1,
      67, 66, 197, -1,
      197, 66, 65, -1,
      197, 65, 198, -1,
      198, 65, 71, -1,
      198, 71, 199, -1,
      199, 71, 70, -1,
      199, 70, 200, -1,
      200, 70, 69, -1,
      200, 69, 201, -1,
      201, 69, 68, -1,
      201, 68, 202, -1,
      202, 68, 72, -1,
      202, 72, 194, -1,
      189, 2, 63, -1,
      189, 63, 203, -1,
      203, 63, 62, -1,
      203, 62, 204, -1,
      204, 62, 61, -1,
      204, 61, 205, -1,
      205, 61, 59, -1,
      205, 59, 206, -1,
      206, 59, 58, -1,
      206, 58, 207, -1,
      207, 58, 57, -1,
      207, 57, 208, -1,
      208, 57, 56, -1,
      208, 56, 195, -1,
      193, 192, 190, -1,
      190, 192, 191, -1,
      209, 210, 194, -1,
      194, 210, 211, -1,
      194, 211, 202, -1,
      202, 211, 212, -1,
      202, 212, 201, -1,
      201, 212, 213, -1,
      201, 213, 200, -1,
      200, 213, 214, -1,
      200, 214, 199, -1,
      199, 214, 215, -1,
      199, 215, 198, -1,
      198, 215, 216, -1,
      198, 216, 197, -1,
      197, 216, 217, -1,
      197, 217, 196, -1,
      196, 217, 218, -1,
      196, 218, 195, -1,
      195, 218, 219, -1,
      195, 219, 208, -1,
      208, 219, 220, -1,
      208, 220, 207, -1,
      207, 220, 221, -1,
      207, 221, 206, -1,
      206, 221, 222, -1,
      206, 222, 205, -1,
      205, 222, 223, -1,
      205, 223, 204, -1,
      204, 223, 224, -1,
      204, 224, 203, -1,
      203, 224, 225, -1,
      203, 225, 189, -1,
      189, 225, 226, -1,
      189, 226, 190, -1,
      190, 226, 227, -1,
      190, 227, 193, -1,
      193, 227, 209, -1,
      193, 209, 194, -1,
      210, 209, 228, -1,
      228, 209, 229, -1,
      210, 228, 230, -1,
      210, 230, 211, -1,
      211, 230, 231, -1,
      211, 231, 212, -1,
      212, 231, 232, -1,
      212, 232, 213, -1,
      213, 232, 233, -1,
      213, 233, 214, -1,
      214, 233, 234, -1,
      214, 234, 215, -1,
      215, 234, 235, -1,
      215, 235, 216, -1,
      216, 235, 236, -1,
      216, 236, 217, -1,
      217, 236, 237, -1,
      217, 237, 218, -1,
      218, 237, 238, -1,
      218, 238, 219, -1,
      219, 238, 239, -1,
      219, 239, 220, -1,
      220, 239, 240, -1,
      220, 240, 221, -1,
      221, 240, 241, -1,
      221, 241, 222, -1,
      222, 241, 242, -1,
      222, 242, 223, -1,
      223, 242, 243, -1,
      223, 243, 224, -1,
      224, 243, 244, -1,
      224, 244, 225, -1,
      225, 244, 245, -1,
      225, 245, 226, -1,
      227, 226, 246, -1,
      246, 226, 245, -1,
      209, 227, 229, -1,
      229, 227, 246, -1,
      247, 248, 132, -1,
      132, 248, 131, -1,
      248, 249, 131, -1,
      131, 249, 129, -1,
      249, 250, 129, -1,
      129, 250, 130, -1,
      250, 247, 130, -1,
      130, 247, 132, -1,
      250, 249, 247, -1,
      247, 249, 248, -1,
      251, 252, 9, -1,
      9, 252, 8, -1,
      253, 19, 18, -1,
      253, 18, 254, -1,
      254, 18, 8, -1,
      254, 8, 252, -1,
      255, 42, 44, -1,
      255, 44, 256, -1,
      256, 44, 46, -1,
      256, 46, 257, -1,
      257, 46, 7, -1,
      257, 7, 258, -1,
      7, 13, 258, -1,
      258, 13, 12, -1,
      258, 12, 259, -1,
      259, 12, 11, -1,
      259, 11, 260, -1,
      260, 11, 20, -1,
      260, 20, 261, -1,
      261, 20, 19, -1,
      261, 19, 253, -1,
      255, 262, 42, -1,
      42, 262, 43, -1,
      263, 50, 49, -1,
      263, 49, 264, -1,
      264, 49, 48, -1,
      264, 48, 265, -1,
      265, 48, 47, -1,
      265, 47, 266, -1,
      266, 47, 45, -1,
      266, 45, 267, -1,
      267, 45, 43, -1,
      267, 43, 262, -1,
      268, 55, 54, -1,
      268, 54, 269, -1,
      269, 54, 53, -1,
      269, 53, 270, -1,
      270, 53, 41, -1,
      270, 41, 271, -1,
      271, 41, 40, -1,
      271, 40, 272, -1,
      272, 40, 52, -1,
      272, 52, 273, -1,
      273, 52, 51, -1,
      273, 51, 274, -1,
      274, 51, 50, -1,
      274, 50, 263, -1,
      55, 268, 275, -1,
      276, 39, 38, -1,
      276, 38, 277, -1,
      277, 38, 37, -1,
      277, 37, 278, -1,
      278, 37, 35, -1,
      278, 35, 279, -1,
      279, 35, 34, -1,
      279, 34, 280, -1,
      280, 34, 36, -1,
      280, 36, 281, -1,
      281, 36, 6, -1,
      281, 6, 275, -1,
      275, 6, 5, -1,
      275, 5, 55, -1,
      282, 28, 27, -1,
      282, 27, 283, -1,
      283, 27, 26, -1,
      283, 26, 284, -1,
      284, 26, 25, -1,
      284, 25, 285, -1,
      25, 24, 285, -1,
      285, 24, 33, -1,
      285, 33, 286, -1,
      286, 33, 32, -1,
      286, 32, 287, -1,
      287, 32, 31, -1,
      287, 31, 288, -1,
      288, 31, 39, -1,
      288, 39, 276, -1,
      28, 282, 289, -1,
      290, 22, 21, -1,
      290, 21, 291, -1,
      291, 21, 17, -1,
      291, 17, 292, -1,
      292, 17, 16, -1,
      292, 16, 293, -1,
      293, 16, 15, -1,
      293, 15, 294, -1,
      294, 15, 14, -1,
      294, 14, 295, -1,
      295, 14, 30, -1,
      295, 30, 289, -1,
      289, 30, 29, -1,
      289, 29, 28, -1,
      251, 9, 10, -1,
      251, 10, 296, -1,
      296, 10, 23, -1,
      296, 23, 297, -1,
      297, 23, 22, -1,
      297, 22, 290, -1,
      298, 299, 283, -1,
      282, 255, 256, -1,
      252, 251, 296, -1,
      252, 296, 254, -1,
      254, 296, 297, -1,
      254, 297, 253, -1,
      253, 297, 290, -1,
      253, 290, 261, -1,
      261, 290, 291, -1,
      261, 291, 260, -1,
      260, 291, 292, -1,
      260, 292, 259, -1,
      259, 292, 293, -1,
      259, 293, 258, -1,
      258, 293, 294, -1,
      258, 294, 257, -1,
      257, 294, 295, -1,
      257, 295, 256, -1,
      256, 295, 289, -1,
      256, 289, 282, -1,
      287, 300, 286, -1,
      286, 300, 301, -1,
      286, 301, 285, -1,
      285, 301, 302, -1,
      285, 302, 284, -1,
      284, 302, 303, -1,
      284, 303, 283, -1,
      283, 303, 304, -1,
      283, 304, 298, -1,
      282, 283, 255, -1,
      255, 283, 299, -1,
      255, 299, 262, -1,
      262, 299, 305, -1,
      262, 305, 267, -1,
      267, 305, 306, -1,
      267, 306, 266, -1,
      266, 306, 307, -1,
      266, 307, 265, -1,
      265, 307, 308, -1,
      265, 308, 264, -1,
      264, 308, 309, -1,
      264, 309, 263, -1,
      263, 309, 310, -1,
      263, 310, 274, -1,
      274, 310, 311, -1,
      274, 311, 273, -1,
      273, 311, 312, -1,
      273, 312, 272, -1,
      272, 312, 313, -1,
      272, 313, 271, -1,
      271, 313, 314, -1,
      271, 314, 270, -1,
      270, 314, 315, -1,
      270, 315, 269, -1,
      269, 315, 316, -1,
      269, 316, 268, -1,
      268, 316, 317, -1,
      268, 317, 275, -1,
      275, 317, 318, -1,
      275, 318, 281, -1,
      281, 318, 319, -1,
      281, 319, 280, -1,
      280, 319, 320, -1,
      280, 320, 279, -1,
      279, 320, 321, -1,
      279, 321, 278, -1,
      278, 321, 322, -1,
      278, 322, 277, -1,
      277, 322, 323, -1,
      277, 323, 276, -1,
      276, 323, 324, -1,
      276, 324, 288, -1,
      288, 324, 325, -1,
      288, 325, 287, -1,
      287, 325, 326, -1,
      287, 326, 300, -1,
      304, 327, 328, -1,
      304, 328, 298, -1,
      298, 328, 329, -1,
      298, 329, 299, -1,
      299, 329, 330, -1,
      299, 330, 305, -1,
      305, 330, 331, -1,
      305, 331, 306, -1,
      306, 331, 332, -1,
      306, 332, 307, -1,
      307, 332, 333, -1,
      307, 333, 308, -1,
      308, 333, 334, -1,
      308, 334, 309, -1,
      309, 334, 335, -1,
      309, 335, 310, -1,
      310, 335, 336, -1,
      310, 336, 311, -1,
      311, 336, 337, -1,
      311, 337, 312, -1,
      312, 337, 338, -1,
      312, 338, 313, -1,
      313, 338, 339, -1,
      313, 339, 314, -1,
      314, 339, 340, -1,
      314, 340, 315, -1,
      315, 340, 341, -1,
      315, 341, 316, -1,
      316, 341, 342, -1,
      316, 342, 317, -1,
      317, 342, 343, -1,
      317, 343, 318, -1,
      318, 343, 344, -1,
      318, 344, 319, -1,
      319, 344, 345, -1,
      319, 345, 320, -1,
      320, 345, 346, -1,
      320, 346, 321, -1,
      321, 346, 347, -1,
      321, 347, 322, -1,
      322, 347, 348, -1,
      322, 348, 323, -1,
      323, 348, 349, -1,
      323, 349, 324, -1,
      324, 349, 350, -1,
      324, 350, 325, -1,
      325, 350, 351, -1,
      325, 351, 326, -1,
      326, 351, 352, -1,
      326, 352, 300, -1,
      300, 352, 353, -1,
      300, 353, 301, -1,
      301, 353, 354, -1,
      301, 354, 302, -1,
      302, 354, 355, -1,
      302, 355, 303, -1,
      303, 355, 327, -1,
      303, 327, 304, -1,
      356, 105, 357, -1,
      357, 105, 128, -1,
      357, 128, 358, -1,
      358, 128, 127, -1,
      358, 127, 359, -1,
      359, 127, 126, -1,
      359, 126, 360, -1,
      360, 126, 125, -1,
      360, 125, 361, -1,
      361, 125, 124, -1,
      361, 124, 362, -1,
      362, 124, 123, -1,
      362, 123, 363, -1,
      363, 123, 119, -1,
      363, 119, 364, -1,
      364, 119, 118, -1,
      364, 118, 365, -1,
      365, 118, 117, -1,
      365, 117, 366, -1,
      366, 117, 116, -1,
      366, 116, 367, -1,
      367, 116, 115, -1,
      367, 115, 368, -1,
      368, 115, 114, -1,
      368, 114, 369, -1,
      369, 114, 113, -1,
      369, 113, 370, -1,
      370, 113, 112, -1,
      370, 112, 371, -1,
      371, 112, 111, -1,
      371, 111, 372, -1,
      372, 111, 110, -1,
      372, 110, 373, -1,
      373, 110, 122, -1,
      373, 122, 374, -1,
      374, 122, 121, -1,
      374, 121, 375, -1,
      375, 121, 120, -1,
      375, 120, 376, -1,
      376, 120, 109, -1,
      376, 109, 377, -1,
      377, 109, 108, -1,
      377, 108, 378, -1,
      378, 108, 107, -1,
      378, 107, 379, -1,
      379, 107, 106, -1,
      379, 106, 356, -1,
      356, 106, 105, -1,
      378, 379, 380, -1,
      380, 379, 356, -1,
      380, 356, 357, -1,
      375, 376, 380, -1,
      380, 376, 377, -1,
      380, 377, 378, -1,
      372, 373, 380, -1,
      380, 373, 374, -1,
      380, 374, 375, -1,
      369, 370, 380, -1,
      380, 370, 371, -1,
      380, 371, 372, -1,
      366, 367, 380, -1,
      380, 367, 368, -1,
      380, 368, 369, -1,
      363, 364, 380, -1,
      380, 364, 365, -1,
      380, 365, 366, -1,
      360, 361, 380, -1,
      380, 361, 362, -1,
      380, 362, 363, -1,
      357, 358, 380, -1,
      380, 358, 359, -1,
      380, 359, 360, -1,
    ]
  }
}

Shape {
  appearance Appearance {
    material Material {
      diffuseColor 0.2235 0.2235 0.2235
      specularColor 0.0667 0.0667 0.0667
      ambientIntensity 0.2
      transparency 0.0000
      shininess 0.5
    }
  }
  geometry IndexedFaceSet {
    ccw TRUE
    solid FALSE
    coord DEF co Coordinate {
      point [
        -0.532486 0.176090 1.299213,
        -0.590551 0.176090 1.299213,
        -0.485960 0.171153 1.299213,
        -0.453451 0.159793 1.299213,
        -0.424681 0.141226 1.299213,
        -0.405548 0.120933 1.299213,
        -0.391861 0.096668 1.299213,
        -0.382642 0.065460 1.299213,
        -0.379297 0.026277 1.299213,
        -0.382909 -0.015059 1.299213,
        -0.394454 -0.052071 1.299213,
        -0.411057 -0.079218 1.299213,
        -0.433136 -0.101030 1.299213,
        -0.459983 -0.116976 1.299213,
        -0.493126 -0.127322 1.299213,
        -0.534662 -0.131189 1.299213,
        -0.590551 -0.131189 1.299213,
        0.007727 0.176090 1.299213,
        -0.043211 0.176090 1.299213,
        0.017215 0.175852 1.299213,
        0.046267 0.171316 1.299213,
        0.064050 0.163901 1.299213,
        0.073599 0.157275 1.299213,
        0.082443 0.147746 1.299213,
        0.089530 0.135301 1.299213,
        0.094339 0.119359 1.299213,
        0.096024 0.099420 1.299213,
        0.095990 0.097747 1.299213,
        0.093126 0.073964 1.299213,
        0.087476 0.058583 1.299213,
        0.078348 0.044905 1.299213,
        0.065690 0.033627 1.299213,
        0.050076 0.025346 1.299213,
        0.029561 0.019783 1.299213,
        0.002926 0.017650 1.299213,
        -0.043211 0.017650 1.299213,
        0.475322 -0.043491 1.299213,
        0.475754 -0.034449 1.299213,
        0.479841 -0.016602 1.299213,
        0.488677 0.000427 1.299213,
        0.501548 0.014913 1.299213,
        0.515741 0.024443 1.299213,
        0.530903 0.029878 1.299213,
        0.550491 0.032053 1.299213,
        0.562856 0.031328 1.299213,
        0.578476 0.027732 1.299213,
        0.591274 0.021640 1.299213,
        0.601957 0.013068 1.299213,
        0.608187 0.005787 1.299213,
        0.616521 -0.008957 1.299213,
        0.622083 -0.027909 1.299213,
        0.624160 -0.052193 1.299213,
        0.622424 -0.072620 1.299213,
        0.617102 -0.090974 1.299213,
        0.608439 -0.106777 1.299213,
        0.596544 -0.119868 1.299213,
        0.583767 -0.128569 1.299213,
        0.569984 -0.133707 1.299213,
        0.551016 -0.135990 1.299213,
        0.537094 -0.134741 1.299213,
        0.522659 -0.130349 1.299213,
        0.510131 -0.123062 1.299213,
        0.498772 -0.112240 1.299213,
        0.486147 -0.092902 1.299213,
        0.478241 -0.070544 1.299213,
      ]
    }
    coordIndex [
      1, 16, 0, -1,
      0, 16, 15, -1,
      0, 15, 14, -1,
      8, 7, 0, -1,
      0, 7, 6, -1,
      0, 6, 2, -1,
      14, 13, 0, -1,
      0, 13, 12, -1,
      0, 12, 11, -1,
      11, 10, 0, -1,
      0, 10, 9, -1,
      0, 9, 8, -1,
      5, 4, 6, -1,
      6, 4, 3, -1,
      6, 3, 2, -1,
      18, 35, 17, -1,
      17, 35, 34, -1,
      34, 33, 17, -1,
      17, 33, 32, -1,
      17, 32, 31, -1,
      28, 27, 17, -1,
      17, 27, 26, -1,
      17, 26, 19, -1,
      19, 26, 25, -1,
      19, 25, 20, -1,
      20, 25, 21, -1,
      31, 30, 17, -1,
      17, 30, 29, -1,
      17, 29, 28, -1,
      21, 25, 22, -1,
      22, 25, 24, -1,
      22, 24, 23, -1,
      51, 50, 36, -1,
      36, 50, 49, -1,
      36, 49, 48, -1,
      48, 47, 36, -1,
      36, 47, 46, -1,
      36, 46, 45, -1,
      63, 62, 52, -1,
      53, 52, 58, -1,
      58, 52, 59, -1,
      45, 44, 36, -1,
      36, 44, 43, -1,
      36, 43, 37, -1,
      37, 43, 42, -1,
      37, 42, 41, -1,
      51, 36, 52, -1,
      52, 36, 64, -1,
      52, 64, 63, -1,
      62, 61, 52, -1,
      52, 61, 60, -1,
      52, 60, 59, -1,
      57, 56, 55, -1,
      41, 40, 37, -1,
      37, 40, 39, -1,
      37, 39, 38, -1,
      57, 55, 58, -1,
      58, 55, 54, -1,
      58, 54, 53, -1,
    ]
  }
}

Shape {
  appearance Appearance {
    material Material {
      diffuseColor 0.6471 0.6471 0.6471
      specularColor 0.1961 0.1961 0.1961
      ambientIntensity 0.2
      transparency 0.0000
      shininess 0.5
    }
  }
  geometry IndexedFaceSet {
    ccw TRUE
    solid FALSE
    coord DEF co Coordinate {
      point [
        0.337061 0.180891 0.000000,
        0.375828 0.176538 0.000000,
        0.251919 -0.114692 0.000000,
        0.772998 -0.174400 0.000000,
        0.376343 -0.176800 0.000000,
        0.571346 -0.174400 0.000000,
        0.401708 -0.174170 0.000000,
        0.439936 -0.161003 0.000000,
        0.516938 0.115652 0.000000,
        0.493850 0.152456 0.000000,
        0.720184 0.219301 0.000000,
        0.289209 0.174674 0.000000,
        0.244863 -0.110783 0.000000,
        0.244863 0.155685 0.000000,
        0.244863 0.208498 0.000000,
        0.405296 0.165903 0.000000,
        0.432546 0.147673 0.000000,
        0.456321 0.121426 0.000000,
        0.484924 0.018250 0.000000,
        0.480938 -0.024370 0.000000,
        0.470242 -0.058235 0.000000,
        0.382635 -0.131870 0.000000,
        0.345913 -0.135990 0.000000,
        0.411322 -0.121310 0.000000,
        0.435484 -0.105024 0.000000,
        0.453959 -0.085534 0.000000,
        0.293653 -0.130189 0.000000,
        0.472552 0.091029 0.000000,
        0.483046 0.048882 0.000000,
        0.471600 -0.140761 0.000000,
        0.501154 -0.109617 0.000000,
        0.571346 -0.131189 0.000000,
        0.522111 -0.072174 0.000000,
        0.720184 -0.131189 0.000000,
        0.458292 0.186634 0.000000,
        0.420893 0.208146 0.000000,
        0.377002 0.220883 0.000000,
        0.533944 -0.030494 0.000000,
        0.537738 0.015024 0.000000,
        0.532159 0.070604 0.000000,
        0.337511 0.224102 0.000000,
        0.290381 0.220850 0.000000,
        0.244863 -0.153994 0.000000,
        0.286829 -0.171226 0.000000,
        0.326611 -0.176800 0.000000,
        0.342426 -0.179016 0.000000,
        0.353191 -0.179201 0.000000,
        0.772998 0.219301 0.000000,
        -0.043211 -0.174400 0.000000,
        0.168043 -0.174400 0.000000,
        0.168043 0.219301 0.000000,
        -0.417286 -0.066426 0.000000,
        -0.394725 -0.101648 0.000000,
        -0.465719 -0.174400 0.000000,
        -0.362333 -0.132688 0.000000,
        -0.033609 0.219301 0.000000,
        -0.321251 -0.156588 0.000000,
        -0.275889 -0.170131 0.000000,
        -0.227083 -0.174400 0.000000,
        0.115230 0.176090 0.000000,
        0.115230 0.046457 0.000000,
        -0.033609 0.176090 0.000000,
        -0.024006 0.046457 0.000000,
        -0.120031 0.219301 0.000000,
        -0.024006 0.003246 0.000000,
        0.115230 0.003246 0.000000,
        0.115230 -0.131189 0.000000,
        -0.043211 -0.131189 0.000000,
        -0.120031 -0.174400 0.000000,
        -0.287745 0.213283 0.000000,
        -0.333654 0.197256 0.000000,
        -0.614557 0.219301 0.000000,
        -0.376641 0.168580 0.000000,
        -0.231134 0.219301 0.000000,
        -0.821010 -0.174400 0.000000,
        -0.763395 -0.174400 0.000000,
        -0.378195 0.167209 0.000000,
        -0.405737 0.136302 0.000000,
        -0.423831 0.102335 0.000000,
        -0.667371 0.219301 0.000000,
        -0.434207 0.063494 0.000000,
        -0.436912 0.027402 0.000000,
        -0.431387 -0.025287 0.000000,
        -0.523334 -0.174400 0.000000,
        -0.723560 -0.063971 0.000000,
        -0.560919 -0.063971 0.000000,
        0.571346 -0.131189 0.003937,
        0.571346 -0.174400 0.003937,
        0.772998 -0.174400 0.003937,
        0.772998 0.219301 0.003937,
        0.720184 0.219301 0.003937,
        0.720184 -0.131189 0.003937,
        0.244863 -0.110783 0.003937,
        0.244863 -0.153994 0.003937,
        0.286829 -0.171226 0.003937,
        0.353191 -0.179201 0.003937,
        0.342426 -0.179016 0.003937,
        0.401708 -0.174170 0.003937,
        0.439936 -0.161003 0.003937,
        0.471600 -0.140761 0.003937,
        0.501154 -0.109617 0.003937,
        0.522111 -0.072174 0.003937,
        0.533944 -0.030494 0.003937,
        0.537738 0.015024 0.003937,
        0.337511 0.224102 0.003937,
        0.377002 0.220883 0.003937,
        0.420893 0.208146 0.003937,
        0.458292 0.186634 0.003937,
        0.493850 0.152456 0.003937,
        0.516938 0.115652 0.003937,
        0.532159 0.070604 0.003937,
        0.244863 0.208498 0.003937,
        0.290381 0.220850 0.003937,
        0.244863 0.155685 0.003937,
        0.337061 0.180891 0.003937,
        0.289209 0.174674 0.003937,
        0.484924 0.018250 0.003937,
        0.483046 0.048882 0.003937,
        0.472552 0.091029 0.003937,
        0.456321 0.121426 0.003937,
        0.432546 0.147673 0.003937,
        0.405296 0.165903 0.003937,
        0.375828 0.176538 0.003937,
        0.345913 -0.135990 0.003937,
        0.382635 -0.131870 0.003937,
        0.411322 -0.121310 0.003937,
        0.435484 -0.105024 0.003937,
        0.453959 -0.085534 0.003937,
        0.470242 -0.058235 0.003937,
        0.480938 -0.024370 0.003937,
        0.251919 -0.114692 0.003937,
        0.293653 -0.130189 0.003937,
        -0.043211 -0.131189 0.003937,
        -0.043211 -0.174400 0.003937,
        0.168043 -0.174400 0.003937,
        0.168043 0.219301 0.003937,
        -0.033609 0.219301 0.003937,
        -0.033609 0.176090 0.003937,
        0.115230 0.176090 0.003937,
        0.115230 0.046457 0.003937,
        -0.024006 0.046457 0.003937,
        -0.024006 0.003246 0.003937,
        0.115230 0.003246 0.003937,
        0.115230 -0.131189 0.003937,
        -0.227083 -0.174400 0.003937,
        -0.120031 -0.174400 0.003937,
        -0.120031 0.219301 0.003937,
        -0.231134 0.219301 0.003937,
        -0.436912 0.027402 0.003937,
        -0.434207 0.063494 0.003937,
        -0.423831 0.102335 0.003937,
        -0.405737 0.136302 0.003937,
        -0.378195 0.167209 0.003937,
        -0.376641 0.168580 0.003937,
        -0.333654 0.197256 0.003937,
        -0.287745 0.213283 0.003937,
        -0.275889 -0.170131 0.003937,
        -0.321251 -0.156588 0.003937,
        -0.362333 -0.132688 0.003937,
        -0.394725 -0.101648 0.003937,
        -0.417286 -0.066426 0.003937,
        -0.431387 -0.025287 0.003937,
        -0.357848 0.120933 0.003937,
        -0.338715 0.141226 0.003937,
        -0.309945 0.159793 0.003937,
        -0.277436 0.171153 0.003937,
        -0.230909 0.176090 0.003937,
        -0.172844 0.176090 0.003937,
        -0.172844 -0.131189 0.003937,
        -0.228733 -0.131189 0.003937,
        -0.270269 -0.127322 0.003937,
        -0.303412 -0.116976 0.003937,
        -0.330259 -0.101030 0.003937,
        -0.352339 -0.079218 0.003937,
        -0.368942 -0.052071 0.003937,
        -0.380487 -0.015059 0.003937,
        -0.384098 0.026277 0.003937,
        -0.380754 0.065460 0.003937,
        -0.371534 0.096668 0.003937,
        -0.230909 0.176090 0.000000,
        -0.172844 0.176090 0.000000,
        -0.277436 0.171153 0.000000,
        -0.309945 0.159793 0.000000,
        -0.338715 0.141226 0.000000,
        -0.357848 0.120933 0.000000,
        -0.371534 0.096668 0.000000,
        -0.380754 0.065460 0.000000,
        -0.384098 0.026277 0.000000,
        -0.380487 -0.015059 0.000000,
        -0.368942 -0.052071 0.000000,
        -0.352339 -0.079218 0.000000,
        -0.330259 -0.101030 0.000000,
        -0.303412 -0.116976 0.000000,
        -0.270269 -0.127322 0.000000,
        -0.228733 -0.131189 0.000000,
        -0.172844 -0.131189 0.000000,
        -0.667371 0.219301 0.003937,
        -0.821010 -0.174400 0.003937,
        -0.763395 -0.174400 0.003937,
        -0.723560 -0.063971 0.003937,
        -0.560919 -0.063971 0.003937,
        -0.523334 -0.174400 0.003937,
        -0.465719 -0.174400 0.003937,
        -0.614557 0.219301 0.003937,
        -0.574197 -0.020760 0.003937,
        -0.705856 -0.020760 0.003937,
        -0.632937 0.143682 0.003937,
        -0.636726 0.157336 0.003937,
        -0.639239 0.171289 0.003937,
        -0.640514 0.171289 0.003937,
        -0.643083 0.157378 0.003937,
        -0.646591 0.143682 0.003937,
        -0.574197 -0.020760 0.000000,
        -0.705856 -0.020760 0.000000,
        -0.632937 0.143682 0.000000,
        -0.636726 0.157336 0.000000,
        -0.639239 0.171289 0.000000,
        -0.640514 0.171289 0.000000,
        -0.643083 0.157378 0.000000,
        -0.646591 0.143682 0.000000,
      ]
    }
    coordIndex [
      86, 87, 31, -1,
      31, 87, 5, -1,
      87, 88, 5, -1,
      5, 88, 3, -1,
      88, 89, 3, -1,
      3, 89, 47, -1,
      89, 90, 47, -1,
      47, 90, 10, -1,
      90, 91, 10, -1,
      10, 91, 33, -1,
      91, 86, 33, -1,
      33, 86, 31, -1,
      90, 89, 91, -1,
      91, 89, 88, -1,
      91, 88, 86, -1,
      86, 88, 87, -1,
      92, 93, 12, -1,
      12, 93, 42, -1,
      42, 93, 94, -1,
      95, 46, 45, -1,
      95, 45, 96, -1,
      96, 45, 44, -1,
      96, 44, 94, -1,
      94, 44, 43, -1,
      94, 43, 42, -1,
      46, 95, 4, -1,
      4, 95, 97, -1,
      4, 97, 6, -1,
      6, 97, 98, -1,
      6, 98, 7, -1,
      7, 98, 99, -1,
      7, 99, 29, -1,
      29, 99, 100, -1,
      29, 100, 30, -1,
      30, 100, 101, -1,
      30, 101, 32, -1,
      32, 101, 102, -1,
      32, 102, 37, -1,
      37, 102, 103, -1,
      37, 103, 38, -1,
      104, 40, 36, -1,
      104, 36, 105, -1,
      105, 36, 35, -1,
      105, 35, 106, -1,
      106, 35, 34, -1,
      106, 34, 107, -1,
      107, 34, 9, -1,
      107, 9, 108, -1,
      108, 9, 8, -1,
      108, 8, 109, -1,
      109, 8, 39, -1,
      109, 39, 110, -1,
      110, 39, 38, -1,
      110, 38, 103, -1,
      111, 14, 41, -1,
      111, 41, 112, -1,
      112, 41, 40, -1,
      112, 40, 104, -1,
      111, 113, 14, -1,
      14, 113, 13, -1,
      114, 0, 11, -1,
      114, 11, 115, -1,
      115, 11, 13, -1,
      115, 13, 113, -1,
      116, 18, 28, -1,
      116, 28, 117, -1,
      117, 28, 27, -1,
      117, 27, 118, -1,
      118, 27, 17, -1,
      118, 17, 119, -1,
      119, 17, 16, -1,
      119, 16, 120, -1,
      120, 16, 15, -1,
      120, 15, 121, -1,
      121, 15, 1, -1,
      121, 1, 122, -1,
      122, 1, 0, -1,
      122, 0, 114, -1,
      123, 22, 21, -1,
      123, 21, 124, -1,
      124, 21, 23, -1,
      124, 23, 125, -1,
      125, 23, 24, -1,
      125, 24, 126, -1,
      126, 24, 25, -1,
      126, 25, 127, -1,
      127, 25, 20, -1,
      127, 20, 128, -1,
      128, 20, 19, -1,
      128, 19, 129, -1,
      129, 19, 18, -1,
      129, 18, 116, -1,
      92, 12, 2, -1,
      92, 2, 130, -1,
      130, 2, 26, -1,
      130, 26, 131, -1,
      131, 26, 22, -1,
      131, 22, 123, -1,
      124, 95, 123, -1,
      123, 95, 96, -1,
      123, 96, 131, -1,
      131, 96, 94, -1,
      131, 94, 130, -1,
      130, 94, 93, -1,
      130, 93, 92, -1,
      113, 111, 115, -1,
      115, 111, 112, -1,
      115, 112, 114, -1,
      114, 112, 104, -1,
      114, 104, 122, -1,
      122, 104, 105, -1,
      122, 105, 121, -1,
      121, 105, 106, -1,
      121, 106, 120, -1,
      120, 106, 107, -1,
      120, 107, 119, -1,
      119, 107, 108, -1,
      119, 108, 118, -1,
      118, 108, 109, -1,
      118, 109, 117, -1,
      117, 109, 110, -1,
      117, 110, 116, -1,
      116, 110, 103, -1,
      116, 103, 129, -1,
      129, 103, 102, -1,
      129, 102, 128, -1,
      128, 102, 101, -1,
      128, 101, 127, -1,
      127, 101, 100, -1,
      127, 100, 126, -1,
      126, 100, 99, -1,
      126, 99, 125, -1,
      125, 99, 98, -1,
      125, 98, 124, -1,
      124, 98, 97, -1,
      124, 97, 95, -1,
      132, 133, 67, -1,
      67, 133, 48, -1,
      133, 134, 48, -1,
      48, 134, 49, -1,
      134, 135, 49, -1,
      49, 135, 50, -1,
      135, 136, 50, -1,
      50, 136, 55, -1,
      136, 137, 55, -1,
      55, 137, 61, -1,
      137, 138, 61, -1,
      61, 138, 59, -1,
      138, 139, 59, -1,
      59, 139, 60, -1,
      139, 140, 60, -1,
      60, 140, 62, -1,
      140, 141, 62, -1,
      62, 141, 64, -1,
      141, 142, 64, -1,
      64, 142, 65, -1,
      142, 143, 65, -1,
      65, 143, 66, -1,
      143, 132, 66, -1,
      66, 132, 67, -1,
      134, 133, 132, -1,
      132, 143, 134, -1,
      134, 143, 142, -1,
      134, 142, 135, -1,
      137, 136, 138, -1,
      138, 136, 135, -1,
      138, 135, 139, -1,
      139, 135, 142, -1,
      139, 142, 140, -1,
      140, 142, 141, -1,
      144, 145, 58, -1,
      58, 145, 68, -1,
      145, 146, 68, -1,
      68, 146, 63, -1,
      146, 147, 63, -1,
      63, 147, 73, -1,
      148, 81, 80, -1,
      148, 80, 149, -1,
      149, 80, 78, -1,
      149, 78, 150, -1,
      150, 78, 77, -1,
      150, 77, 151, -1,
      151, 77, 76, -1,
      151, 76, 152, -1,
      152, 76, 72, -1,
      152, 72, 153, -1,
      153, 72, 70, -1,
      153, 70, 154, -1,
      154, 70, 69, -1,
      154, 69, 155, -1,
      155, 69, 73, -1,
      155, 73, 147, -1,
      144, 58, 57, -1,
      144, 57, 156, -1,
      156, 57, 56, -1,
      156, 56, 157, -1,
      157, 56, 54, -1,
      157, 54, 158, -1,
      158, 54, 52, -1,
      158, 52, 159, -1,
      159, 52, 51, -1,
      159, 51, 160, -1,
      160, 51, 82, -1,
      160, 82, 161, -1,
      161, 82, 81, -1,
      161, 81, 148, -1,
      150, 151, 162, -1,
      162, 151, 152, -1,
      162, 152, 163, -1,
      163, 152, 153, -1,
      163, 153, 164, -1,
      164, 153, 154, -1,
      164, 154, 165, -1,
      165, 154, 155, -1,
      165, 155, 166, -1,
      166, 155, 147, -1,
      166, 147, 167, -1,
      167, 147, 146, -1,
      167, 146, 168, -1,
      168, 146, 145, -1,
      168, 145, 169, -1,
      169, 145, 144, -1,
      169, 144, 170, -1,
      170, 144, 156, -1,
      170, 156, 171, -1,
      171, 156, 157, -1,
      171, 157, 172, -1,
      172, 157, 158, -1,
      172, 158, 173, -1,
      173, 158, 159, -1,
      173, 159, 174, -1,
      174, 159, 160, -1,
      174, 160, 175, -1,
      175, 160, 161, -1,
      175, 161, 176, -1,
      176, 161, 148, -1,
      176, 148, 177, -1,
      177, 148, 149, -1,
      177, 149, 178, -1,
      178, 149, 150, -1,
      178, 150, 162, -1,
      166, 167, 179, -1,
      179, 167, 180, -1,
      166, 179, 181, -1,
      166, 181, 165, -1,
      165, 181, 182, -1,
      165, 182, 164, -1,
      164, 182, 183, -1,
      164, 183, 163, -1,
      163, 183, 184, -1,
      163, 184, 162, -1,
      162, 184, 185, -1,
      162, 185, 178, -1,
      178, 185, 186, -1,
      178, 186, 177, -1,
      177, 186, 187, -1,
      177, 187, 176, -1,
      176, 187, 188, -1,
      176, 188, 175, -1,
      175, 188, 189, -1,
      175, 189, 174, -1,
      174, 189, 190, -1,
      174, 190, 173, -1,
      173, 190, 191, -1,
      173, 191, 172, -1,
      172, 191, 192, -1,
      172, 192, 171, -1,
      171, 192, 193, -1,
      171, 193, 170, -1,
      170, 193, 194, -1,
      170, 194, 169, -1,
      168, 169, 195, -1,
      195, 169, 194, -1,
      167, 168, 180, -1,
      180, 168, 195, -1,
      196, 197, 79, -1,
      79, 197, 74, -1,
      197, 198, 74, -1,
      74, 198, 75, -1,
      198, 199, 75, -1,
      75, 199, 84, -1,
      199, 200, 84, -1,
      84, 200, 85, -1,
      200, 201, 85, -1,
      85, 201, 83, -1,
      201, 202, 83, -1,
      83, 202, 53, -1,
      202, 203, 53, -1,
      53, 203, 71, -1,
      203, 196, 71, -1,
      71, 196, 79, -1,
      204, 200, 205, -1,
      205, 200, 199, -1,
      206, 203, 204, -1,
      204, 203, 202, -1,
      204, 202, 200, -1,
      200, 202, 201, -1,
      206, 207, 203, -1,
      203, 207, 208, -1,
      203, 208, 196, -1,
      196, 208, 209, -1,
      196, 209, 210, -1,
      210, 211, 196, -1,
      196, 211, 205, -1,
      196, 205, 197, -1,
      197, 205, 199, -1,
      197, 199, 198, -1,
      204, 205, 212, -1,
      212, 205, 213, -1,
      206, 204, 214, -1,
      214, 204, 212, -1,
      206, 214, 215, -1,
      206, 215, 207, -1,
      207, 215, 216, -1,
      207, 216, 208, -1,
      209, 208, 217, -1,
      217, 208, 216, -1,
      209, 217, 218, -1,
      209, 218, 210, -1,
      210, 218, 219, -1,
      210, 219, 211, -1,
      205, 211, 213, -1,
      213, 211, 219, -1,
    ]
  }
}

Shape {
  appearance Appearance {
    material Material {
      diffuseColor 0.2235 0.2235 0.2235
      specularColor 0.0667 0.0667 0.0667
      ambientIntensity 0.2
      transparency 0.0000
      shininess 0.5
    }
  }
  geometry IndexedFaceSet {
    ccw TRUE
    solid FALSE
    coord DEF co Coordinate {
      point [
        -0.230909 0.176090 0.000000,
        -0.172844 0.176090 0.000000,
        -0.277436 0.171153 0.000000,
        -0.309945 0.159793 0.000000,
        -0.338715 0.141226 0.000000,
        -0.357848 0.120933 0.000000,
        -0.371534 0.096668 0.000000,
        -0.380754 0.065460 0.000000,
        -0.384098 0.026277 0.000000,
        -0.380487 -0.015059 0.000000,
        -0.368942 -0.052071 0.000000,
        -0.352339 -0.079218 0.000000,
        -0.330259 -0.101030 0.000000,
        -0.303412 -0.116976 0.000000,
        -0.270269 -0.127322 0.000000,
        -0.228733 -0.131189 0.000000,
        -0.172844 -0.131189 0.000000,
        -0.574197 -0.020760 0.000000,
        -0.705856 -0.020760 0.000000,
        -0.632937 0.143682 0.000000,
        -0.636726 0.157336 0.000000,
        -0.639239 0.171289 0.000000,
        -0.640514 0.171289 0.000000,
        -0.643083 0.157378 0.000000,
        -0.646591 0.143682 0.000000,
      ]
    }
    coordIndex [
      1, 16, 0, -1,
      0, 16, 15, -1,
      0, 15, 14, -1,
      8, 7, 0, -1,
      0, 7, 6, -1,
      0, 6, 2, -1,
      14, 13, 0, -1,
      0, 13, 12, -1,
      0, 12, 11, -1,
      11, 10, 0, -1,
      0, 10, 9, -1,
      0, 9, 8, -1,
      5, 4, 6, -1,
      6, 4, 3, -1,
      6, 3, 2, -1,
      17, 18, 19, -1,
      19, 18, 24, -1,
      19, 24, 20, -1,
      20, 24, 23, -1,
      20, 23, 21, -1,
      21, 23, 22, -1,
    ]
  }
}

Shape {
  appearance Appearance {
    material Material {
      diffuseColor 0.8510 0.8510 0.8510
      specularColor 0.4235 0.4235 0.4235
      ambientIntensity 0.2
      transparency 0.0000
      shininess 0.5
    }
  }
  geometry IndexedFaceSet {
    ccw TRUE
    solid FALSE
    coord DEF co Coordinate {
      point [
        -0.704724 -1.523340 0.157480,
        -0.704724 -1.533574 0.083396,
        -0.704724 -1.404108 0.157480,
        -0.704724 -1.416574 0.067234,
        0.704724 -1.404108 0.157480,
        0.704724 -1.416574 0.067234,
        0.704724 -1.523340 0.157480,
        0.704724 -1.533574 0.083396,
        0.852362 -1.279528 0.708661,
        0.295276 -1.279528 0.708661,
        0.852362 -1.279528 0.590551,
        0.295276 -1.279528 0.590551,
        -0.295276 -1.279528 0.708661,
        -0.852362 -1.279528 0.708661,
        -0.295276 -1.279528 0.590551,
        -0.852362 -1.279528 0.590551,
        -1.295276 -1.279528 0.708661,
        -1.295276 -1.279528 0.590551,
        1.295276 -1.279528 0.590551,
        1.295276 -1.279528 0.708661,
        -1.295276 -1.327133 0.708661,
        -1.295276 -1.327133 0.590551,
        -0.852362 -1.327133 0.590551,
        -0.852362 -1.327133 0.708661,
        -1.295276 -1.346633 0.573560,
        -1.295276 -1.463632 0.589722,
        -1.295276 -1.345442 0.578098,
        -1.295276 -1.455293 0.621489,
        -1.295276 -1.343210 0.582226,
        -1.295276 -1.439672 0.650381,
        -1.295276 -1.340065 0.585707,
        -1.295276 -1.417657 0.674755,
        -1.295276 -1.336185 0.588346,
        -1.295276 -1.390500 0.693227,
        -1.295276 -1.331792 0.589992,
        -1.295276 -1.359743 0.704747,
        -0.852362 -1.331792 0.589992,
        -0.852362 -1.336185 0.588346,
        -0.852362 -1.340065 0.585707,
        -0.852362 -1.343210 0.582226,
        -0.852362 -1.345442 0.578098,
        -0.852362 -1.346633 0.573560,
        -0.852362 -1.463632 0.589722,
        -0.852362 -1.455293 0.621489,
        -0.852362 -1.439672 0.650381,
        -0.852362 -1.417657 0.674755,
        -0.852362 -1.390500 0.693227,
        -0.852362 -1.359743 0.704747,
        -1.295276 -1.533574 0.083396,
        -1.295276 -1.416574 0.067234,
        -0.852362 -1.383714 0.305118,
        -0.852362 -1.502946 0.305118,
        -1.295276 -1.439366 -0.196850,
        -1.295276 -1.557545 -0.196850,
        -1.295276 -1.434845 -0.109609,
        -1.295276 -1.552677 -0.101509,
        -0.704724 -1.434845 -0.109609,
        -0.704724 -1.439366 -0.196850,
        -1.204837 -1.440945 -0.287289,
        -0.795163 -1.440945 -0.287289,
        -0.704724 -1.552677 -0.101509,
        -0.704724 -1.557545 -0.196850,
        -0.795163 -1.559055 -0.287289,
        -1.204837 -1.559055 -0.287289,
        -1.098425 -1.440945 -0.393701,
        -0.901575 -1.440945 -0.393701,
        -1.069597 -1.440945 -1.565660,
        -1.085239 -1.440945 -1.545276,
        -0.930403 -1.440945 -1.565660,
        -1.098425 -1.440945 -1.496063,
        -0.901575 -1.440945 -1.496063,
        -1.095072 -1.440945 -1.521537,
        -0.914761 -1.440945 -1.545276,
        -0.904929 -1.440945 -1.521537,
        -0.974526 -1.440945 -1.591134,
        -1.000000 -1.440945 -1.594488,
        -0.950787 -1.440945 -1.581302,
        -1.025474 -1.440945 -1.591134,
        -1.049213 -1.440945 -1.581302,
        -0.901575 -1.559055 -0.393701,
        -1.098425 -1.559055 -0.393701,
        -0.901575 -1.559055 -1.496063,
        -1.098425 -1.559055 -1.496063,
        -1.085239 -1.559055 -1.545276,
        -1.069597 -1.559055 -1.565660,
        -1.049213 -1.559055 -1.581302,
        -1.025474 -1.559055 -1.591134,
        -1.000000 -1.559055 -1.594488,
        -0.974526 -1.559055 -1.591134,
        -1.095072 -1.559055 -1.521537,
        -0.904929 -1.559055 -1.521537,
        -0.914761 -1.559055 -1.545276,
        -0.950787 -1.559055 -1.581302,
        -0.930403 -1.559055 -1.565660,
        -0.295276 -1.327133 0.708661,
        -0.295276 -1.327133 0.590551,
        0.295276 -1.327133 0.590551,
        0.295276 -1.327133 0.708661,
        -0.295276 -1.346633 0.573560,
        -0.295276 -1.463632 0.589722,
        -0.295276 -1.345442 0.578098,
        -0.295276 -1.455293 0.621489,
        -0.295276 -1.343210 0.582226,
        -0.295276 -1.439672 0.650381,
        -0.295276 -1.340065 0.585707,
        -0.295276 -1.417657 0.674755,
        -0.295276 -1.336185 0.588346,
        -0.295276 -1.390500 0.693227,
        -0.295276 -1.331792 0.589992,
        -0.295276 -1.359743 0.704747,
        0.295276 -1.331792 0.589992,
        0.295276 -1.336185 0.588346,
        0.295276 -1.340065 0.585707,
        0.295276 -1.343210 0.582226,
        0.295276 -1.345442 0.578098,
        0.295276 -1.346633 0.573560,
        0.295276 -1.359743 0.704747,
        0.295276 -1.390500 0.693227,
        0.295276 -1.417657 0.674755,
        0.295276 -1.439672 0.650381,
        0.295276 -1.455293 0.621489,
        0.295276 -1.463632 0.589722,
        -0.295276 -1.533574 0.083396,
        -0.295276 -1.416574 0.067234,
        0.295276 -1.416574 0.067234,
        0.295276 -1.533574 0.083396,
        -0.295276 -1.439366 -0.196850,
        -0.295276 -1.557545 -0.196850,
        -0.295276 -1.434845 -0.109609,
        -0.295276 -1.552677 -0.101509,
        0.295276 -1.434845 -0.109609,
        0.295276 -1.439366 -0.196850,
        -0.204837 -1.440945 -0.287289,
        0.204837 -1.440945 -0.287289,
        0.295276 -1.552677 -0.101509,
        0.295276 -1.557545 -0.196850,
        0.204837 -1.559055 -0.287289,
        -0.204837 -1.559055 -0.287289,
        -0.098425 -1.440945 -0.393701,
        0.098425 -1.440945 -0.393701,
        0.095071 -1.440945 -1.521537,
        0.085239 -1.440945 -1.545276,
        -0.098425 -1.440945 -1.496063,
        0.098425 -1.440945 -1.496063,
        0.069597 -1.440945 -1.565660,
        0.049213 -1.440945 -1.581302,
        0.025474 -1.440945 -1.591134,
        -0.000000 -1.440945 -1.594488,
        -0.025474 -1.440945 -1.591134,
        -0.049213 -1.440945 -1.581302,
        -0.069597 -1.440945 -1.565660,
        -0.085239 -1.440945 -1.545276,
        -0.095071 -1.440945 -1.521537,
        -0.095071 -1.559055 -1.521537,
        -0.085239 -1.559055 -1.545276,
        0.098425 -1.559055 -1.496063,
        0.098425 -1.559055 -0.393701,
        -0.098425 -1.559055 -0.393701,
        -0.098425 -1.559055 -1.496063,
        -0.069597 -1.559055 -1.565660,
        -0.049213 -1.559055 -1.581302,
        -0.025474 -1.559055 -1.591134,
        0.085239 -1.559055 -1.545276,
        0.025474 -1.559055 -1.591134,
        0.069597 -1.559055 -1.565660,
        0.049213 -1.559055 -1.581302,
        -0.000000 -1.559055 -1.594488,
        0.095071 -1.559055 -1.521537,
        1.295276 -1.327133 0.590551,
        0.852362 -1.327133 0.590551,
        1.295276 -1.327133 0.708661,
        0.852362 -1.327133 0.708661,
        0.852362 -1.331792 0.589992,
        1.295276 -1.331792 0.589992,
        0.852362 -1.336185 0.588346,
        1.295276 -1.336185 0.588346,
        0.852362 -1.340065 0.585707,
        1.295276 -1.340065 0.585707,
        0.852362 -1.343210 0.582226,
        1.295276 -1.343210 0.582226,
        0.852362 -1.345442 0.578098,
        1.295276 -1.345442 0.578098,
        0.852362 -1.346633 0.573560,
        1.295276 -1.346633 0.573560,
        1.295276 -1.359743 0.704747,
        1.295276 -1.390500 0.693227,
        1.295276 -1.417657 0.674755,
        1.295276 -1.439672 0.650381,
        1.295276 -1.455293 0.621489,
        1.295276 -1.463632 0.589722,
        0.852362 -1.463632 0.589722,
        0.852362 -1.455293 0.621489,
        0.852362 -1.439672 0.650381,
        0.852362 -1.417657 0.674755,
        0.852362 -1.390500 0.693227,
        0.852362 -1.359743 0.704747,
        0.852362 -1.383714 0.305118,
        1.295276 -1.416574 0.067234,
        1.295276 -1.533574 0.083396,
        0.852362 -1.502946 0.305118,
        0.704724 -1.439366 -0.196850,
        0.704724 -1.557545 -0.196850,
        0.704724 -1.434845 -0.109609,
        0.704724 -1.552677 -0.101509,
        1.295276 -1.434845 -0.109609,
        1.295276 -1.439366 -0.196850,
        0.795163 -1.440945 -0.287289,
        1.204837 -1.440945 -0.287289,
        1.295276 -1.552677 -0.101509,
        1.295276 -1.557545 -0.196850,
        1.204837 -1.559055 -0.287289,
        0.795163 -1.559055 -0.287289,
        0.901575 -1.440945 -0.393701,
        1.098425 -1.440945 -0.393701,
        0.930403 -1.440945 -1.565660,
        0.914761 -1.440945 -1.545276,
        1.069597 -1.440945 -1.565660,
        0.901575 -1.440945 -1.496063,
        1.098425 -1.440945 -1.496063,
        0.904929 -1.440945 -1.521537,
        1.085239 -1.440945 -1.545276,
        1.095072 -1.440945 -1.521537,
        1.025474 -1.440945 -1.591134,
        1.000000 -1.440945 -1.594488,
        1.049213 -1.440945 -1.581302,
        0.974526 -1.440945 -1.591134,
        0.950787 -1.440945 -1.581302,
        1.098425 -1.559055 -0.393701,
        0.901575 -1.559055 -0.393701,
        1.098425 -1.559055 -1.496063,
        0.901575 -1.559055 -1.496063,
        0.914761 -1.559055 -1.545276,
        0.930403 -1.559055 -1.565660,
        0.950787 -1.559055 -1.581302,
        0.974526 -1.559055 -1.591134,
        1.000000 -1.559055 -1.594488,
        1.025474 -1.559055 -1.591134,
        0.904929 -1.559055 -1.521537,
        1.095072 -1.559055 -1.521537,
        1.085239 -1.559055 -1.545276,
        1.049213 -1.559055 -1.581302,
        1.069597 -1.559055 -1.565660,
      ]
    }
    coordIndex [
      20, 16, 21, -1,
      21, 16, 17, -1,
      21, 17, 22, -1,
      22, 17, 15, -1,
      16, 20, 13, -1,
      13, 20, 23, -1,
      24, 25, 26, -1,
      26, 25, 27, -1,
      26, 27, 28, -1,
      28, 27, 29, -1,
      28, 29, 30, -1,
      30, 29, 31, -1,
      30, 31, 32, -1,
      32, 31, 33, -1,
      32, 33, 34, -1,
      34, 33, 35, -1,
      34, 35, 21, -1,
      21, 35, 20, -1,
      21, 22, 34, -1,
      34, 22, 36, -1,
      34, 36, 32, -1,
      32, 36, 37, -1,
      32, 37, 30, -1,
      30, 37, 38, -1,
      30, 38, 28, -1,
      28, 38, 39, -1,
      28, 39, 26, -1,
      26, 39, 40, -1,
      26, 40, 24, -1,
      24, 40, 41, -1,
      25, 42, 43, -1,
      25, 43, 27, -1,
      27, 43, 44, -1,
      27, 44, 29, -1,
      29, 44, 45, -1,
      29, 45, 31, -1,
      31, 45, 46, -1,
      31, 46, 33, -1,
      33, 46, 47, -1,
      33, 47, 35, -1,
      35, 47, 23, -1,
      35, 23, 20, -1,
      48, 25, 49, -1,
      49, 25, 24, -1,
      2, 3, 50, -1,
      50, 3, 49, -1,
      50, 49, 41, -1,
      41, 49, 24, -1,
      42, 25, 51, -1,
      51, 25, 48, -1,
      51, 48, 0, -1,
      0, 48, 1, -1,
      52, 53, 54, -1,
      54, 53, 55, -1,
      54, 55, 49, -1,
      49, 55, 48, -1,
      49, 3, 54, -1,
      54, 3, 56, -1,
      54, 56, 52, -1,
      52, 56, 57, -1,
      52, 57, 58, -1,
      58, 57, 59, -1,
      3, 1, 56, -1,
      56, 1, 60, -1,
      56, 60, 57, -1,
      57, 60, 61, -1,
      62, 61, 60, -1,
      53, 63, 55, -1,
      55, 63, 62, -1,
      62, 60, 55, -1,
      55, 60, 1, -1,
      55, 1, 48, -1,
      64, 58, 65, -1,
      65, 58, 59, -1,
      66, 67, 68, -1,
      64, 65, 69, -1,
      69, 65, 70, -1,
      69, 70, 71, -1,
      68, 67, 72, -1,
      71, 70, 67, -1,
      67, 70, 73, -1,
      67, 73, 72, -1,
      74, 75, 76, -1,
      76, 75, 77, -1,
      76, 77, 68, -1,
      68, 77, 78, -1,
      68, 78, 66, -1,
      62, 63, 79, -1,
      79, 63, 80, -1,
      79, 80, 81, -1,
      81, 80, 82, -1,
      83, 84, 85, -1,
      85, 86, 83, -1,
      83, 86, 87, -1,
      83, 87, 88, -1,
      82, 89, 81, -1,
      81, 89, 83, -1,
      81, 83, 90, -1,
      90, 83, 91, -1,
      88, 92, 83, -1,
      83, 92, 93, -1,
      83, 93, 91, -1,
      94, 12, 95, -1,
      95, 12, 14, -1,
      95, 14, 96, -1,
      96, 14, 11, -1,
      96, 11, 97, -1,
      97, 11, 9, -1,
      9, 12, 97, -1,
      97, 12, 94, -1,
      98, 99, 100, -1,
      100, 99, 101, -1,
      100, 101, 102, -1,
      102, 101, 103, -1,
      102, 103, 104, -1,
      104, 103, 105, -1,
      104, 105, 106, -1,
      106, 105, 107, -1,
      106, 107, 108, -1,
      108, 107, 109, -1,
      108, 109, 95, -1,
      95, 109, 94, -1,
      95, 96, 108, -1,
      108, 96, 110, -1,
      108, 110, 106, -1,
      106, 110, 111, -1,
      106, 111, 104, -1,
      104, 111, 112, -1,
      104, 112, 102, -1,
      102, 112, 113, -1,
      102, 113, 100, -1,
      100, 113, 114, -1,
      100, 114, 98, -1,
      98, 114, 115, -1,
      96, 97, 110, -1,
      110, 97, 116, -1,
      110, 116, 111, -1,
      111, 116, 117, -1,
      111, 117, 112, -1,
      112, 117, 118, -1,
      112, 118, 113, -1,
      113, 118, 119, -1,
      113, 119, 114, -1,
      114, 119, 120, -1,
      114, 120, 115, -1,
      115, 120, 121, -1,
      99, 121, 120, -1,
      99, 120, 101, -1,
      101, 120, 119, -1,
      101, 119, 103, -1,
      103, 119, 118, -1,
      103, 118, 105, -1,
      105, 118, 117, -1,
      105, 117, 107, -1,
      107, 117, 116, -1,
      107, 116, 109, -1,
      109, 116, 97, -1,
      109, 97, 94, -1,
      122, 99, 123, -1,
      123, 99, 98, -1,
      123, 98, 124, -1,
      124, 98, 115, -1,
      124, 115, 125, -1,
      125, 115, 121, -1,
      121, 99, 125, -1,
      125, 99, 122, -1,
      126, 127, 128, -1,
      128, 127, 129, -1,
      128, 129, 123, -1,
      123, 129, 122, -1,
      123, 124, 128, -1,
      128, 124, 130, -1,
      128, 130, 126, -1,
      126, 130, 131, -1,
      126, 131, 132, -1,
      132, 131, 133, -1,
      124, 125, 130, -1,
      130, 125, 134, -1,
      130, 134, 131, -1,
      131, 134, 135, -1,
      136, 135, 134, -1,
      127, 137, 129, -1,
      129, 137, 136, -1,
      136, 134, 129, -1,
      129, 134, 125, -1,
      129, 125, 122, -1,
      138, 132, 139, -1,
      139, 132, 133, -1,
      140, 141, 142, -1,
      138, 139, 142, -1,
      142, 139, 143, -1,
      142, 143, 140, -1,
      141, 144, 142, -1,
      142, 144, 145, -1,
      142, 145, 146, -1,
      146, 147, 142, -1,
      142, 147, 148, -1,
      142, 148, 149, -1,
      149, 150, 142, -1,
      142, 150, 151, -1,
      142, 151, 152, -1,
      153, 154, 155, -1,
      136, 137, 156, -1,
      156, 137, 157, -1,
      156, 157, 155, -1,
      155, 157, 158, -1,
      155, 158, 153, -1,
      154, 159, 155, -1,
      155, 159, 160, -1,
      155, 160, 161, -1,
      162, 163, 164, -1,
      164, 163, 165, -1,
      161, 166, 155, -1,
      155, 166, 163, -1,
      155, 163, 167, -1,
      167, 163, 162, -1,
      18, 168, 10, -1,
      10, 168, 169, -1,
      168, 18, 170, -1,
      170, 18, 19, -1,
      170, 19, 171, -1,
      171, 19, 8, -1,
      169, 168, 172, -1,
      172, 168, 173, -1,
      172, 173, 174, -1,
      174, 173, 175, -1,
      174, 175, 176, -1,
      176, 175, 177, -1,
      176, 177, 178, -1,
      178, 177, 179, -1,
      178, 179, 180, -1,
      180, 179, 181, -1,
      180, 181, 182, -1,
      182, 181, 183, -1,
      168, 170, 173, -1,
      173, 170, 184, -1,
      173, 184, 175, -1,
      175, 184, 185, -1,
      175, 185, 177, -1,
      177, 185, 186, -1,
      177, 186, 179, -1,
      179, 186, 187, -1,
      179, 187, 181, -1,
      181, 187, 188, -1,
      181, 188, 183, -1,
      183, 188, 189, -1,
      190, 189, 188, -1,
      190, 188, 191, -1,
      191, 188, 187, -1,
      191, 187, 192, -1,
      192, 187, 186, -1,
      192, 186, 193, -1,
      193, 186, 185, -1,
      193, 185, 194, -1,
      194, 185, 184, -1,
      194, 184, 195, -1,
      195, 184, 170, -1,
      195, 170, 171, -1,
      182, 183, 196, -1,
      196, 183, 197, -1,
      196, 197, 4, -1,
      4, 197, 5, -1,
      197, 183, 198, -1,
      198, 183, 189, -1,
      6, 7, 199, -1,
      199, 7, 198, -1,
      199, 198, 190, -1,
      190, 198, 189, -1,
      200, 201, 202, -1,
      202, 201, 203, -1,
      202, 203, 5, -1,
      5, 203, 7, -1,
      5, 197, 202, -1,
      202, 197, 204, -1,
      202, 204, 200, -1,
      200, 204, 205, -1,
      200, 205, 206, -1,
      206, 205, 207, -1,
      197, 198, 204, -1,
      204, 198, 208, -1,
      204, 208, 205, -1,
      205, 208, 209, -1,
      210, 209, 208, -1,
      201, 211, 203, -1,
      203, 211, 210, -1,
      210, 208, 203, -1,
      203, 208, 198, -1,
      203, 198, 7, -1,
      212, 206, 213, -1,
      213, 206, 207, -1,
      214, 215, 216, -1,
      212, 213, 217, -1,
      217, 213, 218, -1,
      217, 218, 219, -1,
      216, 215, 220, -1,
      219, 218, 215, -1,
      215, 218, 221, -1,
      215, 221, 220, -1,
      222, 223, 224, -1,
      224, 223, 225, -1,
      224, 225, 216, -1,
      216, 225, 226, -1,
      216, 226, 214, -1,
      210, 211, 227, -1,
      227, 211, 228, -1,
      227, 228, 229, -1,
      229, 228, 230, -1,
      231, 232, 233, -1,
      233, 234, 231, -1,
      231, 234, 235, -1,
      231, 235, 236, -1,
      230, 237, 229, -1,
      229, 237, 231, -1,
      229, 231, 238, -1,
      238, 231, 239, -1,
      236, 240, 231, -1,
      231, 240, 241, -1,
      231, 241, 239, -1,
      196, 199, 182, -1,
      182, 199, 190, -1,
      182, 190, 180, -1,
      180, 190, 191, -1,
      180, 191, 178, -1,
      178, 191, 192, -1,
      178, 192, 176, -1,
      176, 192, 193, -1,
      176, 193, 174, -1,
      174, 193, 194, -1,
      174, 194, 172, -1,
      172, 194, 195, -1,
      172, 195, 169, -1,
      169, 195, 171, -1,
      169, 171, 10, -1,
      10, 171, 8, -1,
      15, 13, 22, -1,
      22, 13, 23, -1,
      22, 23, 36, -1,
      36, 23, 47, -1,
      36, 47, 37, -1,
      37, 47, 46, -1,
      37, 46, 38, -1,
      38, 46, 45, -1,
      38, 45, 39, -1,
      39, 45, 44, -1,
      39, 44, 40, -1,
      40, 44, 43, -1,
      40, 43, 41, -1,
      41, 43, 42, -1,
      41, 42, 50, -1,
      50, 42, 51, -1,
      131, 135, 133, -1,
      133, 135, 136, -1,
      133, 136, 139, -1,
      139, 136, 156, -1,
      143, 139, 155, -1,
      155, 139, 156, -1,
      138, 157, 132, -1,
      132, 157, 137, -1,
      132, 137, 126, -1,
      126, 137, 127, -1,
      158, 157, 142, -1,
      142, 157, 138, -1,
      212, 228, 206, -1,
      206, 228, 211, -1,
      206, 211, 200, -1,
      200, 211, 201, -1,
      230, 228, 217, -1,
      217, 228, 212, -1,
      205, 209, 207, -1,
      207, 209, 210, -1,
      207, 210, 213, -1,
      213, 210, 227, -1,
      218, 213, 229, -1,
      229, 213, 227, -1,
      57, 61, 59, -1,
      59, 61, 62, -1,
      59, 62, 65, -1,
      65, 62, 79, -1,
      70, 65, 81, -1,
      81, 65, 79, -1,
      64, 80, 58, -1,
      58, 80, 63, -1,
      58, 63, 52, -1,
      52, 63, 53, -1,
      82, 80, 69, -1,
      69, 80, 64, -1,
      87, 75, 74, -1,
      87, 74, 88, -1,
      88, 74, 76, -1,
      88, 76, 92, -1,
      92, 76, 68, -1,
      92, 68, 93, -1,
      93, 68, 72, -1,
      93, 72, 91, -1,
      91, 72, 73, -1,
      91, 73, 90, -1,
      90, 73, 70, -1,
      90, 70, 81, -1,
      82, 69, 71, -1,
      82, 71, 89, -1,
      89, 71, 67, -1,
      89, 67, 83, -1,
      83, 67, 66, -1,
      83, 66, 84, -1,
      84, 66, 78, -1,
      84, 78, 85, -1,
      85, 78, 77, -1,
      85, 77, 86, -1,
      86, 77, 75, -1,
      86, 75, 87, -1,
      230, 217, 219, -1,
      230, 219, 237, -1,
      237, 219, 215, -1,
      237, 215, 231, -1,
      231, 215, 214, -1,
      231, 214, 232, -1,
      232, 214, 226, -1,
      232, 226, 233, -1,
      233, 226, 225, -1,
      233, 225, 234, -1,
      234, 225, 223, -1,
      234, 223, 235, -1,
      235, 223, 222, -1,
      235, 222, 236, -1,
      236, 222, 224, -1,
      236, 224, 240, -1,
      240, 224, 216, -1,
      240, 216, 241, -1,
      241, 216, 220, -1,
      241, 220, 239, -1,
      239, 220, 221, -1,
      239, 221, 238, -1,
      238, 221, 218, -1,
      238, 218, 229, -1,
      158, 142, 152, -1,
      158, 152, 153, -1,
      153, 152, 151, -1,
      153, 151, 154, -1,
      154, 151, 150, -1,
      154, 150, 159, -1,
      159, 150, 149, -1,
      159, 149, 160, -1,
      160, 149, 148, -1,
      160, 148, 161, -1,
      161, 148, 147, -1,
      161, 147, 166, -1,
      166, 147, 146, -1,
      166, 146, 163, -1,
      163, 146, 145, -1,
      163, 145, 165, -1,
      165, 145, 144, -1,
      165, 144, 164, -1,
      164, 144, 141, -1,
      164, 141, 162, -1,
      162, 141, 140, -1,
      162, 140, 167, -1,
      167, 140, 143, -1,
      167, 143, 155, -1,
    ]
  }
}

Shape {
  appearance Appearance {
    material Material {
      diffuseColor 0.6471 0.6471 0.6471
      specularColor 0.3216 0.3216 0.3216
      ambientIntensity 0.2
      transparency 0.0000
      shininess 0.5
    }
  }
  geometry IndexedFaceSet {
    ccw TRUE
    solid FALSE
    coord DEF co Coordinate {
      point [
        -0.704724 -1.523340 0.157480,
        -0.704724 -1.404108 0.157480,
        0.704724 -1.404108 0.157480,
        0.704724 -1.523340 0.157480,
        -0.852362 -1.383714 0.305118,
        -0.852362 -1.502946 0.305118,
        0.852362 -1.383714 0.305118,
        0.852362 -1.502946 0.305118,
      ]
    }
    coordIndex [
      3, 7, 2, -1,
      2, 7, 6, -1,
      1, 4, 0, -1,
      0, 4, 5, -1,
    ]
  }
}

Shape {
  appearance Appearance {
    material Material {
      diffuseColor 0.8510 0.8510 0.8510
      specularColor 0.4235 0.4235 0.4235
      ambientIntensity 0.2
      transparency 0.0000
      shininess 0.5
    }
  }
  geometry IndexedFaceSet {
    ccw TRUE
    solid FALSE
    coord DEF co Coordinate {
      point [
        -0.704724 1.439366 -0.196850,
        -0.704724 1.557545 -0.196850,
        -1.295276 1.416574 0.067234,
        -1.295276 1.439366 -0.196850,
        -0.795163 1.440945 -0.287289,
        -1.204837 1.440945 -0.287289,
        -1.295276 1.533574 0.083396,
        -1.295276 1.557545 -0.196850,
        -1.204837 1.559055 -0.287289,
        -0.795163 1.559055 -0.287289,
        -0.901575 1.440945 -0.393701,
        -1.098425 1.440945 -0.393701,
        -0.901575 1.440945 -1.496063,
        -1.098425 1.440945 -1.496063,
        -1.095072 1.440945 -1.521537,
        -1.085239 1.440945 -1.545276,
        -1.069597 1.440945 -1.565660,
        -1.049213 1.440945 -1.581302,
        -1.025474 1.440945 -1.591134,
        -1.000000 1.440945 -1.594488,
        -0.930403 1.440945 -1.565660,
        -0.904929 1.440945 -1.521537,
        -0.914761 1.440945 -1.545276,
        -0.974526 1.440945 -1.591134,
        -0.950787 1.440945 -1.581302,
        -0.901575 1.559055 -0.393701,
        -1.049213 1.559055 -1.581302,
        -1.069597 1.559055 -1.565660,
        -0.901575 1.559055 -1.496063,
        -1.085239 1.559055 -1.545276,
        -1.095072 1.559055 -1.521537,
        -1.098425 1.559055 -1.496063,
        -1.098425 1.559055 -0.393701,
        -1.025474 1.559055 -1.591134,
        -0.904929 1.559055 -1.521537,
        -0.914761 1.559055 -1.545276,
        -0.930403 1.559055 -1.565660,
        -0.950787 1.559055 -1.581302,
        -1.000000 1.559055 -1.594488,
        -0.974526 1.559055 -1.591134,
        1.295276 1.439366 -0.196850,
        1.295276 1.557545 -0.196850,
        1.295276 1.416574 0.067234,
        1.295276 1.533574 0.083396,
        0.704724 1.439366 -0.196850,
        0.795163 1.440945 -0.287289,
        1.204837 1.440945 -0.287289,
        0.704724 1.557545 -0.196850,
        0.795163 1.559055 -0.287289,
        1.204837 1.559055 -0.287289,
        1.098425 1.440945 -0.393701,
        0.901575 1.440945 -0.393701,
        1.098425 1.440945 -1.496063,
        0.901575 1.440945 -1.496063,
        1.000000 1.440945 -1.594488,
        0.974526 1.440945 -1.591134,
        0.950787 1.440945 -1.581302,
        0.930403 1.440945 -1.565660,
        0.904929 1.440945 -1.521537,
        0.914761 1.440945 -1.545276,
        1.025474 1.440945 -1.591134,
        1.049213 1.440945 -1.581302,
        1.069597 1.440945 -1.565660,
        1.085239 1.440945 -1.545276,
        1.095072 1.440945 -1.521537,
        0.901575 1.559055 -0.393701,
        1.098425 1.559055 -0.393701,
        0.901575 1.559055 -1.496063,
        1.098425 1.559055 -1.496063,
        1.095072 1.559055 -1.521537,
        1.085239 1.559055 -1.545276,
        1.069597 1.559055 -1.565660,
        1.049213 1.559055 -1.581302,
        0.974526 1.559055 -1.591134,
        0.950787 1.559055 -1.581302,
        0.930403 1.559055 -1.565660,
        0.914761 1.559055 -1.545276,
        0.904929 1.559055 -1.521537,
        1.025474 1.559055 -1.591134,
        1.000000 1.559055 -1.594488,
        0.295276 1.439366 -0.196850,
        0.295276 1.557545 -0.196850,
        0.295276 1.416574 0.067234,
        0.295276 1.533574 0.083396,
        -0.295276 1.416574 0.067234,
        -0.295276 1.439366 -0.196850,
        0.204837 1.440945 -0.287289,
        -0.204837 1.440945 -0.287289,
        -0.295276 1.533574 0.083396,
        -0.295276 1.557545 -0.196850,
        -0.204837 1.559055 -0.287289,
        0.204837 1.559055 -0.287289,
        -0.095071 1.440945 -1.521537,
        -0.085239 1.440945 -1.545276,
        0.098425 1.440945 -1.496063,
        -0.025474 1.440945 -1.591134,
        -0.000000 1.440945 -1.594488,
        0.025474 1.440945 -1.591134,
        0.098425 1.440945 -0.393701,
        -0.098425 1.440945 -0.393701,
        -0.098425 1.440945 -1.496063,
        -0.069597 1.440945 -1.565660,
        -0.049213 1.440945 -1.581302,
        0.049213 1.440945 -1.581302,
        0.069597 1.440945 -1.565660,
        0.095071 1.440945 -1.521537,
        0.085239 1.440945 -1.545276,
        -0.098425 1.559055 -0.393701,
        0.098425 1.559055 -0.393701,
        -0.098425 1.559055 -1.496063,
        0.098425 1.559055 -1.496063,
        -0.049213 1.559055 -1.581302,
        -0.069597 1.559055 -1.565660,
        -0.085239 1.559055 -1.545276,
        -0.095071 1.559055 -1.521537,
        0.095071 1.559055 -1.521537,
        0.085239 1.559055 -1.545276,
        0.069597 1.559055 -1.565660,
        0.025474 1.559055 -1.591134,
        -0.000000 1.559055 -1.594488,
        -0.025474 1.559055 -1.591134,
        0.049213 1.559055 -1.581302,
        -0.852362 1.279528 0.590551,
        -1.295276 1.279528 0.590551,
        -0.852362 1.327133 0.590551,
        -1.295276 1.327133 0.590551,
        -0.852362 1.327133 0.708661,
        -1.295276 1.327133 0.708661,
        -0.852362 1.279528 0.708661,
        -1.295276 1.279528 0.708661,
        -0.852362 1.331792 0.589992,
        -1.295276 1.331792 0.589992,
        -0.852362 1.336185 0.588346,
        -1.295276 1.336185 0.588346,
        -0.852362 1.340065 0.585707,
        -1.295276 1.340065 0.585707,
        -0.852362 1.343210 0.582226,
        -1.295276 1.343210 0.582226,
        -0.852362 1.345442 0.578098,
        -1.295276 1.345442 0.578098,
        -0.852362 1.346633 0.573560,
        -1.295276 1.346633 0.573560,
        -0.852362 1.463632 0.589722,
        -1.295276 1.463632 0.589722,
        -1.295276 1.455293 0.621489,
        -0.852362 1.455293 0.621489,
        -1.295276 1.439672 0.650381,
        -0.852362 1.439672 0.650381,
        -1.295276 1.417657 0.674755,
        -0.852362 1.417657 0.674755,
        -1.295276 1.390500 0.693227,
        -0.852362 1.390500 0.693227,
        -1.295276 1.359743 0.704747,
        -0.852362 1.359743 0.704747,
        -0.852362 1.383714 0.305118,
        -0.852362 1.502946 0.305118,
        0.852362 1.327133 0.590551,
        1.295276 1.327133 0.590551,
        0.852362 1.279528 0.590551,
        1.295276 1.279528 0.590551,
        0.852362 1.279528 0.708661,
        1.295276 1.279528 0.708661,
        0.852362 1.327133 0.708661,
        1.295276 1.327133 0.708661,
        1.295276 1.331792 0.589992,
        0.852362 1.331792 0.589992,
        1.295276 1.336185 0.588346,
        0.852362 1.336185 0.588346,
        1.295276 1.340065 0.585707,
        0.852362 1.340065 0.585707,
        1.295276 1.343210 0.582226,
        0.852362 1.343210 0.582226,
        1.295276 1.345442 0.578098,
        0.852362 1.345442 0.578098,
        1.295276 1.346633 0.573560,
        0.852362 1.346633 0.573560,
        1.295276 1.463632 0.589722,
        0.852362 1.463632 0.589722,
        0.852362 1.455293 0.621489,
        1.295276 1.455293 0.621489,
        0.852362 1.439672 0.650381,
        1.295276 1.439672 0.650381,
        0.852362 1.417657 0.674755,
        1.295276 1.417657 0.674755,
        0.852362 1.390500 0.693227,
        1.295276 1.390500 0.693227,
        0.852362 1.359743 0.704747,
        1.295276 1.359743 0.704747,
        0.852362 1.383714 0.305118,
        0.852362 1.502946 0.305118,
        0.295276 1.279528 0.590551,
        0.295276 1.279528 0.708661,
        -0.295276 1.279528 0.590551,
        -0.295276 1.279528 0.708661,
        0.295276 1.327133 0.708661,
        0.295276 1.327133 0.590551,
        -0.295276 1.327133 0.590551,
        -0.295276 1.327133 0.708661,
        0.295276 1.346633 0.573560,
        0.295276 1.463632 0.589722,
        0.295276 1.345442 0.578098,
        0.295276 1.455293 0.621489,
        0.295276 1.343210 0.582226,
        0.295276 1.439672 0.650381,
        0.295276 1.340065 0.585707,
        0.295276 1.417657 0.674755,
        0.295276 1.336185 0.588346,
        0.295276 1.390500 0.693227,
        0.295276 1.331792 0.589992,
        0.295276 1.359743 0.704747,
        -0.295276 1.331792 0.589992,
        -0.295276 1.336185 0.588346,
        -0.295276 1.340065 0.585707,
        -0.295276 1.343210 0.582226,
        -0.295276 1.345442 0.578098,
        -0.295276 1.346633 0.573560,
        -0.295276 1.359743 0.704747,
        -0.295276 1.390500 0.693227,
        -0.295276 1.417657 0.674755,
        -0.295276 1.439672 0.650381,
        -0.295276 1.455293 0.621489,
        -0.295276 1.463632 0.589722,
      ]
    }
    coordIndex [
      125, 123, 127, -1,
      127, 123, 129, -1,
      125, 127, 131, -1,
      131, 127, 152, -1,
      131, 152, 133, -1,
      133, 152, 150, -1,
      133, 150, 135, -1,
      135, 150, 148, -1,
      135, 148, 137, -1,
      137, 148, 146, -1,
      137, 146, 139, -1,
      139, 146, 144, -1,
      139, 144, 141, -1,
      141, 144, 143, -1,
      2, 141, 6, -1,
      6, 141, 143, -1,
      194, 191, 195, -1,
      195, 191, 190, -1,
      195, 190, 196, -1,
      196, 190, 192, -1,
      196, 192, 197, -1,
      197, 192, 193, -1,
      193, 191, 197, -1,
      197, 191, 194, -1,
      198, 199, 200, -1,
      200, 199, 201, -1,
      200, 201, 202, -1,
      202, 201, 203, -1,
      202, 203, 204, -1,
      204, 203, 205, -1,
      204, 205, 206, -1,
      206, 205, 207, -1,
      206, 207, 208, -1,
      208, 207, 209, -1,
      208, 209, 195, -1,
      195, 209, 194, -1,
      195, 196, 208, -1,
      208, 196, 210, -1,
      208, 210, 206, -1,
      206, 210, 211, -1,
      206, 211, 204, -1,
      204, 211, 212, -1,
      204, 212, 202, -1,
      202, 212, 213, -1,
      202, 213, 200, -1,
      200, 213, 214, -1,
      200, 214, 198, -1,
      198, 214, 215, -1,
      196, 197, 210, -1,
      210, 197, 216, -1,
      210, 216, 211, -1,
      211, 216, 217, -1,
      211, 217, 212, -1,
      212, 217, 218, -1,
      212, 218, 213, -1,
      213, 218, 219, -1,
      213, 219, 214, -1,
      214, 219, 220, -1,
      214, 220, 215, -1,
      215, 220, 221, -1,
      199, 221, 220, -1,
      199, 220, 201, -1,
      201, 220, 219, -1,
      201, 219, 203, -1,
      203, 219, 218, -1,
      203, 218, 205, -1,
      205, 218, 217, -1,
      205, 217, 207, -1,
      207, 217, 216, -1,
      207, 216, 209, -1,
      209, 216, 197, -1,
      209, 197, 194, -1,
      83, 199, 82, -1,
      82, 199, 198, -1,
      82, 198, 84, -1,
      84, 198, 215, -1,
      84, 215, 88, -1,
      88, 215, 221, -1,
      221, 199, 88, -1,
      88, 199, 83, -1,
      163, 161, 157, -1,
      157, 161, 159, -1,
      174, 176, 172, -1,
      172, 176, 179, -1,
      172, 179, 170, -1,
      170, 179, 181, -1,
      170, 181, 168, -1,
      168, 181, 183, -1,
      168, 183, 166, -1,
      166, 183, 185, -1,
      166, 185, 164, -1,
      164, 185, 187, -1,
      164, 187, 157, -1,
      157, 187, 163, -1,
      43, 176, 42, -1,
      42, 176, 174, -1,
      158, 160, 156, -1,
      156, 160, 162, -1,
      156, 162, 165, -1,
      165, 162, 186, -1,
      165, 186, 167, -1,
      167, 186, 184, -1,
      167, 184, 169, -1,
      169, 184, 182, -1,
      169, 182, 171, -1,
      171, 182, 180, -1,
      171, 180, 173, -1,
      173, 180, 178, -1,
      173, 178, 175, -1,
      175, 178, 177, -1,
      175, 177, 188, -1,
      188, 177, 189, -1,
      154, 155, 140, -1,
      140, 155, 142, -1,
      140, 142, 138, -1,
      138, 142, 145, -1,
      138, 145, 136, -1,
      136, 145, 147, -1,
      136, 147, 134, -1,
      134, 147, 149, -1,
      134, 149, 132, -1,
      132, 149, 151, -1,
      132, 151, 130, -1,
      130, 151, 153, -1,
      130, 153, 124, -1,
      124, 153, 126, -1,
      124, 126, 122, -1,
      122, 126, 128, -1,
      98, 108, 86, -1,
      86, 108, 91, -1,
      86, 91, 80, -1,
      80, 91, 81, -1,
      110, 108, 94, -1,
      94, 108, 98, -1,
      100, 99, 109, -1,
      109, 99, 107, -1,
      85, 89, 87, -1,
      87, 89, 90, -1,
      87, 90, 99, -1,
      99, 90, 107, -1,
      53, 51, 67, -1,
      67, 51, 65, -1,
      44, 47, 45, -1,
      45, 47, 48, -1,
      45, 48, 51, -1,
      51, 48, 65, -1,
      50, 66, 46, -1,
      46, 66, 49, -1,
      46, 49, 40, -1,
      40, 49, 41, -1,
      68, 66, 52, -1,
      52, 66, 50, -1,
      13, 11, 31, -1,
      31, 11, 32, -1,
      3, 7, 5, -1,
      5, 7, 8, -1,
      5, 8, 11, -1,
      11, 8, 32, -1,
      10, 25, 4, -1,
      4, 25, 9, -1,
      4, 9, 0, -1,
      0, 9, 1, -1,
      28, 25, 12, -1,
      12, 25, 10, -1,
      19, 38, 39, -1,
      19, 39, 23, -1,
      23, 39, 37, -1,
      23, 37, 24, -1,
      24, 37, 36, -1,
      24, 36, 20, -1,
      20, 36, 35, -1,
      20, 35, 22, -1,
      22, 35, 34, -1,
      22, 34, 21, -1,
      21, 34, 28, -1,
      21, 28, 12, -1,
      13, 31, 30, -1,
      13, 30, 14, -1,
      14, 30, 29, -1,
      14, 29, 15, -1,
      15, 29, 27, -1,
      15, 27, 16, -1,
      16, 27, 26, -1,
      16, 26, 17, -1,
      17, 26, 33, -1,
      17, 33, 18, -1,
      18, 33, 38, -1,
      18, 38, 19, -1,
      53, 67, 77, -1,
      53, 77, 58, -1,
      58, 77, 76, -1,
      58, 76, 59, -1,
      59, 76, 75, -1,
      59, 75, 57, -1,
      57, 75, 74, -1,
      57, 74, 56, -1,
      56, 74, 73, -1,
      56, 73, 55, -1,
      55, 73, 79, -1,
      55, 79, 54, -1,
      54, 79, 78, -1,
      54, 78, 60, -1,
      60, 78, 72, -1,
      60, 72, 61, -1,
      61, 72, 71, -1,
      61, 71, 62, -1,
      62, 71, 70, -1,
      62, 70, 63, -1,
      63, 70, 69, -1,
      63, 69, 64, -1,
      64, 69, 68, -1,
      64, 68, 52, -1,
      100, 109, 114, -1,
      100, 114, 92, -1,
      92, 114, 113, -1,
      92, 113, 93, -1,
      93, 113, 112, -1,
      93, 112, 101, -1,
      101, 112, 111, -1,
      101, 111, 102, -1,
      102, 111, 120, -1,
      102, 120, 95, -1,
      95, 120, 119, -1,
      95, 119, 96, -1,
      96, 119, 118, -1,
      96, 118, 97, -1,
      97, 118, 121, -1,
      97, 121, 103, -1,
      103, 121, 117, -1,
      103, 117, 104, -1,
      104, 117, 116, -1,
      104, 116, 106, -1,
      106, 116, 115, -1,
      106, 115, 105, -1,
      105, 115, 110, -1,
      105, 110, 94, -1,
    ]
  }
}

Shape {
  appearance Appearance {
    material Material {
      diffuseColor 0.6471 0.6471 0.6471
      specularColor 0.3216 0.3216 0.3216
      ambientIntensity 0.2
      transparency 0.0000
      shininess 0.5
    }
  }
  geometry IndexedFaceSet {
    ccw TRUE
    solid FALSE
    coord DEF co Coordinate {
      point [
        -0.704724 1.404108 0.157480,
        -0.704724 1.523340 0.157480,
        -0.852362 1.383714 0.305118,
        -0.852362 1.502946 0.305118,
        0.704724 1.404108 0.157480,
        0.852362 1.383714 0.305118,
        0.704724 1.523340 0.157480,
        0.852362 1.502946 0.305118,
      ]
    }
    coordIndex [
      7, 6, 5, -1,
      5, 6, 4, -1,
      2, 0, 3, -1,
      3, 0, 1, -1,
    ]
  }
}
