#VRML V2.0 utf8

Shape {
  appearance Appearance {
    material Material {
      diffuseColor 0.8510 0.8510 0.8510
      specularColor 0.4235 0.4235 0.4235
      ambientIntensity 0.2
      transparency 0.0000
      shininess 0.5
    }
  }
  geometry IndexedFaceSet {
    ccw TRUE
    solid FALSE
    coord DEF co Coordinate {
      point [
        0.866142 -0.118110 -1.377953,
        1.102362 -0.118110 -1.377953,
        0.787402 -0.118110 -0.931395,
        1.181102 -0.118110 -0.931395,
        0.787402 -0.118110 0.000000,
        1.181102 -0.118110 0.000000,
        0.866142 0.118110 -1.377953,
        1.102362 0.118110 -1.377953,
        0.787402 0.118110 0.000000,
        1.181102 0.118110 0.000000,
        0.787402 0.118110 -0.931395,
        1.181102 0.118110 -0.931395,
        0.787402 0.110213 0.070085,
        1.181102 0.110213 0.070085,
        0.787402 0.086919 0.136656,
        1.181102 0.086919 0.136656,
        0.787402 0.049396 0.196375,
        1.181102 0.049396 0.196375,
        0.787402 -0.000476 0.246246,
        1.181102 -0.000476 0.246246,
        0.787402 -0.060194 0.283770,
        1.181102 -0.060194 0.283770,
        0.787402 -0.126765 0.307064,
        1.181102 -0.126765 0.307064,
        0.787402 -0.196850 0.314961,
        1.181102 -0.196850 0.314961,
        1.181102 -0.472441 0.314961,
        0.787402 -0.472441 0.314961,
        1.397638 -0.688976 0.314961,
        0.570866 -0.688976 0.314961,
        1.397638 -0.992904 0.314961,
        0.570866 -0.992904 0.314961,
        1.397638 -1.013283 0.317644,
        0.570866 -1.013283 0.317644,
        1.397638 -1.032273 0.325510,
        0.570866 -1.032273 0.325510,
        1.397638 -1.048581 0.338023,
        0.570866 -1.048581 0.338023,
        1.397638 -1.061094 0.354331,
        0.570866 -1.061094 0.354331,
        1.397638 -1.068961 0.373321,
        0.570866 -1.068961 0.373321,
        1.397638 -1.071644 0.393701,
        0.570866 -1.071644 0.393701,
        1.397638 -1.071644 1.377953,
        0.570866 -1.071644 1.377953,
        1.397638 -1.068961 1.398332,
        0.570866 -1.068961 1.398332,
        1.397638 -1.061094 1.417323,
        0.570866 -1.061094 1.417323,
        1.397638 -1.048581 1.433631,
        0.570866 -1.048581 1.433631,
        1.397638 -1.032273 1.446144,
        0.570866 -1.032273 1.446144,
        1.397638 -1.013283 1.454010,
        0.570866 -1.013283 1.454010,
        1.397638 -0.992904 1.456693,
        0.570866 -0.992904 1.456693,
        1.397638 -0.520759 1.456693,
        0.570866 -0.520759 1.456693,
        0.570866 1.014674 1.692913,
        1.397638 1.014674 1.692913,
        0.570866 1.014674 1.496063,
        1.397638 1.014674 1.496063,
        1.397638 -0.992904 1.692913,
        0.570866 -0.992904 1.692913,
        0.570866 -1.062989 1.685017,
        1.397638 -1.062989 1.685017,
        0.570866 -1.129560 1.661722,
        1.397638 -1.129560 1.661722,
        0.570866 -1.189278 1.624199,
        1.397638 -1.189278 1.624199,
        0.570866 -1.239150 1.574328,
        1.397638 -1.239150 1.574328,
        0.570866 -1.276673 1.514609,
        1.397638 -1.276673 1.514609,
        0.570866 -1.299967 1.448038,
        1.397638 -1.299967 1.448038,
        0.570866 -1.307864 1.377953,
        1.397638 -1.307864 1.377953,
        1.397638 -1.307864 0.393701,
        0.570866 -1.307864 0.393701,
        0.570866 -1.299967 0.323615,
        1.397638 -1.299967 0.323615,
        0.570866 -1.276673 0.257044,
        1.397638 -1.276673 0.257044,
        0.570866 -1.239150 0.197326,
        1.397638 -1.239150 0.197326,
        0.570866 -1.189278 0.147455,
        1.397638 -1.189278 0.147455,
        0.570866 -1.129560 0.109931,
        1.397638 -1.129560 0.109931,
        0.570866 -1.062989 0.086637,
        1.397638 -1.062989 0.086637,
        0.570866 -0.992904 0.078740,
        1.397638 -0.992904 0.078740,
        0.787402 -0.472441 0.078740,
        0.787402 -0.196850 0.078740,
        1.181102 -0.196850 0.078740,
        1.181102 -0.472441 0.078740,
        1.397638 -0.688976 0.078740,
        0.570866 -0.688976 0.078740,
        1.181102 -0.176471 0.076057,
        0.787402 -0.176471 0.076057,
        1.181102 -0.157480 0.068191,
        0.787402 -0.157480 0.068191,
        1.181102 -0.141173 0.055678,
        0.787402 -0.141173 0.055678,
        1.181102 -0.128659 0.039370,
        0.787402 -0.128659 0.039370,
        1.181102 -0.120793 0.020380,
        0.787402 -0.120793 0.020380,
        1.397638 -0.442019 1.456693,
        1.397638 -0.402648 1.496063,
        1.397638 -0.481389 1.496063,
        1.397638 -0.323908 1.496063,
        1.397638 -0.284538 1.456693,
        1.397638 -0.245168 1.496063,
        1.397638 -0.205798 1.456693,
        1.397638 -0.166428 1.496063,
        1.397638 -0.363278 1.456693,
        1.397638 -0.087688 1.496063,
        1.397638 -0.048318 1.456693,
        1.397638 -0.008948 1.496063,
        1.397638 0.030422 1.456693,
        1.397638 0.069793 1.496063,
        1.397638 0.109163 1.456693,
        1.397638 0.148533 1.496063,
        1.397638 -0.127058 1.456693,
        1.397638 0.227273 1.496063,
        1.397638 0.266643 1.456693,
        1.397638 0.306013 1.496063,
        1.397638 0.345383 1.456693,
        1.397638 0.384753 1.496063,
        1.397638 0.187903 1.456693,
        1.397638 0.463493 1.496063,
        1.397638 0.502863 1.456693,
        1.397638 0.542233 1.496063,
        1.397638 0.581604 1.456693,
        1.397638 0.620974 1.496063,
        1.397638 0.424123 1.456693,
        1.397638 0.699714 1.496063,
        1.397638 0.739084 1.456693,
        1.397638 0.778454 1.496063,
        1.397638 0.817824 1.456693,
        1.397638 0.857194 1.496063,
        1.397638 0.660344 1.456693,
        1.397638 0.975304 1.456693,
        1.397638 0.935934 1.496063,
        1.397638 0.896564 1.456693,
        0.570866 0.384753 1.496063,
        0.570866 0.345383 1.456693,
        0.570866 0.306013 1.496063,
        0.570866 0.857194 1.496063,
        0.570866 0.817824 1.456693,
        0.570866 0.778454 1.496063,
        0.570866 0.975304 1.456693,
        0.570866 0.935934 1.496063,
        0.570866 0.620974 1.496063,
        0.570866 0.581604 1.456693,
        0.570866 0.542233 1.496063,
        0.570866 0.266643 1.456693,
        0.570866 0.227273 1.496063,
        0.570866 0.463493 1.496063,
        0.570866 0.424123 1.456693,
        0.570866 0.148533 1.496063,
        0.570866 0.109163 1.456693,
        0.570866 0.069793 1.496063,
        0.570866 0.739084 1.456693,
        0.570866 0.699714 1.496063,
        0.570866 0.896564 1.456693,
        0.570866 0.502863 1.456693,
        0.570866 0.660344 1.456693,
        0.570866 0.030422 1.456693,
        0.570866 -0.008948 1.496063,
        0.570866 0.187903 1.456693,
        0.570866 -0.323908 1.496063,
        0.570866 -0.363278 1.456693,
        0.570866 -0.402648 1.496063,
        0.570866 -0.442019 1.456693,
        0.570866 -0.481389 1.496063,
        0.570866 -0.048318 1.456693,
        0.570866 -0.087688 1.496063,
        0.570866 -0.166428 1.496063,
        0.570866 -0.205798 1.456693,
        0.570866 -0.245168 1.496063,
        0.570866 -0.284538 1.456693,
        0.570866 -0.127058 1.456693,
        1.470126 0.279001 3.740157,
        1.448459 0.315931 3.740157,
        0.724008 -0.467117 3.740157,
        0.687078 -0.445450 3.740157,
        1.498112 0.218126 3.740157,
        0.784883 -0.495104 3.740157,
        0.848704 -0.515497 3.740157,
        1.349587 -0.393955 3.740157,
        1.396963 -0.346579 3.740157,
        1.438241 -0.293804 3.740157,
        1.472811 -0.236412 3.740157,
        1.048277 -0.528693 3.740157,
        1.114228 -0.516880 3.740157,
        1.178257 -0.497153 3.740157,
        1.500161 -0.175249 3.740157,
        1.519889 -0.111219 3.740157,
        1.531702 -0.045269 3.740157,
        0.914527 -0.527996 3.740157,
        0.981381 -0.532417 3.740157,
        1.239420 -0.469802 3.740157,
        1.296813 -0.435233 3.740157,
        1.535426 0.021628 3.740157,
        1.531005 0.088481 3.740157,
        1.518506 0.154305 3.740157,
        0.769009 -0.572541 3.661417,
        0.829339 -0.591819 3.661417,
        0.829999 -0.589219 3.681797,
        0.984241 -0.610974 3.661417,
        1.057424 -0.606900 3.661417,
        1.057112 -0.604235 3.681797,
        1.093432 -0.600451 3.661417,
        1.132796 -0.593400 3.661417,
        1.132163 -0.590793 3.681797,
        1.199589 -0.572821 3.661417,
        1.205972 -0.570854 3.661417,
        1.205028 -0.568343 3.681797,
        1.298667 -0.525866 3.661417,
        1.341465 -0.500088 3.661417,
        1.339943 -0.497878 3.681797,
        1.466175 -0.385661 3.661417,
        1.503097 -0.338456 3.661417,
        1.500887 -0.336935 3.681797,
        1.575830 -0.196580 3.661417,
        1.596408 -0.129787 3.661417,
        1.593801 -0.129154 3.681797,
        1.613983 0.018767 3.661417,
        1.614165 0.022038 3.661417,
        1.611481 0.022024 3.681797,
        1.603513 0.127934 3.661417,
        1.594828 0.173669 3.661417,
        1.592227 0.173009 3.681797,
        0.686830 -0.536528 3.661417,
        0.688097 -0.534163 3.681797,
        0.669672 -0.526143 3.661417,
        0.631650 -0.500878 3.678832,
        0.630247 -0.502282 3.661417,
        0.638751 -0.493777 3.702894,
        0.637996 -0.494532 3.700687,
        0.691811 -0.527229 3.700787,
        0.633334 -0.499194 3.687048,
        0.632252 -0.500276 3.681767,
        0.656057 -0.476472 3.727428,
        0.651114 -0.481415 3.722426,
        0.697719 -0.516198 3.717095,
        0.647113 -0.485416 3.716755,
        0.642252 -0.490276 3.709865,
        0.658740 -0.473788 3.729290,
        0.705419 -0.501823 3.729609,
        0.667431 -0.465098 3.735321,
        0.714386 -0.485082 3.737474,
        0.672353 -0.460175 3.737406,
        0.673440 -0.459088 3.737867,
        1.453839 0.321311 3.739806,
        1.488091 0.288623 3.737474,
        1.476739 0.344211 3.729220,
        1.472778 0.340250 3.732610,
        1.504831 0.297589 3.729609,
        1.466302 0.333773 3.736192,
        1.463141 0.330613 3.737109,
        1.483556 0.351028 3.723388,
        1.519207 0.305289 3.717095,
        1.488748 0.356219 3.716997,
        1.496608 0.364080 3.703289,
        1.530237 0.311198 3.700787,
        1.497619 0.365090 3.700730,
        1.499843 0.367314 3.695096,
        1.537172 0.314911 3.681797,
        1.503153 0.370624 3.681698,
        1.539537 0.316178 3.661417,
        1.529152 0.333337 3.661417,
        1.505290 0.372762 3.661417,
        1.504977 0.372448 3.669688,
        1.503935 0.371407 3.678533,
        1.517112 0.225497 3.737474,
        1.538259 0.159317 3.737474,
        1.534817 0.232367 3.729609,
        1.556667 0.163987 3.729609,
        1.550020 0.238265 3.717095,
        1.572474 0.167998 3.717095,
        1.561686 0.242791 3.700787,
        1.584603 0.171075 3.700787,
        1.569020 0.245637 3.681797,
        1.551943 -0.047636 3.737474,
        1.539694 -0.116025 3.737474,
        1.570806 -0.049842 3.729609,
        1.558149 -0.120503 3.729609,
        1.587003 -0.051736 3.717095,
        1.573996 -0.124348 3.717095,
        1.599431 -0.053190 3.700787,
        1.586157 -0.127299 3.700787,
        1.607244 -0.054104 3.681797,
        1.490875 -0.245846 3.737474,
        1.455027 -0.305361 3.737474,
        1.507708 -0.254638 3.729609,
        1.470669 -0.316130 3.729609,
        1.522163 -0.262187 3.717095,
        1.484101 -0.325378 3.717095,
        1.533254 -0.267981 3.700787,
        1.494408 -0.332474 3.700787,
        1.540227 -0.271622 3.681797,
        1.363095 -0.409215 3.737474,
        1.308370 -0.452019 3.737474,
        1.375683 -0.423434 3.729609,
        1.319139 -0.467660 3.729609,
        1.386492 -0.435645 3.717095,
        1.328387 -0.481093 3.717095,
        1.394786 -0.445015 3.700787,
        1.335482 -0.491399 3.700787,
        1.400000 -0.450905 3.681797,
        0.911949 -0.548212 3.737474,
        0.843692 -0.535251 3.737474,
        0.909547 -0.567050 3.729609,
        0.839022 -0.553658 3.729609,
        0.907484 -0.583227 3.717095,
        0.835011 -0.569465 3.717095,
        0.905901 -0.595640 3.700787,
        0.831934 -0.581594 3.700787,
        0.904906 -0.603443 3.681797,
        1.571521 0.246607 3.661417,
        1.575550 0.234000 3.661417,
        1.609113 0.098442 3.661417,
        1.606451 0.098103 3.681797,
        1.598648 0.097108 3.700787,
        1.586235 0.095525 3.717095,
        1.570059 0.093462 3.729609,
        1.551221 0.091059 3.737474,
        1.555805 0.021734 3.737474,
        1.574795 0.021833 3.729609,
        1.591102 0.021918 3.717095,
        1.603616 0.021983 3.700787,
        1.609909 -0.054415 3.661417,
        1.603459 -0.090423 3.661417,
        1.573863 -0.202964 3.661417,
        1.571352 -0.202019 3.681797,
        1.563989 -0.199250 3.700787,
        1.552276 -0.194846 3.717095,
        1.537012 -0.189106 3.729609,
        1.519237 -0.182422 3.737474,
        1.542605 -0.272864 3.661417,
        1.528875 -0.295659 3.661417,
        1.455922 -0.398769 3.661417,
        1.453913 -0.396991 3.681797,
        1.448023 -0.391777 3.700787,
        1.438654 -0.383483 3.717095,
        1.426443 -0.372674 3.729609,
        1.412223 -0.360087 3.737474,
        1.401778 -0.452913 3.661417,
        1.388669 -0.463167 3.661417,
        1.275873 -0.539596 3.661417,
        1.274631 -0.537218 3.681797,
        1.270989 -0.530246 3.700787,
        1.265196 -0.519154 3.717095,
        1.257646 -0.504699 3.729609,
        1.248855 -0.487866 3.737474,
        1.185430 -0.516228 3.737474,
        1.192115 -0.534004 3.729609,
        1.197855 -0.549267 3.717095,
        1.202259 -0.560980 3.700787,
        1.130308 -0.583148 3.700787,
        1.127357 -0.570988 3.717095,
        1.123511 -0.555140 3.729609,
        1.119033 -0.536685 3.737474,
        1.056198 -0.596422 3.700787,
        1.054745 -0.583994 3.717095,
        1.052850 -0.567797 3.729609,
        1.050644 -0.548935 3.737474,
        0.980971 -0.611156 3.661417,
        0.980985 -0.608473 3.681797,
        0.981026 -0.600607 3.700787,
        0.981091 -0.588094 3.717095,
        0.981176 -0.571787 3.729609,
        0.981275 -0.552796 3.737474,
        0.904567 -0.606104 3.661417,
        0.875074 -0.600504 3.661417,
        0.756402 -0.568512 3.661417,
        0.757372 -0.566011 3.681797,
        0.760217 -0.558678 3.700787,
        0.764743 -0.547011 3.717095,
        0.770642 -0.531808 3.729609,
        0.777511 -0.514103 3.737474,
        0.259843 -0.748031 1.614173,
        0.259843 -0.748031 1.968504,
        0.259843 0.787402 1.614173,
        0.259843 0.787402 1.968504,
        1.708661 0.787402 1.968504,
        1.708661 -0.748031 1.968504,
        1.708661 0.787402 0.393701,
        1.708661 -0.748031 0.393701,
        1.496063 0.787402 1.614173,
        1.496063 0.787402 0.590551,
        0.259843 0.787402 0.590551,
        0.259843 0.787402 0.393701,
        0.259843 -0.748031 0.590551,
        0.259843 -0.748031 0.393701,
        1.496063 -0.748031 0.590551,
        1.496063 -0.748031 1.614173,
        1.529780 0.333717 1.968504,
        1.576184 0.234202 1.968504,
        1.529780 -0.296204 1.968504,
        1.466800 -0.386149 1.968504,
        1.466800 0.423662 1.968504,
        1.576184 -0.196689 1.968504,
        1.604604 0.128141 1.968504,
        1.614173 0.018757 1.968504,
        1.604604 -0.090628 1.968504,
        1.389157 -0.463791 1.968504,
        1.299213 -0.526771 1.968504,
        1.199698 -0.573176 1.968504,
        0.579346 -0.463791 1.968504,
        0.669291 -0.526771 1.968504,
        0.768806 -0.573176 1.968504,
        0.501704 -0.386149 1.968504,
        0.438724 -0.296204 1.968504,
        0.392320 -0.196689 1.968504,
        0.438724 0.333717 1.968504,
        0.501704 0.423662 1.968504,
        1.093637 -0.601595 1.968504,
        0.984252 -0.611165 1.968504,
        0.874867 -0.601595 1.968504,
        0.392320 0.234202 1.968504,
        0.579346 0.501304 1.968504,
        0.669291 0.564284 1.968504,
        0.768806 0.610689 1.968504,
        0.363901 -0.090628 1.968504,
        0.354331 0.018757 1.968504,
        0.363901 0.128141 1.968504,
        1.199698 0.610689 1.968504,
        1.299213 0.564284 1.968504,
        1.389157 0.501304 1.968504,
        0.874867 0.639108 1.968504,
        0.984252 0.648678 1.968504,
        1.093637 0.639108 1.968504,
        1.338257 0.539795 3.346457,
        0.463213 -0.335249 3.661417,
        0.439352 -0.295824 3.661417,
        0.463213 -0.335249 3.346457,
        0.501704 -0.386149 3.346457,
        0.630247 -0.502282 3.346457,
        0.579346 -0.463791 3.346457,
        1.505290 0.372762 3.346457,
        1.466800 0.423662 3.346457,
        1.389157 0.501304 3.346457,
        0.359391 -0.060929 3.661417,
        0.354339 0.015476 3.661417,
        0.373676 -0.136156 3.661417,
        0.364991 -0.090421 3.661417,
        0.428967 -0.278665 3.661417,
        0.396983 -0.209094 3.661417,
        0.392954 -0.196486 3.661417,
        1.338257 0.539795 3.661417,
        1.298832 0.563656 3.661417,
        1.281674 0.574041 3.661417,
        1.212102 0.606026 3.661417,
        1.063937 0.643617 3.661417,
        1.093430 0.638017 3.661417,
        1.139165 0.629333 3.661417,
        1.199495 0.610054 3.661417,
        0.911080 0.644414 3.661417,
        0.984263 0.648487 3.661417,
        0.987533 0.648669 3.661417,
        0.835708 0.630913 3.661417,
        0.875072 0.637964 3.661417,
        0.669836 0.563380 3.661417,
        0.692631 0.577109 3.661417,
        0.762531 0.608367 3.661417,
        0.768915 0.610334 3.661417,
        0.627039 0.537602 3.661417,
        0.579835 0.500680 3.661417,
        0.566726 0.490427 3.661417,
        0.512582 0.436283 3.661417,
        0.425899 0.310378 3.661417,
        0.439629 0.333172 3.661417,
        0.465407 0.375969 3.661417,
        0.502329 0.423174 3.661417,
        0.372095 0.167300 3.661417,
        0.392674 0.234093 3.661417,
        0.394641 0.240477 3.661417,
        0.354521 0.018746 3.661417,
        0.358595 0.091928 3.661417,
        0.365044 0.127937 3.661417,
        0.520045 -0.278417 3.740157,
        1.281426 0.482964 3.740157,
        0.498378 -0.241487 3.740157,
        1.244496 0.504631 3.740157,
        0.470392 -0.180613 3.740157,
        0.449998 -0.116792 3.740157,
        0.571541 0.384092 3.740157,
        0.530263 0.331318 3.740157,
        0.437499 -0.050968 3.740157,
        1.119800 0.553011 3.740157,
        1.053977 0.565510 3.740157,
        0.987123 0.569930 3.740157,
        1.183621 0.532617 3.740157,
        0.790246 0.534666 3.740157,
        0.729083 0.507315 3.740157,
        0.433078 0.015886 3.740157,
        0.436802 0.082782 3.740157,
        0.448615 0.148732 3.740157,
        0.920227 0.566207 3.740157,
        0.854276 0.554394 3.740157,
        0.671691 0.472746 3.740157,
        0.618917 0.431468 3.740157,
        0.495693 0.273925 3.740157,
        0.468343 0.212762 3.740157,
        1.138505 0.626732 3.681797,
        0.911392 0.641749 3.681797,
        0.836341 0.628306 3.681797,
        0.763476 0.605856 3.681797,
        0.628561 0.535392 3.681797,
        0.467617 0.374448 3.681797,
        0.374703 0.166667 3.681797,
        0.357022 0.015489 3.681797,
        0.376277 -0.135496 3.681797,
        0.514665 -0.283798 3.739806,
        0.480413 -0.251110 3.737474,
        0.491765 -0.306698 3.729220,
        0.495726 -0.302736 3.732610,
        0.463672 -0.260076 3.729609,
        0.502202 -0.296260 3.736192,
        0.505363 -0.293099 3.737109,
        0.484948 -0.313515 3.723388,
        0.449297 -0.267776 3.717095,
        0.479756 -0.318706 3.716997,
        0.471895 -0.326567 3.703289,
        0.438267 -0.273684 3.700787,
        0.470885 -0.327577 3.700730,
        0.468661 -0.329801 3.695096,
        0.431332 -0.277398 3.681797,
        0.465351 -0.333111 3.681698,
        0.463527 -0.334935 3.669688,
        0.464569 -0.333893 3.678533,
        1.280407 0.571676 3.681797,
        1.336854 0.538391 3.678832,
        1.329753 0.531291 3.702894,
        1.330507 0.532045 3.700687,
        1.276693 0.564742 3.700787,
        1.335170 0.536708 3.687048,
        1.336252 0.537790 3.681767,
        1.312447 0.513985 3.727428,
        1.317390 0.518928 3.722426,
        1.270785 0.553711 3.717095,
        1.321391 0.522929 3.716755,
        1.326252 0.527789 3.709865,
        1.309764 0.511302 3.729290,
        1.263085 0.539336 3.729609,
        1.301073 0.502611 3.735321,
        1.254118 0.522596 3.737474,
        1.296151 0.497689 3.737406,
        1.295064 0.496602 3.737867,
        0.451392 -0.187984 3.737474,
        0.430244 -0.121804 3.737474,
        0.433687 -0.194853 3.729609,
        0.411837 -0.126474 3.729609,
        0.418484 -0.200752 3.717095,
        0.396030 -0.130484 3.717095,
        0.406818 -0.205278 3.700787,
        0.383901 -0.133561 3.700787,
        0.399484 -0.208123 3.681797,
        0.416561 0.085149 3.737474,
        0.428810 0.153538 3.737474,
        0.397698 0.087355 3.729609,
        0.410355 0.158016 3.729609,
        0.381501 0.089250 3.717095,
        0.394507 0.161862 3.717095,
        0.369073 0.090703 3.700787,
        0.382347 0.164813 3.700787,
        0.361260 0.091617 3.681797,
        0.477629 0.283360 3.737474,
        0.513477 0.342874 3.737474,
        0.460796 0.292151 3.729609,
        0.497835 0.353644 3.729609,
        0.446341 0.299701 3.717095,
        0.484403 0.362891 3.717095,
        0.435250 0.305494 3.700787,
        0.474096 0.369987 3.700787,
        0.428277 0.309135 3.681797,
        0.605409 0.446728 3.737474,
        0.660134 0.489531 3.737474,
        0.592821 0.460948 3.729609,
        0.649365 0.505174 3.729609,
        0.582012 0.473158 3.717095,
        0.640117 0.518606 3.717095,
        0.573718 0.482528 3.700787,
        0.633022 0.528913 3.700787,
        0.568504 0.488418 3.681797,
        1.056555 0.585726 3.737474,
        1.124812 0.572764 3.737474,
        1.058957 0.604564 3.729609,
        1.129483 0.591172 3.729609,
        1.061020 0.620740 3.717095,
        1.133493 0.606978 3.717095,
        1.062603 0.633153 3.700787,
        1.136570 0.619107 3.700787,
        1.063598 0.640956 3.681797,
        0.362053 -0.060589 3.681797,
        0.369856 -0.059594 3.700787,
        0.382269 -0.058011 3.717095,
        0.398445 -0.055948 3.729609,
        0.417283 -0.053546 3.737474,
        0.412699 0.015780 3.737474,
        0.393709 0.015681 3.729609,
        0.377402 0.015596 3.717095,
        0.364888 0.015530 3.700787,
        0.397152 0.239533 3.681797,
        0.404515 0.236764 3.700787,
        0.416228 0.232359 3.717095,
        0.431492 0.226619 3.729609,
        0.449267 0.219935 3.737474,
        0.514591 0.434504 3.681797,
        0.520481 0.429291 3.700787,
        0.529850 0.420996 3.717095,
        0.542061 0.410187 3.729609,
        0.556281 0.397600 3.737474,
        0.693873 0.574731 3.681797,
        0.697515 0.567759 3.700787,
        0.703308 0.556667 3.717095,
        0.710857 0.542213 3.729609,
        0.719649 0.525380 3.737474,
        0.783074 0.553741 3.737474,
        0.776389 0.571517 3.729609,
        0.770649 0.586781 3.717095,
        0.766245 0.598493 3.700787,
        0.838196 0.620661 3.700787,
        0.841147 0.608501 3.717095,
        0.844993 0.592654 3.729609,
        0.849470 0.574198 3.737474,
        0.912306 0.633936 3.700787,
        0.913759 0.621507 3.717095,
        0.915654 0.605310 3.729609,
        0.917859 0.586448 3.737474,
        0.987519 0.645986 3.681797,
        0.987478 0.638120 3.700787,
        0.987413 0.625607 3.717095,
        0.987328 0.609300 3.729609,
        0.987229 0.590309 3.737474,
        1.211132 0.603524 3.681797,
        1.208287 0.596191 3.700787,
        1.203761 0.584525 3.717095,
        1.197862 0.569321 3.729609,
        1.190993 0.551617 3.737474,
      ]
    }
    coordIndex [
      0, 1, 2, -1,
      2, 1, 3, -1,
      2, 3, 4, -1,
      4, 3, 5, -1,
      6, 7, 0, -1,
      0, 7, 1, -1,
      8, 9, 10, -1,
      10, 9, 11, -1,
      10, 11, 6, -1,
      6, 11, 7, -1,
      9, 8, 12, -1,
      9, 12, 13, -1,
      13, 12, 14, -1,
      13, 14, 15, -1,
      15, 14, 16, -1,
      15, 16, 17, -1,
      17, 16, 18, -1,
      17, 18, 19, -1,
      19, 18, 20, -1,
      19, 20, 21, -1,
      21, 20, 22, -1,
      21, 22, 23, -1,
      23, 22, 24, -1,
      23, 24, 25, -1,
      25, 24, 26, -1,
      26, 24, 27, -1,
      26, 27, 28, -1,
      28, 27, 29, -1,
      28, 29, 30, -1,
      30, 29, 31, -1,
      30, 31, 32, -1,
      32, 31, 33, -1,
      32, 33, 34, -1,
      34, 33, 35, -1,
      34, 35, 36, -1,
      36, 35, 37, -1,
      36, 37, 38, -1,
      38, 37, 39, -1,
      38, 39, 40, -1,
      40, 39, 41, -1,
      40, 41, 42, -1,
      42, 41, 43, -1,
      44, 42, 45, -1,
      45, 42, 43, -1,
      44, 45, 46, -1,
      46, 45, 47, -1,
      46, 47, 48, -1,
      48, 47, 49, -1,
      48, 49, 50, -1,
      50, 49, 51, -1,
      50, 51, 52, -1,
      52, 51, 53, -1,
      52, 53, 54, -1,
      54, 53, 55, -1,
      54, 55, 56, -1,
      56, 55, 57, -1,
      56, 57, 58, -1,
      58, 57, 59, -1,
      60, 61, 62, -1,
      62, 61, 63, -1,
      64, 61, 65, -1,
      65, 61, 60, -1,
      64, 65, 66, -1,
      64, 66, 67, -1,
      67, 66, 68, -1,
      67, 68, 69, -1,
      69, 68, 70, -1,
      69, 70, 71, -1,
      71, 70, 72, -1,
      71, 72, 73, -1,
      73, 72, 74, -1,
      73, 74, 75, -1,
      75, 74, 76, -1,
      75, 76, 77, -1,
      77, 76, 78, -1,
      77, 78, 79, -1,
      80, 79, 81, -1,
      81, 79, 78, -1,
      80, 81, 82, -1,
      80, 82, 83, -1,
      83, 82, 84, -1,
      83, 84, 85, -1,
      85, 84, 86, -1,
      85, 86, 87, -1,
      87, 86, 88, -1,
      87, 88, 89, -1,
      89, 88, 90, -1,
      89, 90, 91, -1,
      91, 90, 92, -1,
      91, 92, 93, -1,
      93, 92, 94, -1,
      93, 94, 95, -1,
      96, 97, 98, -1,
      98, 99, 96, -1,
      96, 99, 100, -1,
      96, 100, 101, -1,
      101, 100, 95, -1,
      101, 95, 94, -1,
      98, 97, 102, -1,
      102, 97, 103, -1,
      102, 103, 104, -1,
      104, 103, 105, -1,
      104, 105, 106, -1,
      106, 105, 107, -1,
      106, 107, 108, -1,
      108, 107, 109, -1,
      108, 109, 110, -1,
      110, 109, 111, -1,
      110, 111, 5, -1,
      5, 111, 4, -1,
      112, 113, 114, -1,
      114, 113, 64, -1,
      115, 116, 117, -1,
      58, 114, 56, -1,
      56, 114, 64, -1,
      56, 64, 54, -1,
      54, 64, 67, -1,
      54, 67, 52, -1,
      52, 67, 69, -1,
      52, 69, 50, -1,
      118, 119, 117, -1,
      117, 119, 64, -1,
      117, 64, 115, -1,
      115, 64, 113, -1,
      115, 113, 120, -1,
      121, 122, 123, -1,
      38, 87, 36, -1,
      36, 87, 89, -1,
      36, 89, 34, -1,
      34, 89, 91, -1,
      34, 91, 32, -1,
      32, 91, 93, -1,
      32, 93, 30, -1,
      30, 93, 95, -1,
      30, 95, 28, -1,
      28, 95, 100, -1,
      123, 124, 125, -1,
      126, 127, 125, -1,
      125, 127, 61, -1,
      125, 61, 123, -1,
      123, 61, 64, -1,
      123, 64, 121, -1,
      121, 64, 119, -1,
      121, 119, 128, -1,
      69, 71, 50, -1,
      50, 71, 73, -1,
      50, 73, 48, -1,
      48, 73, 75, -1,
      48, 75, 46, -1,
      46, 75, 77, -1,
      46, 77, 44, -1,
      44, 77, 79, -1,
      44, 79, 42, -1,
      42, 79, 80, -1,
      42, 80, 40, -1,
      40, 80, 83, -1,
      40, 83, 38, -1,
      38, 83, 85, -1,
      38, 85, 87, -1,
      129, 130, 131, -1,
      132, 133, 131, -1,
      131, 133, 61, -1,
      131, 61, 129, -1,
      129, 61, 127, -1,
      129, 127, 134, -1,
      135, 136, 137, -1,
      138, 139, 137, -1,
      137, 139, 61, -1,
      137, 61, 135, -1,
      135, 61, 133, -1,
      135, 133, 140, -1,
      141, 142, 143, -1,
      144, 145, 143, -1,
      143, 145, 61, -1,
      143, 61, 141, -1,
      141, 61, 139, -1,
      141, 139, 146, -1,
      147, 63, 148, -1,
      148, 63, 61, -1,
      148, 61, 149, -1,
      149, 61, 145, -1,
      150, 151, 152, -1,
      153, 154, 155, -1,
      62, 156, 60, -1,
      60, 156, 157, -1,
      158, 159, 160, -1,
      161, 162, 152, -1,
      152, 162, 60, -1,
      152, 60, 150, -1,
      150, 60, 163, -1,
      150, 163, 164, -1,
      165, 166, 167, -1,
      168, 169, 155, -1,
      155, 169, 60, -1,
      155, 60, 153, -1,
      153, 60, 157, -1,
      153, 157, 170, -1,
      171, 163, 160, -1,
      160, 163, 60, -1,
      160, 60, 158, -1,
      158, 60, 169, -1,
      158, 169, 172, -1,
      173, 174, 167, -1,
      167, 174, 60, -1,
      167, 60, 165, -1,
      165, 60, 162, -1,
      165, 162, 175, -1,
      176, 177, 178, -1,
      179, 180, 178, -1,
      178, 180, 65, -1,
      178, 65, 176, -1,
      180, 59, 65, -1,
      65, 59, 57, -1,
      65, 57, 66, -1,
      66, 57, 55, -1,
      66, 55, 68, -1,
      68, 55, 53, -1,
      68, 53, 70, -1,
      70, 53, 51, -1,
      70, 51, 72, -1,
      72, 51, 49, -1,
      181, 182, 174, -1,
      174, 182, 65, -1,
      174, 65, 60, -1,
      183, 184, 185, -1,
      186, 176, 185, -1,
      185, 176, 65, -1,
      185, 65, 183, -1,
      183, 65, 182, -1,
      183, 182, 187, -1,
      29, 101, 31, -1,
      31, 101, 94, -1,
      31, 94, 33, -1,
      33, 94, 92, -1,
      33, 92, 35, -1,
      35, 92, 90, -1,
      35, 90, 37, -1,
      90, 88, 37, -1,
      37, 88, 86, -1,
      37, 86, 39, -1,
      39, 86, 84, -1,
      39, 84, 41, -1,
      41, 84, 82, -1,
      41, 82, 43, -1,
      43, 82, 81, -1,
      43, 81, 45, -1,
      45, 81, 78, -1,
      45, 78, 47, -1,
      47, 78, 76, -1,
      47, 76, 49, -1,
      49, 76, 74, -1,
      49, 74, 72, -1,
      156, 62, 147, -1,
      147, 62, 63, -1,
      170, 157, 149, -1,
      149, 157, 148, -1,
      157, 156, 148, -1,
      148, 156, 147, -1,
      180, 179, 114, -1,
      114, 179, 112, -1,
      59, 180, 58, -1,
      58, 180, 114, -1,
      176, 186, 115, -1,
      115, 186, 116, -1,
      177, 176, 120, -1,
      120, 176, 115, -1,
      183, 187, 119, -1,
      119, 187, 128, -1,
      184, 183, 118, -1,
      118, 183, 119, -1,
      174, 173, 123, -1,
      123, 173, 124, -1,
      181, 174, 122, -1,
      122, 174, 123, -1,
      165, 175, 127, -1,
      127, 175, 134, -1,
      166, 165, 126, -1,
      126, 165, 127, -1,
      152, 151, 131, -1,
      131, 151, 132, -1,
      161, 152, 130, -1,
      130, 152, 131, -1,
      163, 171, 135, -1,
      135, 171, 136, -1,
      164, 163, 140, -1,
      140, 163, 135, -1,
      158, 172, 139, -1,
      139, 172, 146, -1,
      159, 158, 138, -1,
      138, 158, 139, -1,
      155, 154, 143, -1,
      143, 154, 144, -1,
      168, 155, 142, -1,
      142, 155, 143, -1,
      153, 170, 145, -1,
      145, 170, 149, -1,
      154, 153, 144, -1,
      144, 153, 145, -1,
      172, 169, 146, -1,
      146, 169, 141, -1,
      169, 168, 141, -1,
      141, 168, 142, -1,
      171, 160, 136, -1,
      136, 160, 137, -1,
      160, 159, 137, -1,
      137, 159, 138, -1,
      151, 150, 132, -1,
      132, 150, 133, -1,
      150, 164, 133, -1,
      133, 164, 140, -1,
      175, 162, 134, -1,
      134, 162, 129, -1,
      162, 161, 129, -1,
      129, 161, 130, -1,
      173, 167, 124, -1,
      124, 167, 125, -1,
      167, 166, 125, -1,
      125, 166, 126, -1,
      187, 182, 128, -1,
      128, 182, 121, -1,
      182, 181, 121, -1,
      121, 181, 122, -1,
      186, 185, 116, -1,
      116, 185, 117, -1,
      185, 184, 117, -1,
      117, 184, 118, -1,
      179, 178, 112, -1,
      112, 178, 113, -1,
      178, 177, 113, -1,
      113, 177, 120, -1,
      10, 2, 8, -1,
      8, 2, 4, -1,
      8, 4, 12, -1,
      12, 4, 111, -1,
      12, 111, 14, -1,
      14, 111, 109, -1,
      14, 109, 16, -1,
      16, 109, 107, -1,
      16, 107, 18, -1,
      18, 107, 105, -1,
      96, 27, 97, -1,
      97, 27, 24, -1,
      97, 24, 103, -1,
      103, 24, 22, -1,
      103, 22, 105, -1,
      105, 22, 20, -1,
      105, 20, 18, -1,
      26, 99, 25, -1,
      25, 99, 98, -1,
      25, 98, 23, -1,
      23, 98, 102, -1,
      23, 102, 21, -1,
      21, 102, 104, -1,
      21, 104, 19, -1,
      19, 104, 106, -1,
      19, 106, 17, -1,
      17, 106, 108, -1,
      3, 11, 5, -1,
      5, 11, 9, -1,
      5, 9, 110, -1,
      110, 9, 13, -1,
      110, 13, 108, -1,
      108, 13, 15, -1,
      108, 15, 17, -1,
      96, 101, 27, -1,
      27, 101, 29, -1,
      100, 99, 28, -1,
      28, 99, 26, -1,
      0, 2, 6, -1,
      6, 2, 10, -1,
      7, 11, 1, -1,
      1, 11, 3, -1,
      188, 189, 190, -1,
      190, 189, 191, -1,
      188, 190, 192, -1,
      192, 190, 193, -1,
      192, 193, 194, -1,
      195, 196, 192, -1,
      192, 196, 197, -1,
      192, 197, 198, -1,
      199, 200, 192, -1,
      192, 200, 201, -1,
      198, 202, 192, -1,
      192, 202, 203, -1,
      192, 203, 204, -1,
      194, 205, 192, -1,
      192, 205, 206, -1,
      192, 206, 199, -1,
      201, 207, 192, -1,
      192, 207, 208, -1,
      192, 208, 195, -1,
      204, 209, 192, -1,
      192, 209, 210, -1,
      192, 210, 211, -1,
      212, 213, 214, -1,
      215, 216, 217, -1,
      218, 219, 220, -1,
      221, 222, 223, -1,
      224, 225, 226, -1,
      227, 228, 229, -1,
      230, 231, 232, -1,
      233, 234, 235, -1,
      236, 237, 238, -1,
      239, 240, 241, -1,
      241, 240, 242, -1,
      241, 242, 243, -1,
      244, 245, 246, -1,
      246, 245, 247, -1,
      246, 247, 240, -1,
      240, 247, 248, -1,
      240, 248, 242, -1,
      249, 250, 251, -1,
      251, 250, 252, -1,
      251, 252, 246, -1,
      246, 252, 253, -1,
      246, 253, 244, -1,
      249, 251, 254, -1,
      254, 251, 255, -1,
      254, 255, 256, -1,
      256, 255, 257, -1,
      256, 257, 258, -1,
      258, 257, 259, -1,
      259, 257, 190, -1,
      259, 190, 191, -1,
      189, 188, 260, -1,
      260, 188, 261, -1,
      262, 263, 264, -1,
      264, 263, 265, -1,
      264, 265, 261, -1,
      261, 265, 266, -1,
      261, 266, 260, -1,
      262, 264, 267, -1,
      267, 264, 268, -1,
      267, 268, 269, -1,
      269, 268, 270, -1,
      270, 268, 271, -1,
      270, 271, 272, -1,
      272, 271, 273, -1,
      273, 271, 274, -1,
      273, 274, 275, -1,
      274, 276, 277, -1,
      277, 278, 279, -1,
      277, 279, 274, -1,
      274, 279, 280, -1,
      274, 280, 275, -1,
      192, 211, 281, -1,
      281, 211, 282, -1,
      281, 282, 283, -1,
      283, 282, 284, -1,
      283, 284, 285, -1,
      285, 284, 286, -1,
      285, 286, 287, -1,
      287, 286, 288, -1,
      287, 288, 289, -1,
      289, 288, 238, -1,
      204, 203, 290, -1,
      290, 203, 291, -1,
      290, 291, 292, -1,
      292, 291, 293, -1,
      292, 293, 294, -1,
      294, 293, 295, -1,
      294, 295, 296, -1,
      296, 295, 297, -1,
      296, 297, 298, -1,
      298, 297, 232, -1,
      198, 197, 299, -1,
      299, 197, 300, -1,
      299, 300, 301, -1,
      301, 300, 302, -1,
      301, 302, 303, -1,
      303, 302, 304, -1,
      303, 304, 305, -1,
      305, 304, 306, -1,
      305, 306, 307, -1,
      307, 306, 229, -1,
      195, 208, 308, -1,
      308, 208, 309, -1,
      308, 309, 310, -1,
      310, 309, 311, -1,
      310, 311, 312, -1,
      312, 311, 313, -1,
      312, 313, 314, -1,
      314, 313, 315, -1,
      314, 315, 316, -1,
      316, 315, 226, -1,
      205, 194, 317, -1,
      317, 194, 318, -1,
      317, 318, 319, -1,
      319, 318, 320, -1,
      319, 320, 321, -1,
      321, 320, 322, -1,
      321, 322, 323, -1,
      323, 322, 324, -1,
      323, 324, 325, -1,
      325, 324, 214, -1,
      188, 192, 261, -1,
      261, 192, 281, -1,
      261, 281, 264, -1,
      264, 281, 283, -1,
      264, 283, 268, -1,
      268, 283, 285, -1,
      268, 285, 271, -1,
      271, 285, 287, -1,
      271, 287, 274, -1,
      274, 287, 289, -1,
      274, 289, 276, -1,
      276, 289, 326, -1,
      238, 237, 289, -1,
      289, 237, 327, -1,
      289, 327, 326, -1,
      328, 236, 329, -1,
      329, 236, 238, -1,
      329, 238, 330, -1,
      330, 238, 288, -1,
      330, 288, 331, -1,
      331, 288, 286, -1,
      331, 286, 332, -1,
      332, 286, 284, -1,
      332, 284, 333, -1,
      333, 284, 282, -1,
      333, 282, 210, -1,
      210, 282, 211, -1,
      210, 209, 333, -1,
      333, 209, 334, -1,
      333, 334, 332, -1,
      332, 334, 335, -1,
      332, 335, 331, -1,
      331, 335, 336, -1,
      331, 336, 330, -1,
      330, 336, 337, -1,
      330, 337, 329, -1,
      329, 337, 235, -1,
      329, 235, 328, -1,
      328, 235, 234, -1,
      338, 233, 298, -1,
      298, 233, 235, -1,
      298, 235, 296, -1,
      296, 235, 337, -1,
      296, 337, 294, -1,
      294, 337, 336, -1,
      294, 336, 292, -1,
      292, 336, 335, -1,
      292, 335, 290, -1,
      290, 335, 334, -1,
      290, 334, 204, -1,
      204, 334, 209, -1,
      232, 231, 298, -1,
      298, 231, 339, -1,
      298, 339, 338, -1,
      340, 230, 341, -1,
      341, 230, 232, -1,
      341, 232, 342, -1,
      342, 232, 297, -1,
      342, 297, 343, -1,
      343, 297, 295, -1,
      343, 295, 344, -1,
      344, 295, 293, -1,
      344, 293, 345, -1,
      345, 293, 291, -1,
      345, 291, 202, -1,
      202, 291, 203, -1,
      202, 198, 345, -1,
      345, 198, 299, -1,
      345, 299, 344, -1,
      344, 299, 301, -1,
      344, 301, 343, -1,
      343, 301, 303, -1,
      343, 303, 342, -1,
      342, 303, 305, -1,
      342, 305, 341, -1,
      341, 305, 307, -1,
      341, 307, 340, -1,
      340, 307, 346, -1,
      229, 228, 307, -1,
      307, 228, 347, -1,
      307, 347, 346, -1,
      348, 227, 349, -1,
      349, 227, 229, -1,
      349, 229, 350, -1,
      350, 229, 306, -1,
      350, 306, 351, -1,
      351, 306, 304, -1,
      351, 304, 352, -1,
      352, 304, 302, -1,
      352, 302, 353, -1,
      353, 302, 300, -1,
      353, 300, 196, -1,
      196, 300, 197, -1,
      196, 195, 353, -1,
      353, 195, 308, -1,
      353, 308, 352, -1,
      352, 308, 310, -1,
      352, 310, 351, -1,
      351, 310, 312, -1,
      351, 312, 350, -1,
      350, 312, 314, -1,
      350, 314, 349, -1,
      349, 314, 316, -1,
      349, 316, 348, -1,
      348, 316, 354, -1,
      226, 225, 316, -1,
      316, 225, 355, -1,
      316, 355, 354, -1,
      356, 224, 357, -1,
      357, 224, 226, -1,
      357, 226, 358, -1,
      358, 226, 315, -1,
      358, 315, 359, -1,
      359, 315, 313, -1,
      359, 313, 360, -1,
      360, 313, 311, -1,
      360, 311, 361, -1,
      361, 311, 309, -1,
      361, 309, 207, -1,
      207, 309, 208, -1,
      207, 201, 361, -1,
      361, 201, 362, -1,
      361, 362, 360, -1,
      360, 362, 363, -1,
      360, 363, 359, -1,
      359, 363, 364, -1,
      359, 364, 358, -1,
      358, 364, 365, -1,
      358, 365, 357, -1,
      357, 365, 223, -1,
      357, 223, 356, -1,
      356, 223, 222, -1,
      219, 221, 220, -1,
      220, 221, 223, -1,
      220, 223, 366, -1,
      366, 223, 365, -1,
      366, 365, 367, -1,
      367, 365, 364, -1,
      367, 364, 368, -1,
      368, 364, 363, -1,
      368, 363, 369, -1,
      369, 363, 362, -1,
      369, 362, 200, -1,
      200, 362, 201, -1,
      216, 218, 217, -1,
      217, 218, 220, -1,
      217, 220, 370, -1,
      370, 220, 366, -1,
      370, 366, 371, -1,
      371, 366, 367, -1,
      371, 367, 372, -1,
      372, 367, 368, -1,
      372, 368, 373, -1,
      373, 368, 369, -1,
      373, 369, 199, -1,
      199, 369, 200, -1,
      374, 215, 375, -1,
      375, 215, 217, -1,
      375, 217, 376, -1,
      376, 217, 370, -1,
      376, 370, 377, -1,
      377, 370, 371, -1,
      377, 371, 378, -1,
      378, 371, 372, -1,
      378, 372, 379, -1,
      379, 372, 373, -1,
      379, 373, 206, -1,
      206, 373, 199, -1,
      206, 205, 379, -1,
      379, 205, 317, -1,
      379, 317, 378, -1,
      378, 317, 319, -1,
      378, 319, 377, -1,
      377, 319, 321, -1,
      377, 321, 376, -1,
      376, 321, 323, -1,
      376, 323, 375, -1,
      375, 323, 325, -1,
      375, 325, 374, -1,
      374, 325, 380, -1,
      214, 213, 325, -1,
      325, 213, 381, -1,
      325, 381, 380, -1,
      382, 212, 383, -1,
      383, 212, 214, -1,
      383, 214, 384, -1,
      384, 214, 324, -1,
      384, 324, 385, -1,
      385, 324, 322, -1,
      385, 322, 386, -1,
      386, 322, 320, -1,
      386, 320, 387, -1,
      387, 320, 318, -1,
      387, 318, 193, -1,
      193, 318, 194, -1,
      193, 190, 387, -1,
      387, 190, 257, -1,
      387, 257, 386, -1,
      386, 257, 255, -1,
      386, 255, 385, -1,
      385, 255, 251, -1,
      385, 251, 384, -1,
      384, 251, 246, -1,
      384, 246, 383, -1,
      383, 246, 240, -1,
      383, 240, 382, -1,
      382, 240, 239, -1,
      388, 389, 390, -1,
      390, 389, 391, -1,
      392, 393, 394, -1,
      394, 393, 395, -1,
      390, 391, 396, -1,
      396, 391, 392, -1,
      396, 392, 397, -1,
      397, 392, 394, -1,
      397, 394, 398, -1,
      398, 394, 399, -1,
      398, 399, 400, -1,
      400, 399, 401, -1,
      400, 401, 402, -1,
      402, 401, 395, -1,
      402, 395, 403, -1,
      403, 395, 393, -1,
      403, 393, 388, -1,
      388, 393, 389, -1,
      404, 405, 392, -1,
      406, 407, 393, -1,
      404, 392, 408, -1,
      406, 393, 409, -1,
      405, 410, 392, -1,
      392, 410, 411, -1,
      392, 411, 393, -1,
      393, 411, 412, -1,
      393, 412, 409, -1,
      407, 413, 393, -1,
      393, 413, 414, -1,
      393, 414, 415, -1,
      416, 389, 417, -1,
      417, 389, 418, -1,
      416, 419, 389, -1,
      389, 419, 420, -1,
      389, 420, 421, -1,
      422, 423, 391, -1,
      415, 424, 393, -1,
      393, 424, 425, -1,
      393, 425, 389, -1,
      389, 425, 426, -1,
      389, 426, 418, -1,
      422, 391, 427, -1,
      423, 428, 391, -1,
      391, 428, 429, -1,
      391, 429, 430, -1,
      421, 431, 389, -1,
      389, 431, 432, -1,
      389, 432, 391, -1,
      391, 432, 433, -1,
      391, 433, 427, -1,
      434, 435, 392, -1,
      392, 435, 436, -1,
      392, 436, 408, -1,
      430, 437, 391, -1,
      391, 437, 438, -1,
      391, 438, 392, -1,
      392, 438, 439, -1,
      392, 439, 434, -1,
      401, 399, 395, -1,
      395, 399, 394, -1,
      397, 402, 396, -1,
      396, 402, 403, -1,
      403, 388, 396, -1,
      396, 388, 390, -1,
      397, 398, 402, -1,
      402, 398, 400, -1,
      436, 435, 440, -1,
      441, 442, 443, -1,
      443, 442, 420, -1,
      443, 420, 444, -1,
      444, 420, 419, -1,
      444, 419, 416, -1,
      417, 445, 416, -1,
      416, 445, 446, -1,
      416, 446, 444, -1,
      278, 277, 447, -1,
      447, 277, 404, -1,
      447, 404, 448, -1,
      440, 449, 436, -1,
      436, 449, 448, -1,
      436, 448, 408, -1,
      408, 448, 404, -1,
      450, 451, 431, -1,
      431, 451, 432, -1,
      421, 452, 431, -1,
      431, 452, 453, -1,
      431, 453, 450, -1,
      442, 454, 420, -1,
      420, 454, 455, -1,
      420, 455, 421, -1,
      421, 455, 456, -1,
      421, 456, 452, -1,
      243, 445, 241, -1,
      241, 445, 417, -1,
      241, 417, 239, -1,
      239, 417, 418, -1,
      239, 418, 382, -1,
      380, 381, 426, -1,
      426, 381, 213, -1,
      426, 213, 418, -1,
      418, 213, 212, -1,
      418, 212, 382, -1,
      424, 216, 425, -1,
      425, 216, 215, -1,
      425, 215, 426, -1,
      426, 215, 374, -1,
      426, 374, 380, -1,
      415, 219, 424, -1,
      424, 219, 218, -1,
      424, 218, 216, -1,
      224, 356, 414, -1,
      414, 356, 222, -1,
      414, 222, 415, -1,
      415, 222, 221, -1,
      415, 221, 219, -1,
      224, 414, 225, -1,
      225, 414, 413, -1,
      225, 413, 355, -1,
      355, 413, 354, -1,
      354, 413, 407, -1,
      354, 407, 348, -1,
      406, 228, 407, -1,
      407, 228, 227, -1,
      407, 227, 348, -1,
      340, 346, 406, -1,
      406, 346, 347, -1,
      406, 347, 228, -1,
      340, 406, 230, -1,
      230, 406, 409, -1,
      230, 409, 231, -1,
      231, 409, 412, -1,
      231, 412, 339, -1,
      339, 412, 338, -1,
      338, 412, 411, -1,
      338, 411, 233, -1,
      233, 411, 234, -1,
      234, 411, 410, -1,
      234, 410, 328, -1,
      405, 237, 410, -1,
      410, 237, 236, -1,
      410, 236, 328, -1,
      277, 276, 404, -1,
      404, 276, 326, -1,
      404, 326, 405, -1,
      405, 326, 327, -1,
      405, 327, 237, -1,
      457, 440, 458, -1,
      458, 440, 435, -1,
      458, 435, 459, -1,
      459, 435, 434, -1,
      459, 434, 460, -1,
      461, 462, 439, -1,
      439, 462, 463, -1,
      439, 463, 434, -1,
      434, 463, 464, -1,
      434, 464, 460, -1,
      437, 465, 438, -1,
      438, 465, 466, -1,
      438, 466, 439, -1,
      439, 466, 467, -1,
      439, 467, 461, -1,
      430, 468, 437, -1,
      437, 468, 469, -1,
      437, 469, 465, -1,
      470, 471, 429, -1,
      429, 471, 472, -1,
      429, 472, 430, -1,
      430, 472, 473, -1,
      430, 473, 468, -1,
      470, 429, 474, -1,
      474, 429, 428, -1,
      474, 428, 475, -1,
      475, 428, 476, -1,
      476, 428, 423, -1,
      476, 423, 477, -1,
      478, 479, 422, -1,
      422, 479, 480, -1,
      422, 480, 423, -1,
      423, 480, 481, -1,
      423, 481, 477, -1,
      433, 482, 427, -1,
      427, 482, 483, -1,
      427, 483, 422, -1,
      422, 483, 484, -1,
      422, 484, 478, -1,
      451, 485, 432, -1,
      432, 485, 486, -1,
      432, 486, 433, -1,
      433, 486, 487, -1,
      433, 487, 482, -1,
      488, 489, 490, -1,
      490, 489, 491, -1,
      490, 491, 492, -1,
      492, 491, 493, -1,
      494, 495, 496, -1,
      497, 498, 496, -1,
      496, 498, 499, -1,
      493, 491, 496, -1,
      496, 491, 500, -1,
      496, 500, 497, -1,
      496, 501, 502, -1,
      503, 496, 504, -1,
      504, 496, 505, -1,
      499, 506, 496, -1,
      496, 506, 507, -1,
      496, 507, 501, -1,
      502, 508, 496, -1,
      496, 508, 509, -1,
      496, 509, 494, -1,
      495, 510, 496, -1,
      496, 510, 511, -1,
      496, 511, 505, -1,
      464, 463, 512, -1,
      466, 465, 513, -1,
      469, 468, 514, -1,
      473, 472, 515, -1,
      470, 474, 516, -1,
      481, 480, 517, -1,
      483, 482, 518, -1,
      485, 451, 519, -1,
      453, 452, 520, -1,
      488, 490, 521, -1,
      521, 490, 522, -1,
      523, 524, 525, -1,
      525, 524, 526, -1,
      525, 526, 522, -1,
      522, 526, 527, -1,
      522, 527, 521, -1,
      523, 525, 528, -1,
      528, 525, 529, -1,
      528, 529, 530, -1,
      530, 529, 531, -1,
      531, 529, 532, -1,
      531, 532, 533, -1,
      533, 532, 534, -1,
      534, 532, 535, -1,
      534, 535, 536, -1,
      535, 454, 442, -1,
      442, 441, 537, -1,
      442, 537, 535, -1,
      535, 537, 538, -1,
      535, 538, 536, -1,
      459, 539, 458, -1,
      458, 539, 540, -1,
      458, 540, 457, -1,
      541, 542, 543, -1,
      543, 542, 544, -1,
      543, 544, 539, -1,
      539, 544, 545, -1,
      539, 545, 540, -1,
      546, 547, 548, -1,
      548, 547, 549, -1,
      548, 549, 543, -1,
      543, 549, 550, -1,
      543, 550, 541, -1,
      546, 548, 551, -1,
      551, 548, 552, -1,
      551, 552, 553, -1,
      553, 552, 554, -1,
      553, 554, 555, -1,
      555, 554, 556, -1,
      556, 554, 491, -1,
      556, 491, 489, -1,
      492, 493, 557, -1,
      557, 493, 558, -1,
      557, 558, 559, -1,
      559, 558, 560, -1,
      559, 560, 561, -1,
      561, 560, 562, -1,
      561, 562, 563, -1,
      563, 562, 564, -1,
      563, 564, 565, -1,
      565, 564, 520, -1,
      504, 505, 566, -1,
      566, 505, 567, -1,
      566, 567, 568, -1,
      568, 567, 569, -1,
      568, 569, 570, -1,
      570, 569, 571, -1,
      570, 571, 572, -1,
      572, 571, 573, -1,
      572, 573, 574, -1,
      574, 573, 518, -1,
      510, 495, 575, -1,
      575, 495, 576, -1,
      575, 576, 577, -1,
      577, 576, 578, -1,
      577, 578, 579, -1,
      579, 578, 580, -1,
      579, 580, 581, -1,
      581, 580, 582, -1,
      581, 582, 583, -1,
      583, 582, 517, -1,
      509, 508, 584, -1,
      584, 508, 585, -1,
      584, 585, 586, -1,
      586, 585, 587, -1,
      586, 587, 588, -1,
      588, 587, 589, -1,
      588, 589, 590, -1,
      590, 589, 591, -1,
      590, 591, 592, -1,
      592, 591, 516, -1,
      498, 497, 593, -1,
      593, 497, 594, -1,
      593, 594, 595, -1,
      595, 594, 596, -1,
      595, 596, 597, -1,
      597, 596, 598, -1,
      597, 598, 599, -1,
      599, 598, 600, -1,
      599, 600, 601, -1,
      601, 600, 512, -1,
      490, 492, 522, -1,
      522, 492, 557, -1,
      522, 557, 525, -1,
      525, 557, 559, -1,
      525, 559, 529, -1,
      529, 559, 561, -1,
      529, 561, 532, -1,
      532, 561, 563, -1,
      532, 563, 535, -1,
      535, 563, 565, -1,
      535, 565, 454, -1,
      454, 565, 455, -1,
      520, 452, 565, -1,
      565, 452, 456, -1,
      565, 456, 455, -1,
      450, 453, 602, -1,
      602, 453, 520, -1,
      602, 520, 603, -1,
      603, 520, 564, -1,
      603, 564, 604, -1,
      604, 564, 562, -1,
      604, 562, 605, -1,
      605, 562, 560, -1,
      605, 560, 606, -1,
      606, 560, 558, -1,
      606, 558, 496, -1,
      496, 558, 493, -1,
      496, 503, 606, -1,
      606, 503, 607, -1,
      606, 607, 605, -1,
      605, 607, 608, -1,
      605, 608, 604, -1,
      604, 608, 609, -1,
      604, 609, 603, -1,
      603, 609, 610, -1,
      603, 610, 602, -1,
      602, 610, 519, -1,
      602, 519, 450, -1,
      450, 519, 451, -1,
      486, 485, 574, -1,
      574, 485, 519, -1,
      574, 519, 572, -1,
      572, 519, 610, -1,
      572, 610, 570, -1,
      570, 610, 609, -1,
      570, 609, 568, -1,
      568, 609, 608, -1,
      568, 608, 566, -1,
      566, 608, 607, -1,
      566, 607, 504, -1,
      504, 607, 503, -1,
      518, 482, 574, -1,
      574, 482, 487, -1,
      574, 487, 486, -1,
      484, 483, 611, -1,
      611, 483, 518, -1,
      611, 518, 612, -1,
      612, 518, 573, -1,
      612, 573, 613, -1,
      613, 573, 571, -1,
      613, 571, 614, -1,
      614, 571, 569, -1,
      614, 569, 615, -1,
      615, 569, 567, -1,
      615, 567, 511, -1,
      511, 567, 505, -1,
      511, 510, 615, -1,
      615, 510, 575, -1,
      615, 575, 614, -1,
      614, 575, 577, -1,
      614, 577, 613, -1,
      613, 577, 579, -1,
      613, 579, 612, -1,
      612, 579, 581, -1,
      612, 581, 611, -1,
      611, 581, 583, -1,
      611, 583, 484, -1,
      484, 583, 478, -1,
      517, 480, 583, -1,
      583, 480, 479, -1,
      583, 479, 478, -1,
      477, 481, 616, -1,
      616, 481, 517, -1,
      616, 517, 617, -1,
      617, 517, 582, -1,
      617, 582, 618, -1,
      618, 582, 580, -1,
      618, 580, 619, -1,
      619, 580, 578, -1,
      619, 578, 620, -1,
      620, 578, 576, -1,
      620, 576, 494, -1,
      494, 576, 495, -1,
      494, 509, 620, -1,
      620, 509, 584, -1,
      620, 584, 619, -1,
      619, 584, 586, -1,
      619, 586, 618, -1,
      618, 586, 588, -1,
      618, 588, 617, -1,
      617, 588, 590, -1,
      617, 590, 616, -1,
      616, 590, 592, -1,
      616, 592, 477, -1,
      477, 592, 476, -1,
      516, 474, 592, -1,
      592, 474, 475, -1,
      592, 475, 476, -1,
      471, 470, 621, -1,
      621, 470, 516, -1,
      621, 516, 622, -1,
      622, 516, 591, -1,
      622, 591, 623, -1,
      623, 591, 589, -1,
      623, 589, 624, -1,
      624, 589, 587, -1,
      624, 587, 625, -1,
      625, 587, 585, -1,
      625, 585, 502, -1,
      502, 585, 508, -1,
      502, 501, 625, -1,
      625, 501, 626, -1,
      625, 626, 624, -1,
      624, 626, 627, -1,
      624, 627, 623, -1,
      623, 627, 628, -1,
      623, 628, 622, -1,
      622, 628, 629, -1,
      622, 629, 621, -1,
      621, 629, 515, -1,
      621, 515, 471, -1,
      471, 515, 472, -1,
      468, 473, 514, -1,
      514, 473, 515, -1,
      514, 515, 630, -1,
      630, 515, 629, -1,
      630, 629, 631, -1,
      631, 629, 628, -1,
      631, 628, 632, -1,
      632, 628, 627, -1,
      632, 627, 633, -1,
      633, 627, 626, -1,
      633, 626, 507, -1,
      507, 626, 501, -1,
      465, 469, 513, -1,
      513, 469, 514, -1,
      513, 514, 634, -1,
      634, 514, 630, -1,
      634, 630, 635, -1,
      635, 630, 631, -1,
      635, 631, 636, -1,
      636, 631, 632, -1,
      636, 632, 637, -1,
      637, 632, 633, -1,
      637, 633, 506, -1,
      506, 633, 507, -1,
      467, 466, 638, -1,
      638, 466, 513, -1,
      638, 513, 639, -1,
      639, 513, 634, -1,
      639, 634, 640, -1,
      640, 634, 635, -1,
      640, 635, 641, -1,
      641, 635, 636, -1,
      641, 636, 642, -1,
      642, 636, 637, -1,
      642, 637, 499, -1,
      499, 637, 506, -1,
      499, 498, 642, -1,
      642, 498, 593, -1,
      642, 593, 641, -1,
      641, 593, 595, -1,
      641, 595, 640, -1,
      640, 595, 597, -1,
      640, 597, 639, -1,
      639, 597, 599, -1,
      639, 599, 638, -1,
      638, 599, 601, -1,
      638, 601, 467, -1,
      467, 601, 461, -1,
      512, 463, 601, -1,
      601, 463, 462, -1,
      601, 462, 461, -1,
      460, 464, 643, -1,
      643, 464, 512, -1,
      643, 512, 644, -1,
      644, 512, 600, -1,
      644, 600, 645, -1,
      645, 600, 598, -1,
      645, 598, 646, -1,
      646, 598, 596, -1,
      646, 596, 647, -1,
      647, 596, 594, -1,
      647, 594, 500, -1,
      500, 594, 497, -1,
      500, 491, 647, -1,
      647, 491, 554, -1,
      647, 554, 646, -1,
      646, 554, 552, -1,
      646, 552, 645, -1,
      645, 552, 548, -1,
      645, 548, 644, -1,
      644, 548, 543, -1,
      644, 543, 643, -1,
      643, 543, 539, -1,
      643, 539, 460, -1,
      460, 539, 459, -1,
      440, 443, 449, -1,
      449, 443, 444, -1,
      449, 444, 448, -1,
      448, 444, 446, -1,
      448, 446, 447, -1,
      447, 446, 445, -1,
      278, 447, 445, -1,
      273, 275, 445, -1,
      273, 445, 272, -1,
      272, 445, 243, -1,
      272, 243, 242, -1,
      242, 248, 272, -1,
      272, 248, 247, -1,
      272, 247, 245, -1,
      275, 280, 445, -1,
      445, 280, 279, -1,
      445, 279, 278, -1,
      260, 266, 272, -1,
      272, 266, 265, -1,
      272, 265, 263, -1,
      263, 262, 272, -1,
      272, 262, 267, -1,
      272, 267, 270, -1,
      270, 267, 269, -1,
      258, 245, 244, -1,
      254, 252, 249, -1,
      249, 252, 250, -1,
      244, 253, 258, -1,
      258, 253, 252, -1,
      258, 252, 256, -1,
      256, 252, 254, -1,
      258, 259, 245, -1,
      245, 259, 191, -1,
      245, 191, 272, -1,
      272, 191, 189, -1,
      272, 189, 260, -1,
      441, 443, 440, -1,
      534, 536, 440, -1,
      534, 440, 533, -1,
      533, 440, 457, -1,
      533, 457, 540, -1,
      540, 545, 533, -1,
      533, 545, 544, -1,
      533, 544, 542, -1,
      536, 538, 440, -1,
      440, 538, 537, -1,
      440, 537, 441, -1,
      521, 527, 533, -1,
      533, 527, 526, -1,
      533, 526, 524, -1,
      524, 523, 533, -1,
      533, 523, 528, -1,
      533, 528, 531, -1,
      531, 528, 530, -1,
      555, 542, 541, -1,
      551, 549, 546, -1,
      546, 549, 547, -1,
      541, 550, 555, -1,
      555, 550, 549, -1,
      555, 549, 553, -1,
      553, 549, 551, -1,
      555, 556, 542, -1,
      542, 556, 489, -1,
      542, 489, 533, -1,
      533, 489, 488, -1,
      533, 488, 521, -1,
    ]
  }
}

Shape {
  appearance Appearance {
    material Material {
      diffuseColor 0.0588 0.4353 1.0000
      specularColor 0.0314 0.2157 0.5020
      ambientIntensity 0.2
      transparency 0.0000
      shininess 0.5
    }
  }
  geometry IndexedFaceSet {
    ccw TRUE
    solid FALSE
    coord DEF co Coordinate {
      point [
        -1.968504 -1.326103 2.165354,
        -1.968504 -1.326103 0.000000,
        -1.968504 -1.614173 0.000000,
        -1.968504 1.279528 0.000000,
        -1.968504 1.279528 2.165354,
        -1.968504 1.574803 0.000000,
        -1.968504 1.574803 2.283465,
        -1.968504 -0.949598 3.937008,
        -1.968504 0.987111 3.937008,
        -1.968504 1.338583 2.283465,
        -1.968504 1.082677 2.165354,
        -1.968504 1.082677 0.000000,
        -1.968504 -1.129252 0.000000,
        -1.968504 -1.129252 2.165354,
        -1.968504 -1.614173 1.763280,
        -2.204724 -1.424528 0.000000,
        -2.204724 -1.030827 0.000000,
        -1.417323 1.181102 0.000000,
        -1.417323 0.866142 0.000000,
        -1.787402 0.866142 0.000000,
        -2.204724 0.984252 0.000000,
        -2.204724 1.377953 0.000000,
        -1.574803 -1.220472 0.000000,
        -1.574803 -0.984252 0.000000,
        -1.417323 -1.220472 0.000000,
        -1.417323 -1.377953 0.000000,
        0.000000 -1.614173 0.000000,
        -0.551181 -0.984252 0.000000,
        -0.551181 -0.826772 0.000000,
        -0.393701 -0.984252 0.000000,
        -0.181102 -0.826772 0.000000,
        -0.551181 -1.377953 0.000000,
        -0.551181 -1.220472 0.000000,
        -0.393701 -1.220472 0.000000,
        -0.551181 0.866142 0.000000,
        -0.551181 1.181102 0.000000,
        0.000000 1.574803 0.000000,
        -1.417323 -0.984252 0.000000,
        -1.417323 -0.826772 0.000000,
        -1.787402 -0.826772 0.000000,
        -0.181102 0.866142 0.000000,
        -1.574803 1.377953 0.393701,
        -1.574803 1.377953 1.574803,
        -1.574803 0.866142 0.393701,
        -1.574803 0.866142 1.574803,
        -0.551181 0.866142 0.393701,
        -0.393701 0.866142 0.393701,
        -0.551181 1.181102 0.393701,
        -0.393701 1.377953 0.393701,
        -1.417323 1.181102 0.393701,
        -1.417323 0.866142 0.393701,
        -1.574803 -0.826772 0.393701,
        -1.574803 -0.984252 0.393701,
        -1.417323 -0.826772 0.393701,
        -1.417323 -0.984252 0.393701,
        -0.393701 1.377953 1.574803,
        -0.393701 0.866142 1.574803,
        0.000000 0.987111 3.937008,
        0.000000 1.338583 2.283465,
        -1.247912 -0.617774 3.937008,
        -1.367027 -0.554106 3.937008,
        -1.367027 0.591620 3.937008,
        -1.247912 0.655288 3.937008,
        0.000000 -0.949598 3.937008,
        -0.347721 -0.244903 3.937008,
        -0.411389 -0.364018 3.937008,
        -0.497072 -0.468423 3.937008,
        -0.601477 -0.554106 3.937008,
        -0.720592 -0.617774 3.937008,
        -1.471432 -0.468423 3.937008,
        -1.557115 -0.364018 3.937008,
        -1.620783 -0.244903 3.937008,
        -1.659990 -0.115656 3.937008,
        -1.673228 0.018757 3.937008,
        -1.659990 0.153169 3.937008,
        -1.620783 0.282417 3.937008,
        -1.557115 0.401531 3.937008,
        -1.471432 0.505937 3.937008,
        -0.849839 -0.656981 3.937008,
        -0.984252 -0.670220 3.937008,
        -1.118665 -0.656981 3.937008,
        -1.118665 0.694494 3.937008,
        -0.984252 0.707733 3.937008,
        -0.849839 0.694494 3.937008,
        -0.720592 0.655288 3.937008,
        -0.601477 0.591620 3.937008,
        -0.497072 0.505937 3.937008,
        -0.411389 0.401531 3.937008,
        -0.347721 0.282417 3.937008,
        -0.308514 0.153169 3.937008,
        -0.295276 0.018757 3.937008,
        -0.308514 -0.115656 3.937008,
        -0.590551 -1.614173 1.763280,
        0.000000 -1.614173 1.763280,
        -0.590551 -1.318898 2.729083,
        -1.377953 -1.318898 2.729083,
        -1.377953 -1.614173 1.763280,
        -1.377953 -1.614173 0.787402,
        -0.590551 -1.614173 0.787402,
        -0.196850 1.574803 0.196850,
        -1.771654 1.574803 0.196850,
        -1.771654 1.574803 2.086614,
        -0.196850 1.574803 2.086614,
        0.000000 1.574803 2.283465,
        -0.295276 0.018757 1.968504,
        -0.308514 0.153169 1.968504,
        -0.347721 0.282417 1.968504,
        -0.411389 0.401531 1.968504,
        -0.497072 0.505937 1.968504,
        -0.601477 0.591620 1.968504,
        -0.720592 0.655288 1.968504,
        -0.849839 0.694494 1.968504,
        -0.984252 0.707733 1.968504,
        -1.118665 0.694494 1.968504,
        -1.247912 0.655288 1.968504,
        -1.367027 0.591620 1.968504,
        -1.471432 0.505937 1.968504,
        -1.557115 0.401531 1.968504,
        -1.620783 0.282417 1.968504,
        -1.659990 0.153169 1.968504,
        -1.673228 0.018757 1.968504,
        -1.659990 -0.115656 1.968504,
        -1.620783 -0.244903 1.968504,
        -1.557115 -0.364018 1.968504,
        -1.471432 -0.468423 1.968504,
        -1.367027 -0.554106 1.968504,
        -1.247912 -0.617774 1.968504,
        -1.118665 -0.656981 1.968504,
        -0.984252 -0.670220 1.968504,
        -0.849839 -0.656981 1.968504,
        -0.720592 -0.617774 1.968504,
        -0.601477 -0.554106 1.968504,
        -0.497072 -0.468423 1.968504,
        -0.411389 -0.364018 1.968504,
        -0.347721 -0.244903 1.968504,
        -0.308514 -0.115656 1.968504,
        -0.984252 0.018757 1.968504,
        -1.574803 -0.826772 1.574803,
        -1.574803 -1.220472 1.574803,
        -0.551181 -0.826772 0.393701,
        -0.551181 -0.984252 0.393701,
        -0.393701 -0.826772 0.393701,
        -0.393701 -0.984252 0.393701,
        -0.393701 -1.220472 1.574803,
        -0.393701 -0.826772 1.574803,
        -1.787402 0.866142 1.574803,
        -0.181102 -0.826772 1.574803,
        -1.787402 -0.826772 1.574803,
        -0.551181 -1.377953 1.574803,
        -0.590551 -1.377953 1.574803,
        -0.551181 -1.220472 1.574803,
        -0.590551 -0.984252 1.574803,
        -0.181102 0.866142 1.574803,
        -1.377953 -0.984252 1.574803,
        -1.377953 -1.377953 1.574803,
        -1.417323 -1.220472 1.574803,
        -1.417323 -1.377953 1.574803,
        -1.377953 -1.377953 0.787402,
        -0.590551 -1.377953 0.787402,
        -0.590551 -1.318898 1.763280,
        -1.377953 -1.318898 1.763280,
        -0.590551 -0.984252 1.763280,
        -1.377953 -0.984252 1.763280,
        -2.204724 1.377953 2.165354,
        -2.204724 0.984252 2.165354,
        -2.204724 -1.424528 2.165354,
        -2.204724 -1.030827 2.165354,
      ]
    }
    coordIndex [
      0, 1, 2, -1,
      3, 4, 5, -1,
      5, 4, 6, -1,
      7, 8, 9, -1,
      6, 4, 9, -1,
      9, 4, 10, -1,
      9, 10, 7, -1,
      11, 12, 13, -1,
      2, 14, 0, -1,
      0, 14, 7, -1,
      0, 7, 13, -1,
      13, 7, 10, -1,
      13, 10, 11, -1,
      15, 16, 1, -1,
      1, 16, 12, -1,
      17, 18, 19, -1,
      20, 21, 11, -1,
      11, 21, 3, -1,
      22, 2, 23, -1,
      23, 2, 1, -1,
      22, 24, 2, -1,
      2, 24, 25, -1,
      2, 25, 26, -1,
      27, 28, 29, -1,
      29, 28, 30, -1,
      25, 31, 26, -1,
      26, 31, 32, -1,
      26, 32, 33, -1,
      34, 35, 36, -1,
      37, 23, 38, -1,
      38, 23, 1, -1,
      38, 1, 39, -1,
      39, 1, 12, -1,
      39, 12, 19, -1,
      19, 12, 11, -1,
      19, 11, 17, -1,
      17, 11, 3, -1,
      17, 3, 35, -1,
      35, 3, 5, -1,
      35, 5, 36, -1,
      33, 29, 26, -1,
      26, 29, 30, -1,
      26, 30, 36, -1,
      36, 30, 40, -1,
      36, 40, 34, -1,
      41, 42, 43, -1,
      43, 42, 44, -1,
      45, 46, 47, -1,
      47, 46, 48, -1,
      47, 48, 49, -1,
      49, 48, 41, -1,
      49, 41, 50, -1,
      50, 41, 43, -1,
      51, 52, 53, -1,
      53, 52, 54, -1,
      55, 48, 56, -1,
      56, 48, 46, -1,
      57, 58, 8, -1,
      8, 58, 9, -1,
      59, 60, 7, -1,
      61, 62, 8, -1,
      63, 64, 65, -1,
      65, 66, 63, -1,
      63, 66, 67, -1,
      63, 67, 68, -1,
      60, 69, 7, -1,
      7, 69, 70, -1,
      7, 70, 71, -1,
      71, 72, 7, -1,
      7, 72, 73, -1,
      7, 73, 8, -1,
      8, 73, 74, -1,
      8, 74, 75, -1,
      75, 76, 8, -1,
      8, 76, 77, -1,
      8, 77, 61, -1,
      68, 78, 63, -1,
      63, 78, 79, -1,
      63, 79, 7, -1,
      7, 79, 80, -1,
      7, 80, 59, -1,
      62, 81, 8, -1,
      8, 81, 82, -1,
      8, 82, 57, -1,
      82, 83, 57, -1,
      57, 83, 84, -1,
      57, 84, 85, -1,
      85, 86, 57, -1,
      57, 86, 87, -1,
      57, 87, 88, -1,
      88, 89, 57, -1,
      57, 89, 90, -1,
      57, 90, 63, -1,
      63, 90, 91, -1,
      63, 91, 64, -1,
      92, 93, 94, -1,
      94, 93, 63, -1,
      94, 63, 95, -1,
      95, 63, 7, -1,
      95, 7, 96, -1,
      96, 7, 14, -1,
      96, 14, 97, -1,
      97, 14, 2, -1,
      97, 2, 98, -1,
      98, 2, 26, -1,
      98, 26, 92, -1,
      92, 26, 93, -1,
      99, 36, 100, -1,
      100, 36, 5, -1,
      100, 5, 101, -1,
      101, 5, 6, -1,
      101, 6, 102, -1,
      102, 6, 103, -1,
      102, 103, 99, -1,
      99, 103, 36, -1,
      58, 103, 9, -1,
      9, 103, 6, -1,
      36, 103, 26, -1,
      26, 103, 58, -1,
      26, 58, 93, -1,
      93, 58, 57, -1,
      93, 57, 63, -1,
      104, 90, 105, -1,
      105, 90, 89, -1,
      105, 89, 106, -1,
      106, 89, 88, -1,
      106, 88, 107, -1,
      107, 88, 87, -1,
      107, 87, 108, -1,
      108, 87, 86, -1,
      108, 86, 109, -1,
      109, 86, 85, -1,
      109, 85, 110, -1,
      110, 85, 84, -1,
      110, 84, 111, -1,
      111, 84, 83, -1,
      111, 83, 112, -1,
      112, 83, 82, -1,
      112, 82, 113, -1,
      113, 82, 81, -1,
      113, 81, 114, -1,
      114, 81, 62, -1,
      114, 62, 115, -1,
      115, 62, 61, -1,
      115, 61, 116, -1,
      116, 61, 77, -1,
      116, 77, 117, -1,
      117, 77, 76, -1,
      117, 76, 118, -1,
      118, 76, 75, -1,
      118, 75, 119, -1,
      119, 75, 74, -1,
      119, 74, 120, -1,
      120, 74, 73, -1,
      120, 73, 121, -1,
      121, 73, 72, -1,
      121, 72, 122, -1,
      122, 72, 71, -1,
      122, 71, 123, -1,
      123, 71, 70, -1,
      123, 70, 124, -1,
      124, 70, 69, -1,
      124, 69, 125, -1,
      125, 69, 60, -1,
      125, 60, 126, -1,
      126, 60, 59, -1,
      126, 59, 127, -1,
      127, 59, 80, -1,
      127, 80, 128, -1,
      128, 80, 79, -1,
      128, 79, 129, -1,
      129, 79, 78, -1,
      129, 78, 130, -1,
      130, 78, 68, -1,
      130, 68, 131, -1,
      131, 68, 67, -1,
      131, 67, 132, -1,
      132, 67, 66, -1,
      132, 66, 133, -1,
      133, 66, 65, -1,
      133, 65, 134, -1,
      134, 65, 64, -1,
      134, 64, 135, -1,
      135, 64, 91, -1,
      135, 91, 104, -1,
      104, 91, 90, -1,
      104, 105, 136, -1,
      104, 136, 135, -1,
      132, 133, 136, -1,
      136, 133, 134, -1,
      136, 134, 135, -1,
      129, 130, 136, -1,
      136, 130, 131, -1,
      136, 131, 132, -1,
      126, 127, 136, -1,
      136, 127, 128, -1,
      136, 128, 129, -1,
      123, 124, 136, -1,
      136, 124, 125, -1,
      136, 125, 126, -1,
      120, 121, 136, -1,
      136, 121, 122, -1,
      136, 122, 123, -1,
      117, 118, 136, -1,
      136, 118, 119, -1,
      136, 119, 120, -1,
      114, 115, 136, -1,
      136, 115, 116, -1,
      136, 116, 117, -1,
      111, 112, 136, -1,
      136, 112, 113, -1,
      136, 113, 114, -1,
      108, 109, 136, -1,
      136, 109, 110, -1,
      136, 110, 111, -1,
      105, 106, 136, -1,
      136, 106, 107, -1,
      136, 107, 108, -1,
      22, 23, 52, -1,
      51, 137, 52, -1,
      52, 137, 138, -1,
      52, 138, 22, -1,
      139, 140, 141, -1,
      141, 140, 142, -1,
      29, 33, 142, -1,
      142, 33, 143, -1,
      142, 143, 141, -1,
      141, 143, 144, -1,
      144, 145, 146, -1,
      146, 145, 44, -1,
      137, 147, 145, -1,
      148, 149, 150, -1,
      150, 149, 151, -1,
      152, 146, 56, -1,
      56, 146, 44, -1,
      56, 44, 55, -1,
      55, 44, 42, -1,
      153, 154, 155, -1,
      155, 154, 156, -1,
      143, 150, 144, -1,
      144, 150, 151, -1,
      144, 151, 145, -1,
      145, 151, 153, -1,
      145, 153, 137, -1,
      137, 153, 155, -1,
      137, 155, 138, -1,
      101, 102, 42, -1,
      42, 102, 55, -1,
      41, 100, 42, -1,
      42, 100, 101, -1,
      48, 99, 41, -1,
      41, 99, 100, -1,
      99, 48, 102, -1,
      102, 48, 55, -1,
      27, 140, 28, -1,
      28, 140, 139, -1,
      37, 38, 54, -1,
      54, 38, 53, -1,
      45, 34, 46, -1,
      46, 34, 40, -1,
      46, 40, 56, -1,
      56, 40, 152, -1,
      34, 45, 35, -1,
      35, 45, 47, -1,
      17, 35, 49, -1,
      49, 35, 47, -1,
      18, 17, 50, -1,
      50, 17, 49, -1,
      44, 145, 43, -1,
      43, 145, 19, -1,
      43, 19, 50, -1,
      50, 19, 18, -1,
      144, 146, 141, -1,
      141, 146, 30, -1,
      141, 30, 139, -1,
      139, 30, 28, -1,
      53, 38, 51, -1,
      51, 38, 39, -1,
      51, 39, 137, -1,
      137, 39, 147, -1,
      37, 54, 23, -1,
      23, 54, 52, -1,
      29, 142, 27, -1,
      27, 142, 140, -1,
      25, 24, 156, -1,
      156, 24, 155, -1,
      156, 154, 157, -1,
      149, 148, 158, -1,
      158, 148, 31, -1,
      158, 31, 157, -1,
      157, 31, 25, -1,
      157, 25, 156, -1,
      31, 148, 32, -1,
      32, 148, 150, -1,
      19, 145, 39, -1,
      39, 145, 147, -1,
      40, 30, 152, -1,
      152, 30, 146, -1,
      24, 22, 155, -1,
      155, 22, 138, -1,
      33, 32, 143, -1,
      143, 32, 150, -1,
      159, 94, 160, -1,
      160, 94, 95, -1,
      161, 151, 159, -1,
      159, 151, 149, -1,
      158, 98, 149, -1,
      149, 98, 92, -1,
      149, 92, 159, -1,
      159, 92, 94, -1,
      97, 157, 96, -1,
      96, 157, 154, -1,
      95, 96, 160, -1,
      160, 96, 154, -1,
      160, 154, 162, -1,
      162, 154, 153, -1,
      157, 97, 158, -1,
      158, 97, 98, -1,
      162, 153, 161, -1,
      161, 153, 151, -1,
      160, 162, 159, -1,
      159, 162, 161, -1,
      163, 4, 21, -1,
      21, 4, 3, -1,
      164, 163, 20, -1,
      20, 163, 21, -1,
      10, 164, 11, -1,
      11, 164, 20, -1,
      164, 10, 163, -1,
      163, 10, 4, -1,
      165, 166, 15, -1,
      15, 166, 16, -1,
      0, 165, 1, -1,
      1, 165, 15, -1,
      166, 13, 16, -1,
      16, 13, 12, -1,
      0, 13, 165, -1,
      165, 13, 166, -1,
    ]
  }
}

Shape {
  appearance Appearance {
    material Material {
      diffuseColor 0.8510 0.8510 0.8510
      specularColor 0.4235 0.4235 0.4235
      ambientIntensity 0.2
      transparency 0.0000
      shininess 0.5
    }
  }
  geometry IndexedFaceSet {
    ccw TRUE
    solid FALSE
    coord DEF co Coordinate {
      point [
        -1.102362 -0.118110 -1.377953,
        -0.866142 -0.118110 -1.377953,
        -1.181102 -0.118110 -0.931395,
        -0.787402 -0.118110 -0.931395,
        -1.181102 -0.118110 0.000000,
        -0.787402 -0.118110 0.000000,
        -1.102362 0.118110 -1.377953,
        -0.866142 0.118110 -1.377953,
        -1.181102 0.118110 0.000000,
        -0.787402 0.118110 0.000000,
        -1.181102 0.118110 -0.931395,
        -0.787402 0.118110 -0.931395,
        -1.181102 0.110213 0.070085,
        -0.787402 0.110213 0.070085,
        -1.181102 0.086919 0.136656,
        -0.787402 0.086919 0.136656,
        -1.181102 0.049396 0.196375,
        -0.787402 0.049396 0.196375,
        -1.181102 -0.000476 0.246246,
        -0.787402 -0.000476 0.246246,
        -1.181102 -0.060194 0.283770,
        -0.787402 -0.060194 0.283770,
        -1.181102 -0.126765 0.307064,
        -0.787402 -0.126765 0.307064,
        -1.181102 -0.196850 0.314961,
        -0.787402 -0.196850 0.314961,
        -0.787402 -0.472441 0.314961,
        -1.181102 -0.472441 0.314961,
        -0.570866 -0.688976 0.314961,
        -1.397638 -0.688976 0.314961,
        -0.570866 -0.992904 0.314961,
        -1.397638 -0.992904 0.314961,
        -0.570866 -1.013283 0.317644,
        -1.397638 -1.013283 0.317644,
        -0.570866 -1.032273 0.325510,
        -1.397638 -1.032273 0.325510,
        -0.570866 -1.048581 0.338023,
        -1.397638 -1.048581 0.338023,
        -0.570866 -1.061094 0.354331,
        -1.397638 -1.061094 0.354331,
        -0.570866 -1.068961 0.373321,
        -1.397638 -1.068961 0.373321,
        -0.570866 -1.071644 0.393701,
        -1.397638 -1.071644 0.393701,
        -0.570866 -1.071644 1.377953,
        -1.397638 -1.071644 1.377953,
        -0.570866 -1.068961 1.398332,
        -1.397638 -1.068961 1.398332,
        -0.570866 -1.061094 1.417323,
        -1.397638 -1.061094 1.417323,
        -0.570866 -1.048581 1.433631,
        -1.397638 -1.048581 1.433631,
        -0.570866 -1.032273 1.446144,
        -1.397638 -1.032273 1.446144,
        -0.570866 -1.013283 1.454010,
        -1.397638 -1.013283 1.454010,
        -0.570866 -0.992904 1.456693,
        -1.397638 -0.992904 1.456693,
        -0.570866 -0.520759 1.456693,
        -1.397638 -0.520759 1.456693,
        -1.397638 1.014674 1.692913,
        -0.570866 1.014674 1.692913,
        -1.397638 1.014674 1.496063,
        -0.570866 1.014674 1.496063,
        -0.570866 -0.992904 1.692913,
        -1.397638 -0.992904 1.692913,
        -1.397638 -1.062989 1.685017,
        -0.570866 -1.062989 1.685017,
        -1.397638 -1.129560 1.661722,
        -0.570866 -1.129560 1.661722,
        -1.397638 -1.189278 1.624199,
        -0.570866 -1.189278 1.624199,
        -1.397638 -1.239150 1.574328,
        -0.570866 -1.239150 1.574328,
        -1.397638 -1.276673 1.514609,
        -0.570866 -1.276673 1.514609,
        -1.397638 -1.299967 1.448038,
        -0.570866 -1.299967 1.448038,
        -1.397638 -1.307864 1.377953,
        -0.570866 -1.307864 1.377953,
        -0.570866 -1.307864 0.393701,
        -1.397638 -1.307864 0.393701,
        -1.397638 -1.299967 0.323615,
        -0.570866 -1.299967 0.323615,
        -1.397638 -1.276673 0.257044,
        -0.570866 -1.276673 0.257044,
        -1.397638 -1.239150 0.197326,
        -0.570866 -1.239150 0.197326,
        -1.397638 -1.189278 0.147455,
        -0.570866 -1.189278 0.147455,
        -1.397638 -1.129560 0.109931,
        -0.570866 -1.129560 0.109931,
        -1.397638 -1.062989 0.086637,
        -0.570866 -1.062989 0.086637,
        -1.397638 -0.992904 0.078740,
        -0.570866 -0.992904 0.078740,
        -1.181102 -0.472441 0.078740,
        -1.181102 -0.196850 0.078740,
        -0.787402 -0.196850 0.078740,
        -0.787402 -0.472441 0.078740,
        -0.570866 -0.688976 0.078740,
        -1.397638 -0.688976 0.078740,
        -0.787402 -0.176471 0.076057,
        -1.181102 -0.176471 0.076057,
        -0.787402 -0.157480 0.068191,
        -1.181102 -0.157480 0.068191,
        -0.787402 -0.141173 0.055678,
        -1.181102 -0.141173 0.055678,
        -0.787402 -0.128659 0.039370,
        -1.181102 -0.128659 0.039370,
        -0.787402 -0.120793 0.020380,
        -1.181102 -0.120793 0.020380,
        -0.570866 -0.442019 1.456693,
        -0.570866 -0.402648 1.496063,
        -0.570866 -0.481389 1.496063,
        -0.570866 -0.323908 1.496063,
        -0.570866 -0.284538 1.456693,
        -0.570866 -0.245168 1.496063,
        -0.570866 -0.205798 1.456693,
        -0.570866 -0.166428 1.496063,
        -0.570866 -0.363278 1.456693,
        -0.570866 -0.087688 1.496063,
        -0.570866 -0.048318 1.456693,
        -0.570866 -0.008948 1.496063,
        -0.570866 0.030422 1.456693,
        -0.570866 0.069793 1.496063,
        -0.570866 0.109163 1.456693,
        -0.570866 0.148533 1.496063,
        -0.570866 -0.127058 1.456693,
        -0.570866 0.227273 1.496063,
        -0.570866 0.266643 1.456693,
        -0.570866 0.306013 1.496063,
        -0.570866 0.345383 1.456693,
        -0.570866 0.384753 1.496063,
        -0.570866 0.187903 1.456693,
        -0.570866 0.463493 1.496063,
        -0.570866 0.502863 1.456693,
        -0.570866 0.542233 1.496063,
        -0.570866 0.581604 1.456693,
        -0.570866 0.620974 1.496063,
        -0.570866 0.424123 1.456693,
        -0.570866 0.699714 1.496063,
        -0.570866 0.739084 1.456693,
        -0.570866 0.778454 1.496063,
        -0.570866 0.817824 1.456693,
        -0.570866 0.857194 1.496063,
        -0.570866 0.660344 1.456693,
        -0.570866 0.975304 1.456693,
        -0.570866 0.935934 1.496063,
        -0.570866 0.896564 1.456693,
        -1.397638 0.384753 1.496063,
        -1.397638 0.345383 1.456693,
        -1.397638 0.306013 1.496063,
        -1.397638 0.857194 1.496063,
        -1.397638 0.817824 1.456693,
        -1.397638 0.778454 1.496063,
        -1.397638 0.975304 1.456693,
        -1.397638 0.935934 1.496063,
        -1.397638 0.620974 1.496063,
        -1.397638 0.581604 1.456693,
        -1.397638 0.542233 1.496063,
        -1.397638 0.266643 1.456693,
        -1.397638 0.227273 1.496063,
        -1.397638 0.463493 1.496063,
        -1.397638 0.424123 1.456693,
        -1.397638 0.148533 1.496063,
        -1.397638 0.109163 1.456693,
        -1.397638 0.069793 1.496063,
        -1.397638 0.739084 1.456693,
        -1.397638 0.699714 1.496063,
        -1.397638 0.896564 1.456693,
        -1.397638 0.502863 1.456693,
        -1.397638 0.660344 1.456693,
        -1.397638 0.030422 1.456693,
        -1.397638 -0.008948 1.496063,
        -1.397638 0.187903 1.456693,
        -1.397638 -0.323908 1.496063,
        -1.397638 -0.363278 1.456693,
        -1.397638 -0.402648 1.496063,
        -1.397638 -0.442019 1.456693,
        -1.397638 -0.481389 1.496063,
        -1.397638 -0.048318 1.456693,
        -1.397638 -0.087688 1.496063,
        -1.397638 -0.166428 1.496063,
        -1.397638 -0.205798 1.456693,
        -1.397638 -0.245168 1.496063,
        -1.397638 -0.284538 1.456693,
        -1.397638 -0.127058 1.456693,
        -0.498378 0.279001 3.740157,
        -0.520045 0.315931 3.740157,
        -1.244496 -0.467117 3.740157,
        -1.281426 -0.445450 3.740157,
        -0.448615 -0.111219 3.740157,
        -0.436802 -0.045269 3.740157,
        -1.119800 -0.515497 3.740157,
        -1.053977 -0.527996 3.740157,
        -0.987123 -0.532417 3.740157,
        -0.495693 -0.236412 3.740157,
        -0.920227 -0.528693 3.740157,
        -0.854276 -0.516880 3.740157,
        -0.468343 -0.175249 3.740157,
        -0.433078 0.021628 3.740157,
        -0.437499 0.088481 3.740157,
        -0.449998 0.154305 3.740157,
        -0.618917 -0.393955 3.740157,
        -0.571541 -0.346579 3.740157,
        -0.671691 -0.435233 3.740157,
        -0.530263 -0.293804 3.740157,
        -1.183621 -0.495104 3.740157,
        -0.470392 0.218126 3.740157,
        -0.790246 -0.497153 3.740157,
        -0.729083 -0.469802 3.740157,
        -1.199495 -0.572541 3.661417,
        -1.139165 -0.591819 3.661417,
        -1.138505 -0.589219 3.681797,
        -0.984263 -0.610974 3.661417,
        -0.911080 -0.606900 3.661417,
        -0.911392 -0.604235 3.681797,
        -0.875072 -0.600451 3.661417,
        -0.835708 -0.593400 3.661417,
        -0.836341 -0.590793 3.681797,
        -0.768915 -0.572821 3.661417,
        -0.762531 -0.570854 3.661417,
        -0.763476 -0.568343 3.681797,
        -0.669836 -0.525866 3.661417,
        -0.627039 -0.500088 3.661417,
        -0.628561 -0.497878 3.681797,
        -0.502329 -0.385661 3.661417,
        -0.465407 -0.338456 3.661417,
        -0.467617 -0.336935 3.681797,
        -0.392674 -0.196580 3.661417,
        -0.372095 -0.129787 3.661417,
        -0.374703 -0.129154 3.681797,
        -0.354521 0.018767 3.661417,
        -0.354339 0.022038 3.661417,
        -0.357022 0.022024 3.681797,
        -0.364991 0.127934 3.661417,
        -0.373676 0.173669 3.661417,
        -0.376277 0.173009 3.681797,
        -1.281674 -0.536528 3.661417,
        -1.280407 -0.534163 3.681797,
        -1.298832 -0.526143 3.661417,
        -1.336854 -0.500878 3.678832,
        -1.338257 -0.502282 3.661417,
        -1.329753 -0.493777 3.702894,
        -1.330507 -0.494532 3.700687,
        -1.276693 -0.527229 3.700787,
        -1.335170 -0.499194 3.687048,
        -1.336252 -0.500276 3.681767,
        -1.312447 -0.476472 3.727428,
        -1.317390 -0.481415 3.722426,
        -1.270785 -0.516198 3.717095,
        -1.321391 -0.485416 3.716755,
        -1.326252 -0.490276 3.709865,
        -1.309764 -0.473788 3.729290,
        -1.263085 -0.501823 3.729609,
        -1.301073 -0.465098 3.735321,
        -1.254118 -0.485082 3.737474,
        -1.296151 -0.460175 3.737406,
        -1.295064 -0.459088 3.737867,
        -0.514665 0.321311 3.739806,
        -0.480413 0.288623 3.737474,
        -0.491765 0.344211 3.729220,
        -0.495726 0.340250 3.732610,
        -0.463672 0.297589 3.729609,
        -0.502202 0.333773 3.736192,
        -0.505363 0.330613 3.737109,
        -0.484948 0.351028 3.723388,
        -0.449297 0.305289 3.717095,
        -0.479756 0.356219 3.716997,
        -0.471895 0.364080 3.703289,
        -0.438267 0.311198 3.700787,
        -0.470885 0.365090 3.700730,
        -0.468661 0.367314 3.695096,
        -0.431332 0.314911 3.681797,
        -0.465351 0.370624 3.681698,
        -0.428967 0.316178 3.661417,
        -0.439352 0.333337 3.661417,
        -0.463213 0.372762 3.661417,
        -0.463527 0.372448 3.669688,
        -0.464569 0.371407 3.678533,
        -0.451392 0.225497 3.737474,
        -0.430244 0.159317 3.737474,
        -0.433687 0.232367 3.729609,
        -0.411837 0.163987 3.729609,
        -0.418484 0.238265 3.717095,
        -0.396030 0.167998 3.717095,
        -0.406818 0.242791 3.700787,
        -0.383901 0.171075 3.700787,
        -0.399484 0.245637 3.681797,
        -0.416561 -0.047636 3.737474,
        -0.428810 -0.116025 3.737474,
        -0.397698 -0.049842 3.729609,
        -0.410355 -0.120503 3.729609,
        -0.381501 -0.051736 3.717095,
        -0.394507 -0.124348 3.717095,
        -0.369073 -0.053190 3.700787,
        -0.382347 -0.127299 3.700787,
        -0.361260 -0.054104 3.681797,
        -0.477629 -0.245846 3.737474,
        -0.513477 -0.305361 3.737474,
        -0.460796 -0.254638 3.729609,
        -0.497835 -0.316130 3.729609,
        -0.446341 -0.262187 3.717095,
        -0.484403 -0.325378 3.717095,
        -0.435250 -0.267981 3.700787,
        -0.474096 -0.332474 3.700787,
        -0.428277 -0.271622 3.681797,
        -0.605409 -0.409215 3.737474,
        -0.660134 -0.452019 3.737474,
        -0.592821 -0.423434 3.729609,
        -0.649365 -0.467660 3.729609,
        -0.582012 -0.435645 3.717095,
        -0.640117 -0.481093 3.717095,
        -0.573718 -0.445015 3.700787,
        -0.633022 -0.491399 3.700787,
        -0.568504 -0.450905 3.681797,
        -1.056555 -0.548212 3.737474,
        -1.124812 -0.535251 3.737474,
        -1.058957 -0.567050 3.729609,
        -1.129483 -0.553658 3.729609,
        -1.061020 -0.583227 3.717095,
        -1.133493 -0.569465 3.717095,
        -1.062603 -0.595640 3.700787,
        -1.136570 -0.581594 3.700787,
        -1.063598 -0.603443 3.681797,
        -0.396983 0.246607 3.661417,
        -0.392954 0.234000 3.661417,
        -0.359391 0.098442 3.661417,
        -0.362053 0.098103 3.681797,
        -0.369856 0.097108 3.700787,
        -0.382269 0.095525 3.717095,
        -0.398445 0.093462 3.729609,
        -0.417283 0.091059 3.737474,
        -0.412699 0.021734 3.737474,
        -0.393709 0.021833 3.729609,
        -0.377402 0.021918 3.717095,
        -0.364888 0.021983 3.700787,
        -0.358595 -0.054415 3.661417,
        -0.365044 -0.090423 3.661417,
        -0.394641 -0.202964 3.661417,
        -0.397152 -0.202019 3.681797,
        -0.404515 -0.199250 3.700787,
        -0.416228 -0.194846 3.717095,
        -0.431492 -0.189106 3.729609,
        -0.449267 -0.182422 3.737474,
        -0.425899 -0.272864 3.661417,
        -0.439629 -0.295659 3.661417,
        -0.512582 -0.398769 3.661417,
        -0.514591 -0.396991 3.681797,
        -0.520481 -0.391777 3.700787,
        -0.529850 -0.383483 3.717095,
        -0.542061 -0.372674 3.729609,
        -0.556281 -0.360087 3.737474,
        -0.566726 -0.452913 3.661417,
        -0.579835 -0.463167 3.661417,
        -0.692631 -0.539596 3.661417,
        -0.693873 -0.537218 3.681797,
        -0.697515 -0.530246 3.700787,
        -0.703308 -0.519154 3.717095,
        -0.710857 -0.504699 3.729609,
        -0.719649 -0.487866 3.737474,
        -0.783074 -0.516228 3.737474,
        -0.776389 -0.534004 3.729609,
        -0.770649 -0.549267 3.717095,
        -0.766245 -0.560980 3.700787,
        -0.838196 -0.583148 3.700787,
        -0.841147 -0.570988 3.717095,
        -0.844993 -0.555140 3.729609,
        -0.849470 -0.536685 3.737474,
        -0.912306 -0.596422 3.700787,
        -0.913759 -0.583994 3.717095,
        -0.915654 -0.567797 3.729609,
        -0.917859 -0.548935 3.737474,
        -0.987533 -0.611156 3.661417,
        -0.987519 -0.608473 3.681797,
        -0.987478 -0.600607 3.700787,
        -0.987413 -0.588094 3.717095,
        -0.987328 -0.571787 3.729609,
        -0.987229 -0.552796 3.737474,
        -1.063937 -0.606104 3.661417,
        -1.093430 -0.600504 3.661417,
        -1.212102 -0.568512 3.661417,
        -1.211132 -0.566011 3.681797,
        -1.208287 -0.558678 3.700787,
        -1.203761 -0.547011 3.717095,
        -1.197862 -0.531808 3.729609,
        -1.190993 -0.514103 3.737474,
        -1.708661 -0.748031 1.614173,
        -1.708661 -0.748031 1.968504,
        -1.708661 0.787402 1.614173,
        -1.708661 0.787402 1.968504,
        -0.259843 0.787402 1.968504,
        -0.259843 -0.748031 1.968504,
        -0.259843 0.787402 0.393701,
        -0.259843 -0.748031 0.393701,
        -0.472441 0.787402 1.614173,
        -0.472441 0.787402 0.590551,
        -1.708661 0.787402 0.590551,
        -1.708661 0.787402 0.393701,
        -1.708661 -0.748031 0.590551,
        -1.708661 -0.748031 0.393701,
        -0.472441 -0.748031 0.590551,
        -0.472441 -0.748031 1.614173,
        -1.466800 -0.386149 1.968504,
        -1.529780 -0.296204 1.968504,
        -1.576184 -0.196689 1.968504,
        -1.466800 0.423662 1.968504,
        -1.529780 0.333717 1.968504,
        -1.576184 0.234202 1.968504,
        -0.501704 0.423662 1.968504,
        -0.438724 0.333717 1.968504,
        -0.392320 0.234202 1.968504,
        -0.438724 -0.296204 1.968504,
        -0.501704 -0.386149 1.968504,
        -1.604604 -0.090628 1.968504,
        -1.614173 0.018757 1.968504,
        -1.604604 0.128141 1.968504,
        -0.392320 -0.196689 1.968504,
        -0.579346 -0.463791 1.968504,
        -0.669291 -0.526771 1.968504,
        -0.768806 -0.573176 1.968504,
        -0.363901 0.128141 1.968504,
        -0.354331 0.018757 1.968504,
        -0.363901 -0.090628 1.968504,
        -1.199698 -0.573176 1.968504,
        -1.299213 -0.526771 1.968504,
        -1.389157 -0.463791 1.968504,
        -1.389157 0.501304 1.968504,
        -1.299213 0.564284 1.968504,
        -1.199698 0.610689 1.968504,
        -0.874867 -0.601595 1.968504,
        -0.984252 -0.611165 1.968504,
        -1.093637 -0.601595 1.968504,
        -0.768806 0.610689 1.968504,
        -0.669291 0.564284 1.968504,
        -0.579346 0.501304 1.968504,
        -1.093637 0.639108 1.968504,
        -0.984252 0.648678 1.968504,
        -0.874867 0.639108 1.968504,
        -0.630247 0.539795 3.346457,
        -1.505290 -0.335249 3.661417,
        -1.529152 -0.295824 3.661417,
        -1.505290 -0.335249 3.346457,
        -1.466800 -0.386149 3.346457,
        -1.338257 -0.502282 3.346457,
        -1.389157 -0.463791 3.346457,
        -0.463213 0.372762 3.346457,
        -0.501704 0.423662 3.346457,
        -0.579346 0.501304 3.346457,
        -1.609113 -0.060929 3.661417,
        -1.614165 0.015476 3.661417,
        -1.594828 -0.136156 3.661417,
        -1.603513 -0.090421 3.661417,
        -1.539537 -0.278665 3.661417,
        -1.571521 -0.209094 3.661417,
        -1.575550 -0.196486 3.661417,
        -0.630247 0.539795 3.661417,
        -0.669672 0.563656 3.661417,
        -0.686830 0.574041 3.661417,
        -0.756402 0.606026 3.661417,
        -0.904567 0.643617 3.661417,
        -0.875074 0.638017 3.661417,
        -0.829339 0.629333 3.661417,
        -0.769009 0.610054 3.661417,
        -1.057424 0.644414 3.661417,
        -0.984241 0.648487 3.661417,
        -0.980971 0.648669 3.661417,
        -1.132796 0.630913 3.661417,
        -1.093432 0.637964 3.661417,
        -1.298667 0.563380 3.661417,
        -1.275873 0.577109 3.661417,
        -1.205972 0.608367 3.661417,
        -1.199589 0.610334 3.661417,
        -1.341465 0.537602 3.661417,
        -1.388669 0.500680 3.661417,
        -1.401778 0.490427 3.661417,
        -1.455922 0.436283 3.661417,
        -1.542605 0.310378 3.661417,
        -1.528875 0.333172 3.661417,
        -1.503097 0.375969 3.661417,
        -1.466175 0.423174 3.661417,
        -1.596408 0.167300 3.661417,
        -1.575830 0.234093 3.661417,
        -1.573863 0.240477 3.661417,
        -1.613983 0.018746 3.661417,
        -1.609909 0.091928 3.661417,
        -1.603459 0.127937 3.661417,
        -1.448459 -0.278417 3.740157,
        -0.687078 0.482964 3.740157,
        -1.470126 -0.241487 3.740157,
        -0.724008 0.504631 3.740157,
        -1.500161 0.212762 3.740157,
        -1.519889 0.148732 3.740157,
        -1.472811 0.273925 3.740157,
        -1.531702 0.082782 3.740157,
        -1.535426 0.015886 3.740157,
        -1.531005 -0.050968 3.740157,
        -1.239420 0.507315 3.740157,
        -1.296813 0.472746 3.740157,
        -1.349587 0.431468 3.740157,
        -1.518506 -0.116792 3.740157,
        -1.498112 -0.180613 3.740157,
        -1.178257 0.534666 3.740157,
        -0.784883 0.532617 3.740157,
        -0.848704 0.553011 3.740157,
        -0.914527 0.565510 3.740157,
        -0.981381 0.569930 3.740157,
        -1.114228 0.554394 3.740157,
        -1.048277 0.566207 3.740157,
        -1.396963 0.384092 3.740157,
        -1.438241 0.331318 3.740157,
        -0.829999 0.626732 3.681797,
        -1.057112 0.641749 3.681797,
        -1.132163 0.628306 3.681797,
        -1.205028 0.605856 3.681797,
        -1.339943 0.535392 3.681797,
        -1.500887 0.374448 3.681797,
        -1.593801 0.166667 3.681797,
        -1.611481 0.015489 3.681797,
        -1.592227 -0.135496 3.681797,
        -1.453839 -0.283798 3.739806,
        -1.488091 -0.251110 3.737474,
        -1.476739 -0.306698 3.729220,
        -1.472778 -0.302736 3.732610,
        -1.504831 -0.260076 3.729609,
        -1.466302 -0.296260 3.736192,
        -1.463141 -0.293099 3.737109,
        -1.483556 -0.313515 3.723388,
        -1.519207 -0.267776 3.717095,
        -1.488748 -0.318706 3.716997,
        -1.496608 -0.326567 3.703289,
        -1.530237 -0.273684 3.700787,
        -1.497619 -0.327577 3.700730,
        -1.499843 -0.329801 3.695096,
        -1.537172 -0.277398 3.681797,
        -1.503153 -0.333111 3.681698,
        -1.504977 -0.334935 3.669688,
        -1.503935 -0.333893 3.678533,
        -0.688097 0.571676 3.681797,
        -0.631650 0.538391 3.678832,
        -0.638751 0.531291 3.702894,
        -0.637996 0.532045 3.700687,
        -0.691811 0.564742 3.700787,
        -0.633334 0.536708 3.687048,
        -0.632252 0.537790 3.681767,
        -0.656057 0.513985 3.727428,
        -0.651114 0.518928 3.722426,
        -0.697719 0.553711 3.717095,
        -0.647113 0.522929 3.716755,
        -0.642252 0.527789 3.709865,
        -0.658740 0.511302 3.729290,
        -0.705419 0.539336 3.729609,
        -0.667431 0.502611 3.735321,
        -0.714386 0.522596 3.737474,
        -0.672353 0.497689 3.737406,
        -0.673440 0.496602 3.737867,
        -1.517112 -0.187984 3.737474,
        -1.538259 -0.121804 3.737474,
        -1.534817 -0.194853 3.729609,
        -1.556667 -0.126474 3.729609,
        -1.550020 -0.200752 3.717095,
        -1.572474 -0.130484 3.717095,
        -1.561686 -0.205278 3.700787,
        -1.584603 -0.133561 3.700787,
        -1.569020 -0.208123 3.681797,
        -1.551943 0.085149 3.737474,
        -1.539694 0.153538 3.737474,
        -1.570806 0.087355 3.729609,
        -1.558149 0.158016 3.729609,
        -1.587003 0.089250 3.717095,
        -1.573996 0.161862 3.717095,
        -1.599431 0.090703 3.700787,
        -1.586157 0.164813 3.700787,
        -1.607244 0.091617 3.681797,
        -1.490875 0.283360 3.737474,
        -1.455027 0.342874 3.737474,
        -1.507708 0.292151 3.729609,
        -1.470669 0.353644 3.729609,
        -1.522163 0.299701 3.717095,
        -1.484101 0.362891 3.717095,
        -1.533254 0.305494 3.700787,
        -1.494408 0.369987 3.700787,
        -1.540227 0.309135 3.681797,
        -1.363095 0.446728 3.737474,
        -1.308370 0.489531 3.737474,
        -1.375683 0.460948 3.729609,
        -1.319139 0.505174 3.729609,
        -1.386492 0.473158 3.717095,
        -1.328387 0.518606 3.717095,
        -1.394786 0.482528 3.700787,
        -1.335482 0.528913 3.700787,
        -1.400000 0.488418 3.681797,
        -0.911949 0.585726 3.737474,
        -0.843692 0.572764 3.737474,
        -0.909547 0.604564 3.729609,
        -0.839022 0.591172 3.729609,
        -0.907484 0.620740 3.717095,
        -0.835011 0.606978 3.717095,
        -0.905901 0.633153 3.700787,
        -0.831934 0.619107 3.700787,
        -0.904906 0.640956 3.681797,
        -1.606451 -0.060589 3.681797,
        -1.598648 -0.059594 3.700787,
        -1.586235 -0.058011 3.717095,
        -1.570059 -0.055948 3.729609,
        -1.551221 -0.053546 3.737474,
        -1.555805 0.015780 3.737474,
        -1.574795 0.015681 3.729609,
        -1.591102 0.015596 3.717095,
        -1.603616 0.015530 3.700787,
        -1.571352 0.239533 3.681797,
        -1.563989 0.236764 3.700787,
        -1.552276 0.232359 3.717095,
        -1.537012 0.226619 3.729609,
        -1.519237 0.219935 3.737474,
        -1.453913 0.434504 3.681797,
        -1.448023 0.429291 3.700787,
        -1.438654 0.420996 3.717095,
        -1.426443 0.410187 3.729609,
        -1.412223 0.397600 3.737474,
        -1.274631 0.574731 3.681797,
        -1.270989 0.567759 3.700787,
        -1.265196 0.556667 3.717095,
        -1.257646 0.542213 3.729609,
        -1.248855 0.525380 3.737474,
        -1.185430 0.553741 3.737474,
        -1.192115 0.571517 3.729609,
        -1.197855 0.586781 3.717095,
        -1.202259 0.598493 3.700787,
        -1.130308 0.620661 3.700787,
        -1.127357 0.608501 3.717095,
        -1.123511 0.592654 3.729609,
        -1.119033 0.574198 3.737474,
        -1.056198 0.633936 3.700787,
        -1.054745 0.621507 3.717095,
        -1.052850 0.605310 3.729609,
        -1.050644 0.586448 3.737474,
        -0.980985 0.645986 3.681797,
        -0.981026 0.638120 3.700787,
        -0.981091 0.625607 3.717095,
        -0.981176 0.609300 3.729609,
        -0.981275 0.590309 3.737474,
        -0.757372 0.603524 3.681797,
        -0.760217 0.596191 3.700787,
        -0.764743 0.584525 3.717095,
        -0.770642 0.569321 3.729609,
        -0.777511 0.551617 3.737474,
      ]
    }
    coordIndex [
      0, 1, 2, -1,
      2, 1, 3, -1,
      2, 3, 4, -1,
      4, 3, 5, -1,
      6, 7, 0, -1,
      0, 7, 1, -1,
      8, 9, 10, -1,
      10, 9, 11, -1,
      10, 11, 6, -1,
      6, 11, 7, -1,
      9, 8, 12, -1,
      9, 12, 13, -1,
      13, 12, 14, -1,
      13, 14, 15, -1,
      15, 14, 16, -1,
      15, 16, 17, -1,
      17, 16, 18, -1,
      17, 18, 19, -1,
      19, 18, 20, -1,
      19, 20, 21, -1,
      21, 20, 22, -1,
      21, 22, 23, -1,
      23, 22, 24, -1,
      23, 24, 25, -1,
      25, 24, 26, -1,
      26, 24, 27, -1,
      26, 27, 28, -1,
      28, 27, 29, -1,
      28, 29, 30, -1,
      30, 29, 31, -1,
      30, 31, 32, -1,
      32, 31, 33, -1,
      32, 33, 34, -1,
      34, 33, 35, -1,
      34, 35, 36, -1,
      36, 35, 37, -1,
      36, 37, 38, -1,
      38, 37, 39, -1,
      38, 39, 40, -1,
      40, 39, 41, -1,
      40, 41, 42, -1,
      42, 41, 43, -1,
      44, 42, 45, -1,
      45, 42, 43, -1,
      44, 45, 46, -1,
      46, 45, 47, -1,
      46, 47, 48, -1,
      48, 47, 49, -1,
      48, 49, 50, -1,
      50, 49, 51, -1,
      50, 51, 52, -1,
      52, 51, 53, -1,
      52, 53, 54, -1,
      54, 53, 55, -1,
      54, 55, 56, -1,
      56, 55, 57, -1,
      56, 57, 58, -1,
      58, 57, 59, -1,
      60, 61, 62, -1,
      62, 61, 63, -1,
      64, 61, 65, -1,
      65, 61, 60, -1,
      64, 65, 66, -1,
      64, 66, 67, -1,
      67, 66, 68, -1,
      67, 68, 69, -1,
      69, 68, 70, -1,
      69, 70, 71, -1,
      71, 70, 72, -1,
      71, 72, 73, -1,
      73, 72, 74, -1,
      73, 74, 75, -1,
      75, 74, 76, -1,
      75, 76, 77, -1,
      77, 76, 78, -1,
      77, 78, 79, -1,
      80, 79, 81, -1,
      81, 79, 78, -1,
      80, 81, 82, -1,
      80, 82, 83, -1,
      83, 82, 84, -1,
      83, 84, 85, -1,
      85, 84, 86, -1,
      85, 86, 87, -1,
      87, 86, 88, -1,
      87, 88, 89, -1,
      89, 88, 90, -1,
      89, 90, 91, -1,
      91, 90, 92, -1,
      91, 92, 93, -1,
      93, 92, 94, -1,
      93, 94, 95, -1,
      96, 97, 98, -1,
      98, 99, 96, -1,
      96, 99, 100, -1,
      96, 100, 101, -1,
      101, 100, 95, -1,
      101, 95, 94, -1,
      98, 97, 102, -1,
      102, 97, 103, -1,
      102, 103, 104, -1,
      104, 103, 105, -1,
      104, 105, 106, -1,
      106, 105, 107, -1,
      106, 107, 108, -1,
      108, 107, 109, -1,
      108, 109, 110, -1,
      110, 109, 111, -1,
      110, 111, 5, -1,
      5, 111, 4, -1,
      112, 113, 114, -1,
      114, 113, 64, -1,
      115, 116, 117, -1,
      58, 114, 56, -1,
      56, 114, 64, -1,
      56, 64, 54, -1,
      54, 64, 67, -1,
      54, 67, 52, -1,
      52, 67, 69, -1,
      52, 69, 50, -1,
      118, 119, 117, -1,
      117, 119, 64, -1,
      117, 64, 115, -1,
      115, 64, 113, -1,
      115, 113, 120, -1,
      121, 122, 123, -1,
      38, 87, 36, -1,
      36, 87, 89, -1,
      36, 89, 34, -1,
      34, 89, 91, -1,
      34, 91, 32, -1,
      32, 91, 93, -1,
      32, 93, 30, -1,
      30, 93, 95, -1,
      30, 95, 28, -1,
      28, 95, 100, -1,
      123, 124, 125, -1,
      126, 127, 125, -1,
      125, 127, 61, -1,
      125, 61, 123, -1,
      123, 61, 64, -1,
      123, 64, 121, -1,
      121, 64, 119, -1,
      121, 119, 128, -1,
      69, 71, 50, -1,
      50, 71, 73, -1,
      50, 73, 48, -1,
      48, 73, 75, -1,
      48, 75, 46, -1,
      46, 75, 77, -1,
      46, 77, 44, -1,
      44, 77, 79, -1,
      44, 79, 42, -1,
      42, 79, 80, -1,
      42, 80, 40, -1,
      40, 80, 83, -1,
      40, 83, 38, -1,
      38, 83, 85, -1,
      38, 85, 87, -1,
      129, 130, 131, -1,
      132, 133, 131, -1,
      131, 133, 61, -1,
      131, 61, 129, -1,
      129, 61, 127, -1,
      129, 127, 134, -1,
      135, 136, 137, -1,
      138, 139, 137, -1,
      137, 139, 61, -1,
      137, 61, 135, -1,
      135, 61, 133, -1,
      135, 133, 140, -1,
      141, 142, 143, -1,
      144, 145, 143, -1,
      143, 145, 61, -1,
      143, 61, 141, -1,
      141, 61, 139, -1,
      141, 139, 146, -1,
      147, 63, 148, -1,
      148, 63, 61, -1,
      148, 61, 149, -1,
      149, 61, 145, -1,
      150, 151, 152, -1,
      153, 154, 155, -1,
      62, 156, 60, -1,
      60, 156, 157, -1,
      158, 159, 160, -1,
      161, 162, 152, -1,
      152, 162, 60, -1,
      152, 60, 150, -1,
      150, 60, 163, -1,
      150, 163, 164, -1,
      165, 166, 167, -1,
      168, 169, 155, -1,
      155, 169, 60, -1,
      155, 60, 153, -1,
      153, 60, 157, -1,
      153, 157, 170, -1,
      171, 163, 160, -1,
      160, 163, 60, -1,
      160, 60, 158, -1,
      158, 60, 169, -1,
      158, 169, 172, -1,
      173, 174, 167, -1,
      167, 174, 60, -1,
      167, 60, 165, -1,
      165, 60, 162, -1,
      165, 162, 175, -1,
      176, 177, 178, -1,
      179, 180, 178, -1,
      178, 180, 65, -1,
      178, 65, 176, -1,
      180, 59, 65, -1,
      65, 59, 57, -1,
      65, 57, 66, -1,
      66, 57, 55, -1,
      66, 55, 68, -1,
      68, 55, 53, -1,
      68, 53, 70, -1,
      70, 53, 51, -1,
      70, 51, 72, -1,
      72, 51, 49, -1,
      181, 182, 174, -1,
      174, 182, 65, -1,
      174, 65, 60, -1,
      183, 184, 185, -1,
      186, 176, 185, -1,
      185, 176, 65, -1,
      185, 65, 183, -1,
      183, 65, 182, -1,
      183, 182, 187, -1,
      29, 101, 31, -1,
      31, 101, 94, -1,
      31, 94, 33, -1,
      33, 94, 92, -1,
      33, 92, 35, -1,
      35, 92, 90, -1,
      35, 90, 37, -1,
      90, 88, 37, -1,
      37, 88, 86, -1,
      37, 86, 39, -1,
      39, 86, 84, -1,
      39, 84, 41, -1,
      41, 84, 82, -1,
      41, 82, 43, -1,
      43, 82, 81, -1,
      43, 81, 45, -1,
      45, 81, 78, -1,
      45, 78, 47, -1,
      47, 78, 76, -1,
      47, 76, 49, -1,
      49, 76, 74, -1,
      49, 74, 72, -1,
      156, 62, 147, -1,
      147, 62, 63, -1,
      170, 157, 149, -1,
      149, 157, 148, -1,
      157, 156, 148, -1,
      148, 156, 147, -1,
      180, 179, 114, -1,
      114, 179, 112, -1,
      59, 180, 58, -1,
      58, 180, 114, -1,
      176, 186, 115, -1,
      115, 186, 116, -1,
      177, 176, 120, -1,
      120, 176, 115, -1,
      183, 187, 119, -1,
      119, 187, 128, -1,
      184, 183, 118, -1,
      118, 183, 119, -1,
      174, 173, 123, -1,
      123, 173, 124, -1,
      181, 174, 122, -1,
      122, 174, 123, -1,
      165, 175, 127, -1,
      127, 175, 134, -1,
      166, 165, 126, -1,
      126, 165, 127, -1,
      152, 151, 131, -1,
      131, 151, 132, -1,
      161, 152, 130, -1,
      130, 152, 131, -1,
      163, 171, 135, -1,
      135, 171, 136, -1,
      164, 163, 140, -1,
      140, 163, 135, -1,
      158, 172, 139, -1,
      139, 172, 146, -1,
      159, 158, 138, -1,
      138, 158, 139, -1,
      155, 154, 143, -1,
      143, 154, 144, -1,
      168, 155, 142, -1,
      142, 155, 143, -1,
      153, 170, 145, -1,
      145, 170, 149, -1,
      154, 153, 144, -1,
      144, 153, 145, -1,
      172, 169, 146, -1,
      146, 169, 141, -1,
      169, 168, 141, -1,
      141, 168, 142, -1,
      171, 160, 136, -1,
      136, 160, 137, -1,
      160, 159, 137, -1,
      137, 159, 138, -1,
      151, 150, 132, -1,
      132, 150, 133, -1,
      150, 164, 133, -1,
      133, 164, 140, -1,
      175, 162, 134, -1,
      134, 162, 129, -1,
      162, 161, 129, -1,
      129, 161, 130, -1,
      173, 167, 124, -1,
      124, 167, 125, -1,
      167, 166, 125, -1,
      125, 166, 126, -1,
      187, 182, 128, -1,
      128, 182, 121, -1,
      182, 181, 121, -1,
      121, 181, 122, -1,
      186, 185, 116, -1,
      116, 185, 117, -1,
      185, 184, 117, -1,
      117, 184, 118, -1,
      179, 178, 112, -1,
      112, 178, 113, -1,
      178, 177, 113, -1,
      113, 177, 120, -1,
      10, 2, 8, -1,
      8, 2, 4, -1,
      8, 4, 12, -1,
      12, 4, 111, -1,
      12, 111, 14, -1,
      14, 111, 109, -1,
      14, 109, 16, -1,
      16, 109, 107, -1,
      16, 107, 18, -1,
      18, 107, 105, -1,
      96, 27, 97, -1,
      97, 27, 24, -1,
      97, 24, 103, -1,
      103, 24, 22, -1,
      103, 22, 105, -1,
      105, 22, 20, -1,
      105, 20, 18, -1,
      26, 99, 25, -1,
      25, 99, 98, -1,
      25, 98, 23, -1,
      23, 98, 102, -1,
      23, 102, 21, -1,
      21, 102, 104, -1,
      21, 104, 19, -1,
      19, 104, 106, -1,
      19, 106, 17, -1,
      17, 106, 108, -1,
      3, 11, 5, -1,
      5, 11, 9, -1,
      5, 9, 110, -1,
      110, 9, 13, -1,
      110, 13, 108, -1,
      108, 13, 15, -1,
      108, 15, 17, -1,
      96, 101, 27, -1,
      27, 101, 29, -1,
      100, 99, 28, -1,
      28, 99, 26, -1,
      0, 2, 6, -1,
      6, 2, 10, -1,
      7, 11, 1, -1,
      1, 11, 3, -1,
      188, 189, 190, -1,
      190, 189, 191, -1,
      192, 193, 194, -1,
      195, 196, 197, -1,
      197, 196, 198, -1,
      197, 198, 199, -1,
      195, 197, 194, -1,
      194, 197, 200, -1,
      194, 200, 192, -1,
      193, 201, 194, -1,
      194, 201, 202, -1,
      194, 202, 203, -1,
      204, 205, 206, -1,
      206, 205, 207, -1,
      206, 207, 197, -1,
      190, 208, 188, -1,
      188, 208, 194, -1,
      188, 194, 209, -1,
      209, 194, 203, -1,
      199, 210, 197, -1,
      197, 210, 211, -1,
      197, 211, 206, -1,
      212, 213, 214, -1,
      215, 216, 217, -1,
      218, 219, 220, -1,
      221, 222, 223, -1,
      224, 225, 226, -1,
      227, 228, 229, -1,
      230, 231, 232, -1,
      233, 234, 235, -1,
      236, 237, 238, -1,
      239, 240, 241, -1,
      241, 240, 242, -1,
      241, 242, 243, -1,
      244, 245, 246, -1,
      246, 245, 247, -1,
      246, 247, 240, -1,
      240, 247, 248, -1,
      240, 248, 242, -1,
      249, 250, 251, -1,
      251, 250, 252, -1,
      251, 252, 246, -1,
      246, 252, 253, -1,
      246, 253, 244, -1,
      249, 251, 254, -1,
      254, 251, 255, -1,
      254, 255, 256, -1,
      256, 255, 257, -1,
      256, 257, 258, -1,
      258, 257, 259, -1,
      259, 257, 190, -1,
      259, 190, 191, -1,
      189, 188, 260, -1,
      260, 188, 261, -1,
      262, 263, 264, -1,
      264, 263, 265, -1,
      264, 265, 261, -1,
      261, 265, 266, -1,
      261, 266, 260, -1,
      262, 264, 267, -1,
      267, 264, 268, -1,
      267, 268, 269, -1,
      269, 268, 270, -1,
      270, 268, 271, -1,
      270, 271, 272, -1,
      272, 271, 273, -1,
      273, 271, 274, -1,
      273, 274, 275, -1,
      274, 276, 277, -1,
      277, 278, 279, -1,
      277, 279, 274, -1,
      274, 279, 280, -1,
      274, 280, 275, -1,
      209, 203, 281, -1,
      281, 203, 282, -1,
      281, 282, 283, -1,
      283, 282, 284, -1,
      283, 284, 285, -1,
      285, 284, 286, -1,
      285, 286, 287, -1,
      287, 286, 288, -1,
      287, 288, 289, -1,
      289, 288, 238, -1,
      193, 192, 290, -1,
      290, 192, 291, -1,
      290, 291, 292, -1,
      292, 291, 293, -1,
      292, 293, 294, -1,
      294, 293, 295, -1,
      294, 295, 296, -1,
      296, 295, 297, -1,
      296, 297, 298, -1,
      298, 297, 232, -1,
      197, 207, 299, -1,
      299, 207, 300, -1,
      299, 300, 301, -1,
      301, 300, 302, -1,
      301, 302, 303, -1,
      303, 302, 304, -1,
      303, 304, 305, -1,
      305, 304, 306, -1,
      305, 306, 307, -1,
      307, 306, 229, -1,
      204, 206, 308, -1,
      308, 206, 309, -1,
      308, 309, 310, -1,
      310, 309, 311, -1,
      310, 311, 312, -1,
      312, 311, 313, -1,
      312, 313, 314, -1,
      314, 313, 315, -1,
      314, 315, 316, -1,
      316, 315, 226, -1,
      195, 194, 317, -1,
      317, 194, 318, -1,
      317, 318, 319, -1,
      319, 318, 320, -1,
      319, 320, 321, -1,
      321, 320, 322, -1,
      321, 322, 323, -1,
      323, 322, 324, -1,
      323, 324, 325, -1,
      325, 324, 214, -1,
      188, 209, 261, -1,
      261, 209, 281, -1,
      261, 281, 264, -1,
      264, 281, 283, -1,
      264, 283, 268, -1,
      268, 283, 285, -1,
      268, 285, 271, -1,
      271, 285, 287, -1,
      271, 287, 274, -1,
      274, 287, 289, -1,
      274, 289, 276, -1,
      276, 289, 326, -1,
      238, 237, 289, -1,
      289, 237, 327, -1,
      289, 327, 326, -1,
      328, 236, 329, -1,
      329, 236, 238, -1,
      329, 238, 330, -1,
      330, 238, 288, -1,
      330, 288, 331, -1,
      331, 288, 286, -1,
      331, 286, 332, -1,
      332, 286, 284, -1,
      332, 284, 333, -1,
      333, 284, 282, -1,
      333, 282, 202, -1,
      202, 282, 203, -1,
      202, 201, 333, -1,
      333, 201, 334, -1,
      333, 334, 332, -1,
      332, 334, 335, -1,
      332, 335, 331, -1,
      331, 335, 336, -1,
      331, 336, 330, -1,
      330, 336, 337, -1,
      330, 337, 329, -1,
      329, 337, 235, -1,
      329, 235, 328, -1,
      328, 235, 234, -1,
      338, 233, 298, -1,
      298, 233, 235, -1,
      298, 235, 296, -1,
      296, 235, 337, -1,
      296, 337, 294, -1,
      294, 337, 336, -1,
      294, 336, 292, -1,
      292, 336, 335, -1,
      292, 335, 290, -1,
      290, 335, 334, -1,
      290, 334, 193, -1,
      193, 334, 201, -1,
      232, 231, 298, -1,
      298, 231, 339, -1,
      298, 339, 338, -1,
      340, 230, 341, -1,
      341, 230, 232, -1,
      341, 232, 342, -1,
      342, 232, 297, -1,
      342, 297, 343, -1,
      343, 297, 295, -1,
      343, 295, 344, -1,
      344, 295, 293, -1,
      344, 293, 345, -1,
      345, 293, 291, -1,
      345, 291, 200, -1,
      200, 291, 192, -1,
      200, 197, 345, -1,
      345, 197, 299, -1,
      345, 299, 344, -1,
      344, 299, 301, -1,
      344, 301, 343, -1,
      343, 301, 303, -1,
      343, 303, 342, -1,
      342, 303, 305, -1,
      342, 305, 341, -1,
      341, 305, 307, -1,
      341, 307, 340, -1,
      340, 307, 346, -1,
      229, 228, 307, -1,
      307, 228, 347, -1,
      307, 347, 346, -1,
      348, 227, 349, -1,
      349, 227, 229, -1,
      349, 229, 350, -1,
      350, 229, 306, -1,
      350, 306, 351, -1,
      351, 306, 304, -1,
      351, 304, 352, -1,
      352, 304, 302, -1,
      352, 302, 353, -1,
      353, 302, 300, -1,
      353, 300, 205, -1,
      205, 300, 207, -1,
      205, 204, 353, -1,
      353, 204, 308, -1,
      353, 308, 352, -1,
      352, 308, 310, -1,
      352, 310, 351, -1,
      351, 310, 312, -1,
      351, 312, 350, -1,
      350, 312, 314, -1,
      350, 314, 349, -1,
      349, 314, 316, -1,
      349, 316, 348, -1,
      348, 316, 354, -1,
      226, 225, 316, -1,
      316, 225, 355, -1,
      316, 355, 354, -1,
      356, 224, 357, -1,
      357, 224, 226, -1,
      357, 226, 358, -1,
      358, 226, 315, -1,
      358, 315, 359, -1,
      359, 315, 313, -1,
      359, 313, 360, -1,
      360, 313, 311, -1,
      360, 311, 361, -1,
      361, 311, 309, -1,
      361, 309, 211, -1,
      211, 309, 206, -1,
      211, 210, 361, -1,
      361, 210, 362, -1,
      361, 362, 360, -1,
      360, 362, 363, -1,
      360, 363, 359, -1,
      359, 363, 364, -1,
      359, 364, 358, -1,
      358, 364, 365, -1,
      358, 365, 357, -1,
      357, 365, 223, -1,
      357, 223, 356, -1,
      356, 223, 222, -1,
      219, 221, 220, -1,
      220, 221, 223, -1,
      220, 223, 366, -1,
      366, 223, 365, -1,
      366, 365, 367, -1,
      367, 365, 364, -1,
      367, 364, 368, -1,
      368, 364, 363, -1,
      368, 363, 369, -1,
      369, 363, 362, -1,
      369, 362, 199, -1,
      199, 362, 210, -1,
      216, 218, 217, -1,
      217, 218, 220, -1,
      217, 220, 370, -1,
      370, 220, 366, -1,
      370, 366, 371, -1,
      371, 366, 367, -1,
      371, 367, 372, -1,
      372, 367, 368, -1,
      372, 368, 373, -1,
      373, 368, 369, -1,
      373, 369, 198, -1,
      198, 369, 199, -1,
      374, 215, 375, -1,
      375, 215, 217, -1,
      375, 217, 376, -1,
      376, 217, 370, -1,
      376, 370, 377, -1,
      377, 370, 371, -1,
      377, 371, 378, -1,
      378, 371, 372, -1,
      378, 372, 379, -1,
      379, 372, 373, -1,
      379, 373, 196, -1,
      196, 373, 198, -1,
      196, 195, 379, -1,
      379, 195, 317, -1,
      379, 317, 378, -1,
      378, 317, 319, -1,
      378, 319, 377, -1,
      377, 319, 321, -1,
      377, 321, 376, -1,
      376, 321, 323, -1,
      376, 323, 375, -1,
      375, 323, 325, -1,
      375, 325, 374, -1,
      374, 325, 380, -1,
      214, 213, 325, -1,
      325, 213, 381, -1,
      325, 381, 380, -1,
      382, 212, 383, -1,
      383, 212, 214, -1,
      383, 214, 384, -1,
      384, 214, 324, -1,
      384, 324, 385, -1,
      385, 324, 322, -1,
      385, 322, 386, -1,
      386, 322, 320, -1,
      386, 320, 387, -1,
      387, 320, 318, -1,
      387, 318, 208, -1,
      208, 318, 194, -1,
      208, 190, 387, -1,
      387, 190, 257, -1,
      387, 257, 386, -1,
      386, 257, 255, -1,
      386, 255, 385, -1,
      385, 255, 251, -1,
      385, 251, 384, -1,
      384, 251, 246, -1,
      384, 246, 383, -1,
      383, 246, 240, -1,
      383, 240, 382, -1,
      382, 240, 239, -1,
      388, 389, 390, -1,
      390, 389, 391, -1,
      392, 393, 394, -1,
      394, 393, 395, -1,
      390, 391, 396, -1,
      396, 391, 392, -1,
      396, 392, 397, -1,
      397, 392, 394, -1,
      397, 394, 398, -1,
      398, 394, 399, -1,
      398, 399, 400, -1,
      400, 399, 401, -1,
      400, 401, 402, -1,
      402, 401, 395, -1,
      402, 395, 403, -1,
      403, 395, 393, -1,
      403, 393, 388, -1,
      388, 393, 389, -1,
      404, 405, 389, -1,
      389, 405, 406, -1,
      407, 391, 408, -1,
      408, 391, 409, -1,
      410, 411, 392, -1,
      392, 411, 412, -1,
      413, 414, 393, -1,
      406, 415, 389, -1,
      389, 415, 416, -1,
      389, 416, 391, -1,
      391, 416, 417, -1,
      391, 417, 409, -1,
      413, 393, 418, -1,
      414, 419, 393, -1,
      393, 419, 420, -1,
      393, 420, 421, -1,
      412, 422, 392, -1,
      392, 422, 423, -1,
      392, 423, 393, -1,
      393, 423, 424, -1,
      393, 424, 418, -1,
      425, 426, 389, -1,
      389, 426, 427, -1,
      389, 427, 404, -1,
      407, 428, 391, -1,
      391, 428, 429, -1,
      391, 429, 430, -1,
      421, 431, 393, -1,
      393, 431, 432, -1,
      393, 432, 389, -1,
      389, 432, 433, -1,
      389, 433, 425, -1,
      434, 435, 392, -1,
      392, 435, 436, -1,
      392, 436, 410, -1,
      430, 437, 391, -1,
      391, 437, 438, -1,
      391, 438, 392, -1,
      392, 438, 439, -1,
      392, 439, 434, -1,
      401, 399, 395, -1,
      395, 399, 394, -1,
      397, 402, 396, -1,
      396, 402, 403, -1,
      403, 388, 396, -1,
      396, 388, 390, -1,
      397, 398, 402, -1,
      402, 398, 400, -1,
      436, 435, 440, -1,
      441, 442, 443, -1,
      443, 442, 405, -1,
      443, 405, 444, -1,
      444, 405, 404, -1,
      444, 404, 427, -1,
      426, 445, 427, -1,
      427, 445, 446, -1,
      427, 446, 444, -1,
      278, 277, 447, -1,
      447, 277, 411, -1,
      447, 411, 448, -1,
      440, 449, 436, -1,
      436, 449, 448, -1,
      436, 448, 410, -1,
      410, 448, 411, -1,
      450, 451, 415, -1,
      415, 451, 416, -1,
      406, 452, 415, -1,
      415, 452, 453, -1,
      415, 453, 450, -1,
      442, 454, 405, -1,
      405, 454, 455, -1,
      405, 455, 406, -1,
      406, 455, 456, -1,
      406, 456, 452, -1,
      243, 445, 241, -1,
      241, 445, 426, -1,
      241, 426, 239, -1,
      239, 426, 425, -1,
      239, 425, 382, -1,
      380, 381, 433, -1,
      433, 381, 213, -1,
      433, 213, 425, -1,
      425, 213, 212, -1,
      425, 212, 382, -1,
      431, 216, 432, -1,
      432, 216, 215, -1,
      432, 215, 433, -1,
      433, 215, 374, -1,
      433, 374, 380, -1,
      421, 219, 431, -1,
      431, 219, 218, -1,
      431, 218, 216, -1,
      224, 356, 420, -1,
      420, 356, 222, -1,
      420, 222, 421, -1,
      421, 222, 221, -1,
      421, 221, 219, -1,
      224, 420, 225, -1,
      225, 420, 419, -1,
      225, 419, 355, -1,
      355, 419, 354, -1,
      354, 419, 414, -1,
      354, 414, 348, -1,
      413, 228, 414, -1,
      414, 228, 227, -1,
      414, 227, 348, -1,
      340, 346, 413, -1,
      413, 346, 347, -1,
      413, 347, 228, -1,
      340, 413, 230, -1,
      230, 413, 418, -1,
      230, 418, 231, -1,
      231, 418, 424, -1,
      231, 424, 339, -1,
      339, 424, 338, -1,
      338, 424, 423, -1,
      338, 423, 233, -1,
      233, 423, 234, -1,
      234, 423, 422, -1,
      234, 422, 328, -1,
      412, 237, 422, -1,
      422, 237, 236, -1,
      422, 236, 328, -1,
      277, 276, 411, -1,
      411, 276, 326, -1,
      411, 326, 412, -1,
      412, 326, 327, -1,
      412, 327, 237, -1,
      457, 440, 458, -1,
      458, 440, 435, -1,
      458, 435, 459, -1,
      459, 435, 434, -1,
      459, 434, 460, -1,
      461, 462, 439, -1,
      439, 462, 463, -1,
      439, 463, 434, -1,
      434, 463, 464, -1,
      434, 464, 460, -1,
      437, 465, 438, -1,
      438, 465, 466, -1,
      438, 466, 439, -1,
      439, 466, 467, -1,
      439, 467, 461, -1,
      430, 468, 437, -1,
      437, 468, 469, -1,
      437, 469, 465, -1,
      470, 471, 429, -1,
      429, 471, 472, -1,
      429, 472, 430, -1,
      430, 472, 473, -1,
      430, 473, 468, -1,
      470, 429, 474, -1,
      474, 429, 428, -1,
      474, 428, 475, -1,
      475, 428, 476, -1,
      476, 428, 407, -1,
      476, 407, 477, -1,
      478, 479, 408, -1,
      408, 479, 480, -1,
      408, 480, 407, -1,
      407, 480, 481, -1,
      407, 481, 477, -1,
      417, 482, 409, -1,
      409, 482, 483, -1,
      409, 483, 408, -1,
      408, 483, 484, -1,
      408, 484, 478, -1,
      451, 485, 416, -1,
      416, 485, 486, -1,
      416, 486, 417, -1,
      417, 486, 487, -1,
      417, 487, 482, -1,
      488, 489, 490, -1,
      490, 489, 491, -1,
      492, 493, 491, -1,
      492, 491, 494, -1,
      493, 495, 491, -1,
      491, 495, 496, -1,
      491, 496, 497, -1,
      498, 499, 491, -1,
      491, 499, 500, -1,
      497, 501, 491, -1,
      491, 501, 502, -1,
      491, 502, 490, -1,
      498, 491, 503, -1,
      503, 491, 504, -1,
      503, 504, 505, -1,
      505, 506, 503, -1,
      503, 506, 507, -1,
      503, 507, 508, -1,
      508, 507, 509, -1,
      500, 510, 491, -1,
      491, 510, 511, -1,
      491, 511, 494, -1,
      464, 463, 512, -1,
      466, 465, 513, -1,
      469, 468, 514, -1,
      473, 472, 515, -1,
      470, 474, 516, -1,
      481, 480, 517, -1,
      483, 482, 518, -1,
      485, 451, 519, -1,
      453, 452, 520, -1,
      488, 490, 521, -1,
      521, 490, 522, -1,
      523, 524, 525, -1,
      525, 524, 526, -1,
      525, 526, 522, -1,
      522, 526, 527, -1,
      522, 527, 521, -1,
      523, 525, 528, -1,
      528, 525, 529, -1,
      528, 529, 530, -1,
      530, 529, 531, -1,
      531, 529, 532, -1,
      531, 532, 533, -1,
      533, 532, 534, -1,
      534, 532, 535, -1,
      534, 535, 536, -1,
      535, 454, 442, -1,
      442, 441, 537, -1,
      442, 537, 535, -1,
      535, 537, 538, -1,
      535, 538, 536, -1,
      459, 539, 458, -1,
      458, 539, 540, -1,
      458, 540, 457, -1,
      541, 542, 543, -1,
      543, 542, 544, -1,
      543, 544, 539, -1,
      539, 544, 545, -1,
      539, 545, 540, -1,
      546, 547, 548, -1,
      548, 547, 549, -1,
      548, 549, 543, -1,
      543, 549, 550, -1,
      543, 550, 541, -1,
      546, 548, 551, -1,
      551, 548, 552, -1,
      551, 552, 553, -1,
      553, 552, 554, -1,
      553, 554, 555, -1,
      555, 554, 556, -1,
      556, 554, 491, -1,
      556, 491, 489, -1,
      502, 501, 557, -1,
      557, 501, 558, -1,
      557, 558, 559, -1,
      559, 558, 560, -1,
      559, 560, 561, -1,
      561, 560, 562, -1,
      561, 562, 563, -1,
      563, 562, 564, -1,
      563, 564, 565, -1,
      565, 564, 520, -1,
      495, 493, 566, -1,
      566, 493, 567, -1,
      566, 567, 568, -1,
      568, 567, 569, -1,
      568, 569, 570, -1,
      570, 569, 571, -1,
      570, 571, 572, -1,
      572, 571, 573, -1,
      572, 573, 574, -1,
      574, 573, 518, -1,
      494, 511, 575, -1,
      575, 511, 576, -1,
      575, 576, 577, -1,
      577, 576, 578, -1,
      577, 578, 579, -1,
      579, 578, 580, -1,
      579, 580, 581, -1,
      581, 580, 582, -1,
      581, 582, 583, -1,
      583, 582, 517, -1,
      500, 499, 584, -1,
      584, 499, 585, -1,
      584, 585, 586, -1,
      586, 585, 587, -1,
      586, 587, 588, -1,
      588, 587, 589, -1,
      588, 589, 590, -1,
      590, 589, 591, -1,
      590, 591, 592, -1,
      592, 591, 516, -1,
      506, 505, 593, -1,
      593, 505, 594, -1,
      593, 594, 595, -1,
      595, 594, 596, -1,
      595, 596, 597, -1,
      597, 596, 598, -1,
      597, 598, 599, -1,
      599, 598, 600, -1,
      599, 600, 601, -1,
      601, 600, 512, -1,
      490, 502, 522, -1,
      522, 502, 557, -1,
      522, 557, 525, -1,
      525, 557, 559, -1,
      525, 559, 529, -1,
      529, 559, 561, -1,
      529, 561, 532, -1,
      532, 561, 563, -1,
      532, 563, 535, -1,
      535, 563, 565, -1,
      535, 565, 454, -1,
      454, 565, 455, -1,
      520, 452, 565, -1,
      565, 452, 456, -1,
      565, 456, 455, -1,
      450, 453, 602, -1,
      602, 453, 520, -1,
      602, 520, 603, -1,
      603, 520, 564, -1,
      603, 564, 604, -1,
      604, 564, 562, -1,
      604, 562, 605, -1,
      605, 562, 560, -1,
      605, 560, 606, -1,
      606, 560, 558, -1,
      606, 558, 497, -1,
      497, 558, 501, -1,
      497, 496, 606, -1,
      606, 496, 607, -1,
      606, 607, 605, -1,
      605, 607, 608, -1,
      605, 608, 604, -1,
      604, 608, 609, -1,
      604, 609, 603, -1,
      603, 609, 610, -1,
      603, 610, 602, -1,
      602, 610, 519, -1,
      602, 519, 450, -1,
      450, 519, 451, -1,
      486, 485, 574, -1,
      574, 485, 519, -1,
      574, 519, 572, -1,
      572, 519, 610, -1,
      572, 610, 570, -1,
      570, 610, 609, -1,
      570, 609, 568, -1,
      568, 609, 608, -1,
      568, 608, 566, -1,
      566, 608, 607, -1,
      566, 607, 495, -1,
      495, 607, 496, -1,
      518, 482, 574, -1,
      574, 482, 487, -1,
      574, 487, 486, -1,
      484, 483, 611, -1,
      611, 483, 518, -1,
      611, 518, 612, -1,
      612, 518, 573, -1,
      612, 573, 613, -1,
      613, 573, 571, -1,
      613, 571, 614, -1,
      614, 571, 569, -1,
      614, 569, 615, -1,
      615, 569, 567, -1,
      615, 567, 492, -1,
      492, 567, 493, -1,
      492, 494, 615, -1,
      615, 494, 575, -1,
      615, 575, 614, -1,
      614, 575, 577, -1,
      614, 577, 613, -1,
      613, 577, 579, -1,
      613, 579, 612, -1,
      612, 579, 581, -1,
      612, 581, 611, -1,
      611, 581, 583, -1,
      611, 583, 484, -1,
      484, 583, 478, -1,
      517, 480, 583, -1,
      583, 480, 479, -1,
      583, 479, 478, -1,
      477, 481, 616, -1,
      616, 481, 517, -1,
      616, 517, 617, -1,
      617, 517, 582, -1,
      617, 582, 618, -1,
      618, 582, 580, -1,
      618, 580, 619, -1,
      619, 580, 578, -1,
      619, 578, 620, -1,
      620, 578, 576, -1,
      620, 576, 510, -1,
      510, 576, 511, -1,
      510, 500, 620, -1,
      620, 500, 584, -1,
      620, 584, 619, -1,
      619, 584, 586, -1,
      619, 586, 618, -1,
      618, 586, 588, -1,
      618, 588, 617, -1,
      617, 588, 590, -1,
      617, 590, 616, -1,
      616, 590, 592, -1,
      616, 592, 477, -1,
      477, 592, 476, -1,
      516, 474, 592, -1,
      592, 474, 475, -1,
      592, 475, 476, -1,
      471, 470, 621, -1,
      621, 470, 516, -1,
      621, 516, 622, -1,
      622, 516, 591, -1,
      622, 591, 623, -1,
      623, 591, 589, -1,
      623, 589, 624, -1,
      624, 589, 587, -1,
      624, 587, 625, -1,
      625, 587, 585, -1,
      625, 585, 498, -1,
      498, 585, 499, -1,
      498, 503, 625, -1,
      625, 503, 626, -1,
      625, 626, 624, -1,
      624, 626, 627, -1,
      624, 627, 623, -1,
      623, 627, 628, -1,
      623, 628, 622, -1,
      622, 628, 629, -1,
      622, 629, 621, -1,
      621, 629, 515, -1,
      621, 515, 471, -1,
      471, 515, 472, -1,
      468, 473, 514, -1,
      514, 473, 515, -1,
      514, 515, 630, -1,
      630, 515, 629, -1,
      630, 629, 631, -1,
      631, 629, 628, -1,
      631, 628, 632, -1,
      632, 628, 627, -1,
      632, 627, 633, -1,
      633, 627, 626, -1,
      633, 626, 508, -1,
      508, 626, 503, -1,
      465, 469, 513, -1,
      513, 469, 514, -1,
      513, 514, 634, -1,
      634, 514, 630, -1,
      634, 630, 635, -1,
      635, 630, 631, -1,
      635, 631, 636, -1,
      636, 631, 632, -1,
      636, 632, 637, -1,
      637, 632, 633, -1,
      637, 633, 509, -1,
      509, 633, 508, -1,
      467, 466, 638, -1,
      638, 466, 513, -1,
      638, 513, 639, -1,
      639, 513, 634, -1,
      639, 634, 640, -1,
      640, 634, 635, -1,
      640, 635, 641, -1,
      641, 635, 636, -1,
      641, 636, 642, -1,
      642, 636, 637, -1,
      642, 637, 507, -1,
      507, 637, 509, -1,
      507, 506, 642, -1,
      642, 506, 593, -1,
      642, 593, 641, -1,
      641, 593, 595, -1,
      641, 595, 640, -1,
      640, 595, 597, -1,
      640, 597, 639, -1,
      639, 597, 599, -1,
      639, 599, 638, -1,
      638, 599, 601, -1,
      638, 601, 467, -1,
      467, 601, 461, -1,
      512, 463, 601, -1,
      601, 463, 462, -1,
      601, 462, 461, -1,
      460, 464, 643, -1,
      643, 464, 512, -1,
      643, 512, 644, -1,
      644, 512, 600, -1,
      644, 600, 645, -1,
      645, 600, 598, -1,
      645, 598, 646, -1,
      646, 598, 596, -1,
      646, 596, 647, -1,
      647, 596, 594, -1,
      647, 594, 504, -1,
      504, 594, 505, -1,
      504, 491, 647, -1,
      647, 491, 554, -1,
      647, 554, 646, -1,
      646, 554, 552, -1,
      646, 552, 645, -1,
      645, 552, 548, -1,
      645, 548, 644, -1,
      644, 548, 543, -1,
      644, 543, 643, -1,
      643, 543, 539, -1,
      643, 539, 460, -1,
      460, 539, 459, -1,
      440, 443, 449, -1,
      449, 443, 444, -1,
      449, 444, 448, -1,
      448, 444, 446, -1,
      448, 446, 447, -1,
      447, 446, 445, -1,
      278, 447, 445, -1,
      273, 275, 445, -1,
      273, 445, 272, -1,
      272, 445, 243, -1,
      272, 243, 242, -1,
      242, 248, 272, -1,
      272, 248, 247, -1,
      272, 247, 245, -1,
      275, 280, 445, -1,
      445, 280, 279, -1,
      445, 279, 278, -1,
      260, 266, 272, -1,
      272, 266, 265, -1,
      272, 265, 263, -1,
      263, 262, 272, -1,
      272, 262, 267, -1,
      272, 267, 270, -1,
      270, 267, 269, -1,
      258, 245, 244, -1,
      254, 252, 249, -1,
      249, 252, 250, -1,
      244, 253, 258, -1,
      258, 253, 252, -1,
      258, 252, 256, -1,
      256, 252, 254, -1,
      258, 259, 245, -1,
      245, 259, 191, -1,
      245, 191, 272, -1,
      272, 191, 189, -1,
      272, 189, 260, -1,
      441, 443, 440, -1,
      534, 536, 440, -1,
      534, 440, 533, -1,
      533, 440, 457, -1,
      533, 457, 540, -1,
      540, 545, 533, -1,
      533, 545, 544, -1,
      533, 544, 542, -1,
      536, 538, 440, -1,
      440, 538, 537, -1,
      440, 537, 441, -1,
      521, 527, 533, -1,
      533, 527, 526, -1,
      533, 526, 524, -1,
      524, 523, 533, -1,
      533, 523, 528, -1,
      533, 528, 531, -1,
      531, 528, 530, -1,
      555, 542, 541, -1,
      551, 549, 546, -1,
      546, 549, 547, -1,
      541, 550, 555, -1,
      555, 550, 549, -1,
      555, 549, 553, -1,
      553, 549, 551, -1,
      555, 556, 542, -1,
      542, 556, 489, -1,
      542, 489, 533, -1,
      533, 489, 488, -1,
      533, 488, 521, -1,
    ]
  }
}

Shape {
  appearance Appearance {
    material Material {
      diffuseColor 0.0588 0.4353 1.0000
      specularColor 0.0314 0.2157 0.5020
      ambientIntensity 0.2
      transparency 0.0000
      shininess 0.5
    }
  }
  geometry IndexedFaceSet {
    ccw TRUE
    solid FALSE
    coord DEF co Coordinate {
      point [
        0.000000 -1.614173 0.000000,
        0.000000 1.574803 0.000000,
        0.000000 -0.949598 3.937008,
        0.000000 -1.614173 1.763280,
        0.000000 1.574803 2.283465,
        1.968504 0.265719 2.959843,
        1.968504 0.303712 2.959843,
        1.968504 0.303712 2.994044,
        1.968504 0.138350 2.839349,
        1.968504 0.133140 2.838726,
        1.968504 0.163253 2.838726,
        1.968504 0.397981 3.030272,
        1.968504 0.385731 3.063123,
        1.968504 0.341659 3.063123,
        1.968504 -0.334001 3.163804,
        1.968504 -0.315537 3.151390,
        1.968504 -0.116083 3.151390,
        1.968504 -0.295915 3.138197,
        1.968504 -0.268015 3.106032,
        1.968504 -0.249803 3.070737,
        1.968504 -0.244576 3.068953,
        1.968504 -0.219261 3.056098,
        1.968504 -0.511148 3.151390,
        1.968504 -0.493802 3.162144,
        1.968504 -1.064920 3.559805,
        1.968504 -0.454436 3.177363,
        1.968504 -0.116083 3.559805,
        1.968504 -0.412050 3.182602,
        1.968504 -0.376854 3.178905,
        1.968504 -0.702950 3.018978,
        1.968504 -1.162122 3.151390,
        1.968504 -0.707946 2.994044,
        1.968504 -1.162122 2.994044,
        1.968504 -0.709696 2.985312,
        1.968504 -1.162122 3.241872,
        1.968504 -0.514521 3.149298,
        1.968504 -0.688545 3.049239,
        1.968504 -0.669937 3.072445,
        1.968504 -0.662147 3.079681,
        1.968504 -0.633479 3.098831,
        1.968504 -0.601594 3.110172,
        1.968504 -0.571735 3.113434,
        1.968504 -0.534589 3.132113,
        1.968504 -0.561915 3.112900,
        1.968504 -0.552094 3.111726,
        1.968504 -0.605892 2.841030,
        1.968504 -0.620813 2.845743,
        1.968504 -1.162122 2.838726,
        1.968504 -0.651156 2.861733,
        1.968504 -0.674206 2.882019,
        1.968504 -0.677538 2.885859,
        1.968504 -0.695526 2.913398,
        1.968504 -0.706822 2.945396,
        1.968504 -0.710071 2.975097,
        1.968504 -1.162122 2.791150,
        1.968504 -0.560075 2.791150,
        1.968504 -0.567965 2.794469,
        1.968504 -0.584662 2.807069,
        1.968504 -0.597353 2.822747,
        1.968504 -0.604816 2.838726,
        1.968504 -0.504138 2.785499,
        1.968504 -0.524769 2.782963,
        1.968504 -1.129252 2.165354,
        1.968504 -0.528109 2.783026,
        1.968504 -1.162122 2.165354,
        1.968504 -0.548269 2.786181,
        1.968504 -1.129252 0.000000,
        1.968504 -0.116083 0.000000,
        1.968504 -0.489406 2.791150,
        1.968504 -0.116083 2.791150,
        1.968504 -0.116083 2.838726,
        1.968504 -0.444737 2.838726,
        1.968504 -0.444785 2.838519,
        1.968504 -0.454860 2.819467,
        1.968504 -0.468077 2.804632,
        1.968504 -0.485090 2.792805,
        1.968504 -0.196859 2.877749,
        1.968504 -0.221245 2.857341,
        1.968504 -0.180594 2.900125,
        1.968504 -0.460724 2.925569,
        1.968504 -0.346297 2.985344,
        1.968504 -0.475616 2.939135,
        1.968504 -0.493730 2.948854,
        1.968504 -0.196302 3.036320,
        1.968504 -0.179093 3.011874,
        1.968504 -0.116083 2.994044,
        1.968504 -0.172144 2.994044,
        1.968504 -0.168903 2.985730,
        1.968504 -0.218613 2.965385,
        1.968504 -0.222595 2.981794,
        1.968504 -0.229171 2.994044,
        1.968504 -0.654154 2.994044,
        1.968504 -0.329488 2.891511,
        1.968504 -0.319826 2.940086,
        1.968504 -0.335375 2.889284,
        1.968504 -0.340671 2.885647,
        1.968504 -0.329031 2.839918,
        1.968504 -0.334712 2.841961,
        1.968504 -0.340368 2.845742,
        1.968504 -0.343102 2.848473,
        1.968504 -0.649184 2.942870,
        1.968504 -0.638930 2.925398,
        1.968504 -0.595569 2.916648,
        1.968504 -0.623612 2.909678,
        1.968504 -0.605038 2.898243,
        1.968504 -0.563974 2.944900,
        1.968504 -0.581441 2.932780,
        1.968504 -0.656274 2.976805,
        1.968504 -0.655274 2.963785,
        1.968504 -0.165264 2.958872,
        1.968504 -0.165328 2.954961,
        1.968504 -0.169558 2.926994,
        1.968504 -0.247413 2.844904,
        1.968504 -0.274567 2.839322,
        1.968504 -0.324949 2.839322,
        1.968504 -0.545108 2.952103,
        1.968504 -0.524769 2.954603,
        1.968504 -0.514339 2.953982,
        1.968504 -0.323241 2.892266,
        1.968504 -0.322410 2.892206,
        1.968504 -0.319848 2.891639,
        1.968504 -0.349713 2.865794,
        1.968504 -0.349607 2.868148,
        1.968504 -0.439376 2.876895,
        1.968504 -0.348148 2.874708,
        1.968504 -0.345073 2.880683,
        1.968504 -0.346767 2.853861,
        1.968504 -0.348961 2.859663,
        1.968504 -0.439824 2.859607,
        1.968504 -0.439376 2.868356,
        1.968504 -0.235520 2.912875,
        1.968504 -0.226131 2.926198,
        1.968504 -0.220251 2.941419,
        1.968504 -0.218208 2.958019,
        1.968504 -0.318118 2.891412,
        1.968504 -0.279691 2.891412,
        1.968504 -0.264452 2.894320,
        1.968504 -0.249374 2.901280,
        1.968504 -0.236733 2.911574,
        1.968504 -0.295406 3.043629,
        1.968504 -0.307435 3.071684,
        1.968504 -0.325779 3.095500,
        1.968504 -0.356881 3.118284,
        1.968504 -0.383774 3.128180,
        1.968504 -0.291646 3.024625,
        1.968504 -0.525622 3.049389,
        1.968504 -0.531891 3.052807,
        1.968504 -0.551044 3.059763,
        1.968504 -0.513575 3.074828,
        1.968504 -0.284814 3.024625,
        1.968504 -0.230513 2.996544,
        1.968504 -0.240453 3.007656,
        1.968504 -0.253701 3.016898,
        1.968504 -0.268608 3.022630,
        1.968504 -0.332705 3.101981,
        1.968504 -0.411196 3.131366,
        1.968504 -0.414820 3.131314,
        1.968504 -0.443300 3.127138,
        1.968504 -0.600718 3.056788,
        1.968504 -0.619770 3.046713,
        1.968504 -0.579629 3.061750,
        1.968504 -0.634605 3.033496,
        1.968504 -0.646432 3.016483,
        1.968504 -0.471154 3.115656,
        1.968504 -0.494800 3.097980,
        1.968504 -0.570881 3.062198,
        1.968504 -0.653737 2.997435,
        1.968504 0.369367 3.150377,
        1.968504 0.415113 3.030272,
        1.968504 1.187544 2.994044,
        1.968504 1.154099 3.151390,
        1.968504 0.341659 3.151390,
        1.968504 0.352789 3.150377,
        1.968504 0.341659 3.121157,
        1.968504 0.324175 3.030272,
        1.968504 0.307043 3.030272,
        1.968504 0.341659 2.994044,
        1.968504 0.335719 3.063123,
        1.968504 0.179908 3.043965,
        1.968504 0.179908 3.030272,
        1.968504 0.191252 2.994044,
        1.968504 0.177176 3.136561,
        1.968504 0.191252 3.151390,
        1.968504 0.177176 3.150377,
        1.968504 0.163253 3.151390,
        1.968504 0.163253 3.150377,
        1.968504 0.130817 3.084369,
        1.968504 0.130817 3.043965,
        1.968504 0.163253 3.084369,
        1.968504 0.163253 3.043965,
        1.968504 0.173768 3.084369,
        1.968504 0.173768 3.098123,
        1.968504 0.130817 3.136561,
        1.968504 0.130817 3.098123,
        1.968504 0.163253 3.136561,
        1.968504 0.163253 3.098123,
        1.968504 0.163253 2.994044,
        1.968504 0.163253 3.030272,
        1.968504 0.108358 2.994044,
        1.968504 0.115312 3.150377,
        1.968504 0.108358 3.151390,
        1.968504 0.115312 3.030272,
        1.968504 0.091273 3.147491,
        1.968504 0.078700 3.151139,
        1.968504 0.075588 3.151390,
        1.968504 0.091273 3.131280,
        1.968504 0.006721 2.994044,
        1.968504 0.026427 3.036610,
        1.968504 0.016761 3.044641,
        1.968504 0.089224 3.034225,
        1.968504 0.076329 3.029996,
        1.968504 0.077753 3.136638,
        1.968504 0.062966 3.138403,
        1.968504 0.017620 3.088974,
        1.968504 0.023554 3.062844,
        1.968504 0.029409 3.054711,
        1.968504 0.031758 3.052387,
        1.968504 0.039602 3.046836,
        1.968504 0.065917 3.042274,
        1.968504 0.079494 3.044811,
        1.968504 0.091273 3.050106,
        1.968504 0.091273 3.035246,
        1.968504 0.058023 3.028246,
        1.968504 0.050781 3.028588,
        1.968504 0.037763 3.031267,
        1.968504 0.048156 3.043525,
        1.968504 0.060265 3.042062,
        1.968504 0.030239 3.125078,
        1.968504 0.023696 3.115983,
        1.968504 0.038421 3.131833,
        1.968504 0.047866 3.136205,
        1.968504 0.058316 3.138217,
        1.968504 0.019646 3.105651,
        1.968504 0.089935 3.132002,
        1.968504 0.017750 3.084549,
        1.968504 0.019672 3.072529,
        1.968504 0.063007 3.152403,
        1.968504 0.108358 3.559805,
        1.968504 0.062813 3.152403,
        1.968504 0.006721 3.559805,
        1.968504 0.054539 3.151390,
        1.968504 0.006721 3.151390,
        1.968504 0.009984 3.123339,
        1.968504 0.018695 3.134719,
        1.968504 0.021569 3.137468,
        1.968504 0.032799 3.145368,
        1.968504 0.045331 3.150262,
        1.968504 0.008685 3.055823,
        1.968504 0.006721 3.060811,
        1.968504 -0.000478 2.994044,
        1.968504 -0.000478 3.151390,
        1.968504 0.004281 3.109996,
        1.968504 0.006721 3.115704,
        1.968504 0.003766 3.068316,
        1.968504 0.001348 3.088053,
        1.968504 0.001559 3.094315,
        1.968504 1.338583 2.283465,
        1.968504 1.230671 2.791150,
        1.968504 0.341659 2.791150,
        1.968504 0.341659 0.000000,
        1.968504 1.082677 0.000000,
        1.968504 1.279528 0.000000,
        1.968504 1.574803 0.000000,
        1.968504 1.279528 2.165354,
        1.968504 1.574803 2.283465,
        1.968504 1.082677 2.165354,
        1.968504 -1.614173 0.000000,
        1.968504 -1.326103 0.000000,
        1.968504 -1.614173 1.763280,
        1.968504 -1.326103 2.165354,
        1.968504 -1.299922 2.791150,
        1.968504 -1.189785 3.151390,
        1.968504 -1.237891 2.994044,
        1.968504 -1.285376 2.838726,
        1.968504 0.353004 2.959843,
        1.968504 0.353004 2.839739,
        1.968504 0.341659 2.838726,
        1.968504 0.386038 2.839739,
        1.968504 0.503195 2.959843,
        1.968504 0.519774 2.959843,
        1.968504 0.548388 2.839739,
        1.968504 0.565519 2.839739,
        1.968504 1.220558 2.838726,
        1.968504 0.536138 2.872589,
        1.968504 0.486125 2.872589,
        1.968504 0.474581 2.839739,
        1.968504 0.457450 2.839739,
        1.968504 0.441617 2.867214,
        1.968504 0.432674 2.856563,
        1.968504 0.420258 2.847639,
        1.968504 0.406597 2.842265,
        1.968504 0.432674 2.943940,
        1.968504 0.436831 2.939882,
        1.968504 0.444286 2.929434,
        1.968504 0.448753 2.918003,
        1.968504 0.387267 2.959843,
        1.968504 0.405598 2.957819,
        1.968504 0.420094 2.952526,
        1.968504 0.450788 2.901326,
        1.968504 0.450430 2.893706,
        1.968504 0.447526 2.879640,
        1.968504 0.300023 3.084240,
        1.968504 0.297119 3.070173,
        1.968504 0.291210 3.057748,
        1.968504 0.282267 3.047097,
        1.968504 0.257614 3.151390,
        1.968504 0.257614 3.147469,
        1.968504 0.303712 3.151390,
        1.968504 0.269688 3.143059,
        1.968504 0.293880 3.119968,
        1.968504 0.298346 3.108537,
        1.968504 0.300381 3.091859,
        1.968504 0.282267 3.134473,
        1.968504 0.286424 3.130415,
        1.968504 0.269852 3.038172,
        1.968504 0.257614 3.033358,
        1.968504 0.257614 2.994044,
        1.968504 0.256191 3.032798,
        1.968504 0.235631 3.030272,
        1.968504 0.202597 3.030272,
        1.968504 0.202597 3.150377,
        1.968504 0.236859 3.150377,
        1.968504 0.255192 3.148353,
        1.968504 0.015142 2.876287,
        1.968504 0.018142 2.880600,
        1.968504 0.020475 2.904887,
        1.968504 0.052954 2.840676,
        1.968504 0.047410 2.838726,
        1.968504 0.065975 2.839739,
        1.968504 0.058432 2.844277,
        1.968504 0.053761 2.914715,
        1.968504 0.048598 2.915265,
        1.968504 0.040554 2.890704,
        1.968504 0.024453 2.840972,
        1.968504 0.006721 2.838726,
        1.968504 0.030204 2.838781,
        1.968504 0.030676 2.838726,
        1.968504 0.014753 2.850599,
        1.968504 0.012894 2.855637,
        1.968504 0.012094 2.862704,
        1.968504 0.022743 2.884600,
        1.968504 0.029137 2.887885,
        1.968504 0.030893 2.911429,
        1.968504 0.040317 2.914472,
        1.968504 0.019462 2.844467,
        1.968504 0.017909 2.846027,
        1.968504 0.108225 2.886226,
        1.968504 0.101405 2.858282,
        1.968504 0.108358 2.886138,
        1.968504 0.106814 2.854894,
        1.968504 0.108358 2.854291,
        1.968504 0.065975 2.853002,
        1.968504 0.065576 2.853002,
        1.968504 0.063191 2.849379,
        1.968504 0.012134 2.864474,
        1.968504 0.013085 2.870977,
        1.968504 0.020475 2.919502,
        1.968504 0.023502 2.921258,
        1.968504 0.034674 2.925611,
        1.968504 0.065975 2.894265,
        1.968504 0.065468 2.900823,
        1.968504 0.063920 2.906218,
        1.968504 0.062160 2.909329,
        1.968504 0.074341 2.918148,
        1.968504 0.077434 2.913322,
        1.968504 0.103648 2.912131,
        1.968504 0.079809 2.906540,
        1.968504 0.101985 2.907273,
        1.968504 0.050010 2.927484,
        1.968504 0.058909 2.926698,
        1.968504 0.065291 2.924793,
        1.968504 0.059893 2.911758,
        1.968504 0.057233 2.913488,
        1.968504 0.106307 2.916223,
        1.968504 0.070311 2.921959,
        1.968504 0.105764 2.888800,
        1.968504 0.104057 2.891446,
        1.968504 0.081019 2.894940,
        1.968504 0.102291 2.895941,
        1.968504 0.101497 2.902370,
        1.968504 0.039295 2.837713,
        1.968504 0.006721 2.791150,
        1.968504 0.046813 2.838516,
        1.968504 0.108358 2.791150,
        1.968504 0.101405 2.842748,
        1.968504 0.081019 2.839739,
        1.968504 0.108358 2.840302,
        1.968504 0.108358 2.838726,
        1.968504 0.111947 2.839040,
        1.968504 0.114960 2.838726,
        1.968504 0.124676 2.837713,
        1.968504 0.155224 2.923677,
        1.968504 0.155224 2.909063,
        1.968504 0.157048 2.852783,
        1.968504 0.154387 2.848770,
        1.968504 0.158756 2.857586,
        1.968504 0.108358 2.918111,
        1.968504 0.111137 2.920668,
        1.968504 0.114792 2.922917,
        1.968504 0.149667 2.844528,
        1.968504 0.146241 2.842415,
        1.968504 0.122843 2.926034,
        1.968504 0.134900 2.927484,
        1.968504 0.145454 2.926547,
        1.968504 0.154303 2.877256,
        1.968504 0.157098 2.873139,
        1.968504 0.158709 2.868709,
        1.968504 0.159338 2.863072,
        1.968504 0.133426 2.915265,
        1.968504 0.128973 2.914931,
        1.968504 0.117001 2.903721,
        1.968504 0.124949 2.913865,
        1.968504 0.121576 2.912072,
        1.968504 0.117138 2.901720,
        1.968504 0.117735 2.899383,
        1.968504 0.118819 2.897353,
        1.968504 0.120286 2.895738,
        1.968504 0.125590 2.892423,
        1.968504 0.143939 2.913985,
        1.968504 0.134900 2.888370,
        1.968504 0.152450 2.910688,
        1.968504 0.140725 2.886013,
        1.968504 0.150716 2.880457,
        1.968504 0.119306 2.910066,
        1.968504 0.118016 2.908151,
        1.968504 0.117273 2.906120,
        1.968504 0.116223 2.851218,
        1.968504 0.124277 2.877440,
        1.968504 0.115310 2.881551,
        1.968504 0.126150 2.849993,
        1.968504 0.126815 2.849997,
        1.968504 0.134156 2.873303,
        1.968504 0.134526 2.850861,
        1.968504 0.143895 2.861598,
        1.968504 0.143748 2.863470,
        1.968504 0.138408 2.852282,
        1.968504 0.139780 2.853115,
        1.968504 0.141506 2.854647,
        1.968504 0.142819 2.856589,
        1.968504 0.143584 2.858728,
        1.968504 0.143065 2.865819,
        1.968504 0.141902 2.867813,
        1.968504 0.140027 2.869765,
        1.968504 0.233912 2.925519,
        1.968504 0.249509 2.925519,
        1.968504 0.257614 2.838726,
        1.968504 0.206404 2.861046,
        1.968504 0.208246 2.853984,
        1.968504 0.208645 2.853984,
        1.968504 0.191252 2.904631,
        1.968504 0.210487 2.860923,
        1.968504 0.209336 2.856924,
        1.968504 0.191252 2.838726,
        1.968504 0.191252 2.864251,
        1.968504 0.167167 2.925519,
        1.968504 0.183992 2.925519,
        1.968504 0.200816 2.839923,
        1.968504 0.200309 2.838726,
        1.968504 0.194215 2.824327,
        1.968504 0.163253 2.791150,
        1.968504 0.170268 2.800563,
        1.968504 0.170268 2.813950,
        1.968504 0.173346 2.812941,
        1.968504 0.178803 2.812230,
        1.968504 0.181682 2.812482,
        1.968504 0.184993 2.813517,
        1.968504 0.187810 2.815239,
        1.968504 0.191252 2.802053,
        1.968504 0.186414 2.800125,
        1.968504 0.191252 2.791150,
        1.968504 0.179970 2.799335,
        1.968504 0.176649 2.799455,
        1.968504 0.190820 2.818316,
        1.968504 0.191252 2.819081,
        1.968504 0.257614 2.791150,
        1.968504 0.197496 2.806197,
        1.968504 0.192314 2.802476,
        1.968504 0.215288 2.838726,
        1.968504 0.210579 2.826783,
        1.968504 0.203685 2.813396,
        1.968504 0.327583 2.959843,
        1.968504 0.327583 2.946028,
        1.968504 0.330315 2.853431,
        1.968504 0.330315 2.839739,
        1.968504 0.303712 2.838726,
        1.968504 0.281223 2.893835,
        1.968504 0.281223 2.853431,
        1.968504 0.303712 2.893835,
        1.968504 0.303712 2.853431,
        1.968504 0.324175 2.893835,
        1.968504 0.324175 2.907589,
        1.968504 0.303712 2.907589,
        1.968504 0.303712 2.946028,
        1.968504 0.281223 2.907589,
        1.968504 0.281223 2.946028,
        1.968504 0.303712 2.839739,
        1.968504 0.265719 2.839739,
        1.968504 0.303712 2.791150,
        1.968504 1.067288 3.559805,
        1.968504 0.341659 3.559805,
        1.968504 0.303712 3.559805,
        1.968504 0.257614 3.559805,
        1.968504 0.191252 3.559805,
        1.968504 0.163253 3.559805,
        1.968504 0.303712 0.000000,
        1.968504 0.257614 0.000000,
        1.968504 0.191252 0.000000,
        1.968504 0.163253 0.000000,
        1.968504 0.108358 0.000000,
        1.968504 0.006721 0.000000,
        1.968504 -0.000478 0.000000,
        1.968504 -0.000478 2.791150,
        1.968504 -0.000478 2.838726,
        1.968504 -0.002305 2.853431,
        1.968504 -0.002305 2.839739,
        1.968504 -0.066901 2.839739,
        1.968504 -0.005037 2.946028,
        1.968504 -0.066901 2.959843,
        1.968504 -0.005037 2.959843,
        1.968504 -0.051397 2.893835,
        1.968504 -0.051397 2.853431,
        1.968504 -0.008445 2.893835,
        1.968504 -0.008445 2.907589,
        1.968504 -0.051397 2.907589,
        1.968504 -0.051397 2.946028,
        1.968504 -0.051397 3.150377,
        1.968504 -0.051397 3.043965,
        1.968504 -0.003564 3.043965,
        1.968504 -0.066901 3.030272,
        1.968504 -0.066901 3.150377,
        1.968504 -0.003564 3.030272,
        1.968504 -0.000478 3.559805,
        1.968504 0.987111 3.937008,
        1.968504 0.341659 3.937008,
        1.968504 0.303712 3.937008,
        1.968504 0.257614 3.937008,
        1.968504 0.191252 3.937008,
        1.968504 0.163253 3.937008,
        1.968504 0.108358 3.937008,
        1.968504 0.006721 3.937008,
        1.968504 -0.000478 3.937008,
        1.968504 -0.116083 3.937008,
        1.968504 -0.949598 3.937008,
        1.574803 -1.220472 0.000000,
        1.732283 -1.030827 0.000000,
        1.732283 -1.424528 0.000000,
        0.551181 1.181102 0.000000,
        0.551181 0.866142 0.000000,
        0.181102 0.866142 0.000000,
        1.417323 1.181102 0.000000,
        1.732283 1.377953 0.000000,
        1.417323 0.866142 0.000000,
        1.732283 0.984252 0.000000,
        1.787402 0.866142 0.000000,
        1.417323 -0.984252 0.000000,
        1.417323 -0.826772 0.000000,
        1.574803 -0.984252 0.000000,
        1.787402 -0.826772 0.000000,
        0.181102 -0.826772 0.000000,
        0.551181 -0.826772 0.000000,
        0.551181 -0.984252 0.000000,
        0.393701 -0.984252 0.000000,
        0.393701 -1.220472 0.000000,
        0.551181 -1.220472 0.000000,
        0.551181 -1.377953 0.000000,
        1.417323 -1.377953 0.000000,
        1.417323 -1.220472 0.000000,
        0.393701 1.377953 0.393701,
        0.393701 1.377953 1.574803,
        0.393701 0.866142 0.393701,
        0.393701 0.866142 1.574803,
        1.417323 0.866142 0.393701,
        1.574803 0.866142 0.393701,
        1.417323 1.181102 0.393701,
        1.574803 1.377953 0.393701,
        0.551181 1.181102 0.393701,
        0.551181 0.866142 0.393701,
        0.393701 -0.826772 0.393701,
        0.393701 -0.984252 0.393701,
        0.551181 -0.826772 0.393701,
        0.551181 -0.984252 0.393701,
        1.574803 1.377953 1.574803,
        1.574803 0.866142 1.574803,
        -0.000000 1.338583 2.283465,
        -0.000000 0.987111 3.937008,
        1.620783 -0.244903 3.937008,
        1.557115 -0.364018 3.937008,
        0.720592 -0.617774 3.937008,
        0.601477 -0.554106 3.937008,
        0.601477 0.591620 3.937008,
        0.720592 0.655288 3.937008,
        0.497072 -0.468423 3.937008,
        0.411389 -0.364018 3.937008,
        0.347721 -0.244903 3.937008,
        0.308514 -0.115656 3.937008,
        0.295276 0.018757 3.937008,
        0.308514 0.153169 3.937008,
        0.347721 0.282417 3.937008,
        0.411389 0.401531 3.937008,
        0.497072 0.505937 3.937008,
        1.659990 -0.115656 3.937008,
        1.471432 -0.468423 3.937008,
        1.367027 -0.554106 3.937008,
        1.247912 -0.617774 3.937008,
        1.118665 -0.656981 3.937008,
        0.984252 -0.670220 3.937008,
        0.849839 -0.656981 3.937008,
        1.247912 0.655288 3.937008,
        1.367027 0.591620 3.937008,
        1.673228 0.018757 3.937008,
        1.659990 0.153169 3.937008,
        0.849839 0.694494 3.937008,
        0.984252 0.707733 3.937008,
        1.118665 0.694494 3.937008,
        1.620783 0.282417 3.937008,
        1.471432 0.505937 3.937008,
        1.557115 0.401531 3.937008,
        0.590551 -1.614173 1.763280,
        1.377953 -1.318898 2.729083,
        1.377953 -1.614173 1.763280,
        0.590551 -1.318898 2.729083,
        0.590551 -1.614173 0.787402,
        1.377953 -1.614173 0.787402,
        1.771654 1.574803 0.196850,
        0.196850 1.574803 0.196850,
        0.196850 1.574803 2.086614,
        1.771654 1.574803 2.086614,
        1.673228 0.018757 1.968504,
        1.659990 0.153169 1.968504,
        1.620783 0.282417 1.968504,
        1.557115 0.401531 1.968504,
        1.471432 0.505937 1.968504,
        1.367027 0.591620 1.968504,
        1.247912 0.655288 1.968504,
        1.118665 0.694494 1.968504,
        0.984252 0.707733 1.968504,
        0.849839 0.694494 1.968504,
        0.720592 0.655288 1.968504,
        0.601477 0.591620 1.968504,
        0.497072 0.505937 1.968504,
        0.411389 0.401531 1.968504,
        0.347721 0.282417 1.968504,
        0.308514 0.153169 1.968504,
        0.295276 0.018757 1.968504,
        0.308514 -0.115656 1.968504,
        0.347721 -0.244903 1.968504,
        0.411389 -0.364018 1.968504,
        0.497072 -0.468423 1.968504,
        0.601477 -0.554106 1.968504,
        0.720592 -0.617774 1.968504,
        0.849839 -0.656981 1.968504,
        0.984252 -0.670220 1.968504,
        1.118665 -0.656981 1.968504,
        1.247912 -0.617774 1.968504,
        1.367027 -0.554106 1.968504,
        1.471432 -0.468423 1.968504,
        1.557115 -0.364018 1.968504,
        1.620783 -0.244903 1.968504,
        1.659990 -0.115656 1.968504,
        0.984252 0.018757 1.968504,
        0.393701 -0.826772 1.574803,
        0.393701 -1.220472 1.574803,
        1.417323 -0.826772 0.393701,
        1.417323 -0.984252 0.393701,
        1.574803 -0.826772 0.393701,
        1.574803 -0.984252 0.393701,
        1.574803 -1.220472 1.574803,
        1.574803 -0.826772 1.574803,
        0.181102 0.866142 1.574803,
        1.787402 -0.826772 1.574803,
        0.181102 -0.826772 1.574803,
        1.417323 -1.377953 1.574803,
        1.377953 -1.377953 1.574803,
        1.417323 -1.220472 1.574803,
        1.377953 -0.984252 1.574803,
        1.787402 0.866142 1.574803,
        0.590551 -0.984252 1.574803,
        0.590551 -1.377953 1.574803,
        0.551181 -1.220472 1.574803,
        0.551181 -1.377953 1.574803,
        0.590551 -1.377953 0.787402,
        1.377953 -1.377953 0.787402,
        1.377953 -1.318898 1.763280,
        0.590551 -1.318898 1.763280,
        1.377953 -0.984252 1.763280,
        0.590551 -0.984252 1.763280,
        1.732283 -1.424528 2.165354,
        1.732283 -1.030827 2.165354,
        1.732283 1.377953 2.165354,
        1.732283 0.984252 2.165354,
      ]
    }
    coordIndex [
      5, 6, 7, -1,
      8, 9, 10, -1,
      11, 12, 13, -1,
      14, 15, 16, -1,
      16, 15, 17, -1,
      16, 17, 18, -1,
      18, 19, 16, -1,
      16, 19, 20, -1,
      16, 20, 21, -1,
      22, 23, 24, -1,
      24, 23, 25, -1,
      24, 25, 26, -1,
      26, 25, 27, -1,
      26, 27, 28, -1,
      29, 30, 31, -1,
      31, 30, 32, -1,
      31, 32, 33, -1,
      24, 34, 22, -1,
      22, 34, 30, -1,
      22, 30, 35, -1,
      29, 36, 30, -1,
      30, 36, 37, -1,
      30, 37, 38, -1,
      38, 39, 30, -1,
      30, 39, 40, -1,
      30, 40, 35, -1,
      35, 40, 41, -1,
      35, 41, 42, -1,
      42, 41, 43, -1,
      42, 43, 44, -1,
      45, 46, 47, -1,
      46, 48, 47, -1,
      47, 48, 49, -1,
      47, 49, 50, -1,
      50, 51, 47, -1,
      47, 51, 52, -1,
      47, 52, 32, -1,
      32, 52, 53, -1,
      32, 53, 33, -1,
      54, 55, 56, -1,
      56, 57, 54, -1,
      54, 57, 58, -1,
      54, 58, 47, -1,
      47, 58, 59, -1,
      47, 59, 45, -1,
      60, 61, 62, -1,
      62, 61, 63, -1,
      54, 64, 55, -1,
      55, 64, 62, -1,
      55, 62, 65, -1,
      65, 62, 63, -1,
      62, 66, 60, -1,
      60, 66, 67, -1,
      60, 67, 68, -1,
      68, 67, 69, -1,
      70, 71, 69, -1,
      69, 71, 72, -1,
      69, 72, 73, -1,
      73, 74, 69, -1,
      69, 74, 75, -1,
      69, 75, 68, -1,
      76, 77, 70, -1,
      76, 70, 78, -1,
      79, 80, 81, -1,
      81, 80, 82, -1,
      21, 83, 16, -1,
      16, 83, 84, -1,
      16, 84, 85, -1,
      85, 84, 86, -1,
      85, 86, 87, -1,
      88, 89, 80, -1,
      80, 89, 90, -1,
      80, 90, 91, -1,
      92, 93, 94, -1,
      94, 93, 95, -1,
      96, 97, 71, -1,
      71, 97, 98, -1,
      71, 98, 99, -1,
      100, 101, 102, -1,
      102, 101, 103, -1,
      102, 103, 104, -1,
      105, 91, 106, -1,
      106, 91, 107, -1,
      106, 107, 102, -1,
      102, 107, 108, -1,
      102, 108, 100, -1,
      87, 109, 85, -1,
      85, 109, 110, -1,
      85, 110, 70, -1,
      70, 110, 111, -1,
      70, 111, 78, -1,
      77, 112, 70, -1,
      70, 112, 113, -1,
      70, 113, 71, -1,
      71, 113, 114, -1,
      71, 114, 96, -1,
      105, 115, 91, -1,
      91, 115, 116, -1,
      91, 116, 80, -1,
      80, 116, 117, -1,
      80, 117, 82, -1,
      92, 118, 93, -1,
      93, 118, 119, -1,
      93, 119, 120, -1,
      121, 122, 123, -1,
      123, 122, 124, -1,
      123, 124, 93, -1,
      93, 124, 125, -1,
      93, 125, 95, -1,
      99, 126, 71, -1,
      71, 126, 127, -1,
      71, 127, 128, -1,
      128, 127, 121, -1,
      128, 121, 129, -1,
      129, 121, 123, -1,
      130, 131, 93, -1,
      93, 131, 132, -1,
      93, 132, 80, -1,
      80, 132, 133, -1,
      80, 133, 88, -1,
      120, 134, 93, -1,
      93, 134, 135, -1,
      93, 135, 136, -1,
      136, 137, 93, -1,
      93, 137, 138, -1,
      93, 138, 130, -1,
      139, 140, 141, -1,
      142, 143, 144, -1,
      90, 145, 91, -1,
      91, 145, 146, -1,
      91, 146, 147, -1,
      148, 145, 144, -1,
      144, 145, 90, -1,
      144, 90, 149, -1,
      149, 90, 150, -1,
      150, 151, 149, -1,
      149, 151, 152, -1,
      149, 152, 153, -1,
      139, 141, 144, -1,
      144, 141, 154, -1,
      144, 154, 142, -1,
      143, 155, 144, -1,
      144, 155, 156, -1,
      144, 156, 157, -1,
      158, 159, 160, -1,
      160, 159, 161, -1,
      160, 161, 162, -1,
      157, 163, 144, -1,
      144, 163, 164, -1,
      144, 164, 148, -1,
      147, 165, 91, -1,
      91, 165, 160, -1,
      91, 160, 166, -1,
      166, 160, 162, -1,
      167, 168, 169, -1,
      169, 170, 167, -1,
      167, 170, 171, -1,
      167, 171, 172, -1,
      172, 171, 173, -1,
      174, 175, 7, -1,
      11, 13, 176, -1,
      176, 13, 177, -1,
      176, 177, 174, -1,
      178, 179, 180, -1,
      181, 182, 183, -1,
      183, 182, 184, -1,
      183, 184, 185, -1,
      186, 187, 188, -1,
      188, 187, 189, -1,
      188, 189, 190, -1,
      190, 189, 178, -1,
      190, 178, 191, -1,
      192, 193, 194, -1,
      194, 193, 195, -1,
      194, 195, 181, -1,
      180, 179, 196, -1,
      196, 179, 197, -1,
      196, 197, 198, -1,
      185, 184, 199, -1,
      199, 184, 200, -1,
      199, 200, 201, -1,
      202, 200, 203, -1,
      203, 200, 204, -1,
      197, 201, 198, -1,
      198, 201, 200, -1,
      198, 200, 205, -1,
      205, 200, 202, -1,
      206, 207, 208, -1,
      209, 210, 198, -1,
      211, 212, 213, -1,
      214, 215, 205, -1,
      205, 215, 216, -1,
      205, 216, 217, -1,
      218, 219, 205, -1,
      205, 219, 220, -1,
      205, 220, 198, -1,
      198, 220, 221, -1,
      198, 221, 209, -1,
      222, 223, 206, -1,
      206, 223, 224, -1,
      206, 224, 207, -1,
      217, 225, 205, -1,
      205, 225, 226, -1,
      205, 226, 218, -1,
      227, 228, 229, -1,
      229, 228, 230, -1,
      212, 231, 213, -1,
      213, 231, 230, -1,
      213, 230, 232, -1,
      232, 230, 228, -1,
      211, 213, 233, -1,
      233, 213, 234, -1,
      233, 234, 205, -1,
      205, 234, 235, -1,
      205, 235, 214, -1,
      236, 237, 238, -1,
      238, 237, 239, -1,
      238, 239, 240, -1,
      241, 242, 243, -1,
      243, 244, 241, -1,
      241, 244, 245, -1,
      241, 245, 246, -1,
      208, 247, 206, -1,
      206, 247, 248, -1,
      206, 248, 249, -1,
      250, 251, 241, -1,
      241, 251, 252, -1,
      241, 252, 242, -1,
      248, 253, 249, -1,
      249, 253, 254, -1,
      249, 254, 250, -1,
      250, 254, 255, -1,
      250, 255, 251, -1,
      256, 257, 258, -1,
      258, 259, 260, -1,
      261, 262, 263, -1,
      263, 262, 264, -1,
      264, 256, 263, -1,
      263, 256, 258, -1,
      263, 258, 265, -1,
      265, 258, 260, -1,
      266, 267, 268, -1,
      268, 267, 269, -1,
      268, 269, 270, -1,
      34, 271, 30, -1,
      30, 271, 272, -1,
      30, 272, 32, -1,
      32, 272, 273, -1,
      32, 273, 47, -1,
      47, 273, 270, -1,
      47, 270, 54, -1,
      54, 270, 269, -1,
      54, 269, 64, -1,
      274, 176, 275, -1,
      275, 176, 276, -1,
      275, 276, 277, -1,
      176, 278, 279, -1,
      280, 276, 281, -1,
      281, 276, 282, -1,
      281, 282, 279, -1,
      279, 282, 169, -1,
      279, 169, 176, -1,
      176, 169, 168, -1,
      176, 168, 11, -1,
      283, 284, 280, -1,
      280, 284, 285, -1,
      280, 285, 276, -1,
      276, 285, 286, -1,
      276, 286, 277, -1,
      286, 287, 288, -1,
      288, 289, 286, -1,
      286, 289, 290, -1,
      286, 290, 277, -1,
      291, 292, 278, -1,
      278, 292, 293, -1,
      278, 293, 294, -1,
      274, 295, 176, -1,
      176, 295, 296, -1,
      176, 296, 278, -1,
      278, 296, 297, -1,
      278, 297, 291, -1,
      294, 298, 278, -1,
      278, 298, 299, -1,
      278, 299, 286, -1,
      286, 299, 300, -1,
      286, 300, 287, -1,
      301, 302, 7, -1,
      7, 302, 303, -1,
      7, 303, 304, -1,
      305, 306, 307, -1,
      307, 306, 308, -1,
      309, 310, 307, -1,
      307, 310, 311, -1,
      308, 312, 307, -1,
      307, 312, 313, -1,
      307, 313, 309, -1,
      173, 171, 175, -1,
      175, 171, 307, -1,
      175, 307, 7, -1,
      7, 307, 311, -1,
      7, 311, 301, -1,
      314, 315, 316, -1,
      316, 315, 317, -1,
      318, 319, 180, -1,
      180, 319, 182, -1,
      180, 182, 178, -1,
      178, 182, 181, -1,
      178, 181, 191, -1,
      191, 181, 195, -1,
      319, 320, 182, -1,
      182, 320, 321, -1,
      182, 321, 305, -1,
      305, 321, 322, -1,
      305, 322, 306, -1,
      323, 324, 325, -1,
      326, 327, 328, -1,
      326, 328, 329, -1,
      330, 331, 332, -1,
      333, 334, 335, -1,
      335, 334, 336, -1,
      337, 338, 334, -1,
      334, 338, 339, -1,
      324, 340, 325, -1,
      325, 340, 341, -1,
      325, 341, 342, -1,
      342, 341, 332, -1,
      342, 332, 343, -1,
      343, 332, 331, -1,
      333, 344, 334, -1,
      334, 344, 345, -1,
      334, 345, 337, -1,
      346, 347, 348, -1,
      348, 347, 349, -1,
      348, 349, 350, -1,
      351, 352, 328, -1,
      328, 352, 353, -1,
      328, 353, 329, -1,
      206, 354, 355, -1,
      323, 325, 355, -1,
      355, 325, 356, -1,
      355, 356, 206, -1,
      206, 356, 357, -1,
      206, 357, 358, -1,
      359, 360, 332, -1,
      332, 360, 361, -1,
      332, 361, 362, -1,
      363, 364, 365, -1,
      365, 364, 366, -1,
      365, 366, 367, -1,
      358, 368, 206, -1,
      206, 368, 369, -1,
      206, 369, 370, -1,
      362, 371, 332, -1,
      332, 371, 372, -1,
      332, 372, 330, -1,
      210, 222, 198, -1,
      198, 222, 206, -1,
      198, 206, 373, -1,
      373, 206, 370, -1,
      373, 370, 365, -1,
      365, 370, 374, -1,
      365, 374, 363, -1,
      375, 376, 377, -1,
      377, 376, 378, -1,
      377, 378, 366, -1,
      366, 378, 379, -1,
      366, 379, 367, -1,
      380, 381, 382, -1,
      382, 381, 383, -1,
      382, 383, 327, -1,
      346, 375, 347, -1,
      347, 375, 377, -1,
      347, 377, 384, -1,
      384, 377, 385, -1,
      384, 385, 386, -1,
      386, 385, 387, -1,
      386, 387, 388, -1,
      388, 387, 389, -1,
      390, 389, 383, -1,
      383, 389, 387, -1,
      383, 387, 327, -1,
      327, 387, 385, -1,
      327, 385, 328, -1,
      391, 392, 10, -1,
      393, 394, 10, -1,
      393, 10, 395, -1,
      373, 396, 198, -1,
      198, 396, 397, -1,
      198, 397, 398, -1,
      394, 399, 10, -1,
      10, 399, 400, -1,
      10, 400, 8, -1,
      398, 401, 198, -1,
      198, 401, 402, -1,
      198, 402, 196, -1,
      196, 402, 403, -1,
      196, 403, 391, -1,
      404, 405, 392, -1,
      392, 405, 406, -1,
      392, 406, 10, -1,
      10, 406, 407, -1,
      10, 407, 395, -1,
      408, 409, 410, -1,
      410, 409, 411, -1,
      410, 411, 412, -1,
      410, 413, 408, -1,
      408, 413, 414, -1,
      408, 414, 415, -1,
      415, 416, 408, -1,
      408, 416, 417, -1,
      408, 417, 418, -1,
      418, 417, 419, -1,
      418, 419, 420, -1,
      420, 419, 421, -1,
      420, 421, 392, -1,
      392, 421, 422, -1,
      392, 422, 404, -1,
      423, 424, 412, -1,
      412, 424, 425, -1,
      412, 425, 410, -1,
      426, 427, 350, -1,
      350, 427, 428, -1,
      350, 428, 348, -1,
      426, 429, 427, -1,
      427, 429, 430, -1,
      427, 430, 431, -1,
      431, 430, 432, -1,
      431, 433, 434, -1,
      432, 435, 431, -1,
      431, 435, 436, -1,
      431, 436, 437, -1,
      437, 438, 431, -1,
      431, 438, 439, -1,
      431, 439, 433, -1,
      434, 440, 431, -1,
      431, 440, 441, -1,
      431, 441, 442, -1,
      443, 444, 316, -1,
      316, 444, 445, -1,
      446, 447, 448, -1,
      317, 318, 316, -1,
      316, 318, 180, -1,
      316, 180, 443, -1,
      443, 180, 449, -1,
      443, 449, 450, -1,
      450, 449, 446, -1,
      450, 446, 451, -1,
      451, 446, 448, -1,
      452, 453, 10, -1,
      10, 453, 454, -1,
      391, 10, 196, -1,
      196, 10, 454, -1,
      196, 454, 180, -1,
      180, 454, 455, -1,
      180, 455, 449, -1,
      456, 453, 457, -1,
      457, 453, 452, -1,
      457, 452, 458, -1,
      459, 460, 461, -1,
      390, 383, 9, -1,
      9, 383, 459, -1,
      9, 459, 10, -1,
      10, 459, 461, -1,
      10, 461, 452, -1,
      452, 461, 462, -1,
      452, 462, 463, -1,
      463, 464, 452, -1,
      452, 464, 465, -1,
      452, 465, 466, -1,
      467, 468, 469, -1,
      469, 468, 470, -1,
      469, 470, 459, -1,
      459, 470, 471, -1,
      459, 471, 460, -1,
      466, 472, 452, -1,
      452, 472, 473, -1,
      452, 473, 458, -1,
      474, 475, 469, -1,
      469, 475, 476, -1,
      469, 476, 467, -1,
      477, 478, 474, -1,
      474, 478, 479, -1,
      474, 479, 475, -1,
      174, 7, 176, -1,
      176, 7, 6, -1,
      176, 6, 480, -1,
      480, 481, 176, -1,
      176, 481, 482, -1,
      176, 482, 276, -1,
      276, 482, 483, -1,
      276, 483, 484, -1,
      485, 486, 487, -1,
      487, 486, 488, -1,
      487, 488, 489, -1,
      489, 488, 482, -1,
      489, 482, 490, -1,
      490, 482, 481, -1,
      490, 481, 491, -1,
      491, 481, 492, -1,
      491, 492, 493, -1,
      493, 492, 494, -1,
      483, 495, 484, -1,
      484, 495, 496, -1,
      484, 496, 445, -1,
      445, 496, 5, -1,
      445, 5, 316, -1,
      316, 5, 7, -1,
      316, 7, 314, -1,
      314, 7, 304, -1,
      257, 282, 258, -1,
      258, 282, 276, -1,
      258, 276, 497, -1,
      497, 276, 484, -1,
      497, 484, 474, -1,
      474, 484, 445, -1,
      474, 445, 477, -1,
      477, 445, 444, -1,
      170, 498, 171, -1,
      171, 498, 499, -1,
      171, 499, 307, -1,
      307, 499, 500, -1,
      307, 500, 305, -1,
      305, 500, 501, -1,
      305, 501, 182, -1,
      182, 501, 502, -1,
      182, 502, 184, -1,
      184, 502, 503, -1,
      184, 503, 200, -1,
      200, 503, 237, -1,
      200, 237, 204, -1,
      204, 237, 236, -1,
      259, 258, 504, -1,
      504, 258, 497, -1,
      504, 497, 505, -1,
      505, 497, 474, -1,
      505, 474, 506, -1,
      506, 474, 469, -1,
      506, 469, 507, -1,
      507, 469, 459, -1,
      507, 459, 508, -1,
      508, 459, 383, -1,
      508, 383, 509, -1,
      509, 383, 381, -1,
      509, 381, 510, -1,
      510, 381, 511, -1,
      510, 511, 67, -1,
      380, 336, 381, -1,
      381, 336, 334, -1,
      381, 334, 511, -1,
      511, 334, 512, -1,
      513, 514, 512, -1,
      512, 514, 515, -1,
      339, 354, 334, -1,
      334, 354, 206, -1,
      334, 206, 512, -1,
      512, 206, 249, -1,
      512, 249, 513, -1,
      513, 249, 516, -1,
      67, 511, 69, -1,
      69, 511, 512, -1,
      69, 512, 70, -1,
      70, 512, 515, -1,
      70, 515, 85, -1,
      85, 515, 517, -1,
      85, 517, 249, -1,
      249, 517, 518, -1,
      249, 518, 516, -1,
      519, 520, 521, -1,
      521, 520, 513, -1,
      521, 513, 522, -1,
      522, 513, 516, -1,
      522, 516, 523, -1,
      523, 516, 524, -1,
      525, 526, 527, -1,
      528, 529, 16, -1,
      16, 529, 525, -1,
      16, 525, 250, -1,
      250, 525, 527, -1,
      250, 527, 249, -1,
      249, 527, 530, -1,
      249, 530, 85, -1,
      85, 530, 528, -1,
      85, 528, 16, -1,
      246, 240, 241, -1,
      241, 240, 239, -1,
      241, 239, 250, -1,
      250, 239, 531, -1,
      250, 531, 16, -1,
      16, 531, 26, -1,
      16, 26, 14, -1,
      14, 26, 28, -1,
      498, 532, 499, -1,
      499, 532, 533, -1,
      499, 533, 500, -1,
      500, 533, 534, -1,
      500, 534, 501, -1,
      501, 534, 535, -1,
      501, 535, 502, -1,
      502, 535, 536, -1,
      502, 536, 503, -1,
      503, 536, 537, -1,
      503, 537, 237, -1,
      237, 537, 538, -1,
      237, 538, 239, -1,
      239, 538, 539, -1,
      239, 539, 531, -1,
      531, 539, 540, -1,
      531, 540, 26, -1,
      26, 540, 541, -1,
      26, 541, 24, -1,
      24, 541, 542, -1,
      543, 544, 545, -1,
      546, 547, 548, -1,
      267, 266, 545, -1,
      545, 266, 0, -1,
      549, 550, 551, -1,
      551, 550, 552, -1,
      551, 552, 553, -1,
      261, 550, 262, -1,
      262, 550, 549, -1,
      262, 549, 1, -1,
      1, 549, 546, -1,
      554, 555, 556, -1,
      556, 555, 557, -1,
      546, 548, 1, -1,
      1, 548, 558, -1,
      1, 558, 0, -1,
      559, 560, 558, -1,
      558, 560, 561, -1,
      558, 561, 0, -1,
      0, 561, 562, -1,
      0, 562, 563, -1,
      552, 260, 553, -1,
      553, 260, 259, -1,
      553, 259, 504, -1,
      563, 564, 0, -1,
      0, 564, 565, -1,
      0, 565, 545, -1,
      545, 565, 566, -1,
      545, 566, 543, -1,
      504, 505, 553, -1,
      553, 505, 506, -1,
      553, 506, 507, -1,
      543, 556, 544, -1,
      544, 556, 557, -1,
      544, 557, 66, -1,
      66, 557, 67, -1,
      507, 508, 553, -1,
      553, 508, 509, -1,
      553, 509, 557, -1,
      557, 509, 510, -1,
      557, 510, 67, -1,
      567, 568, 569, -1,
      569, 568, 570, -1,
      571, 572, 573, -1,
      573, 572, 574, -1,
      573, 574, 575, -1,
      575, 574, 567, -1,
      575, 567, 576, -1,
      576, 567, 569, -1,
      577, 578, 579, -1,
      579, 578, 580, -1,
      581, 574, 582, -1,
      582, 574, 572, -1,
      257, 256, 583, -1,
      257, 583, 282, -1,
      532, 498, 584, -1,
      584, 498, 170, -1,
      584, 170, 583, -1,
      583, 170, 169, -1,
      583, 169, 282, -1,
      585, 586, 542, -1,
      587, 588, 2, -1,
      589, 590, 584, -1,
      588, 591, 2, -1,
      2, 591, 592, -1,
      2, 592, 593, -1,
      593, 594, 2, -1,
      2, 594, 595, -1,
      2, 595, 584, -1,
      584, 595, 596, -1,
      584, 596, 597, -1,
      597, 598, 584, -1,
      584, 598, 599, -1,
      584, 599, 589, -1,
      585, 542, 600, -1,
      586, 601, 542, -1,
      542, 601, 602, -1,
      542, 602, 603, -1,
      603, 604, 542, -1,
      542, 604, 605, -1,
      542, 605, 2, -1,
      2, 605, 606, -1,
      2, 606, 587, -1,
      532, 607, 608, -1,
      542, 541, 600, -1,
      600, 541, 540, -1,
      600, 540, 609, -1,
      609, 540, 539, -1,
      609, 539, 610, -1,
      610, 539, 538, -1,
      590, 611, 584, -1,
      584, 611, 612, -1,
      584, 612, 532, -1,
      532, 612, 613, -1,
      532, 613, 607, -1,
      538, 537, 610, -1,
      610, 537, 536, -1,
      610, 536, 614, -1,
      614, 536, 535, -1,
      608, 615, 532, -1,
      532, 615, 616, -1,
      532, 616, 533, -1,
      533, 616, 614, -1,
      533, 614, 534, -1,
      534, 614, 535, -1,
      24, 542, 2, -1,
      2, 3, 617, -1,
      618, 619, 268, -1,
      268, 270, 618, -1,
      618, 270, 273, -1,
      618, 273, 272, -1,
      617, 620, 2, -1,
      2, 620, 618, -1,
      2, 618, 24, -1,
      272, 271, 618, -1,
      618, 271, 34, -1,
      618, 34, 24, -1,
      617, 3, 621, -1,
      621, 3, 0, -1,
      621, 0, 622, -1,
      622, 0, 266, -1,
      622, 266, 619, -1,
      619, 266, 268, -1,
      623, 262, 624, -1,
      624, 262, 1, -1,
      624, 1, 625, -1,
      625, 1, 4, -1,
      625, 4, 626, -1,
      626, 4, 264, -1,
      626, 264, 623, -1,
      623, 264, 262, -1,
      256, 264, 583, -1,
      583, 264, 4, -1,
      583, 4, 1, -1,
      2, 584, 3, -1,
      3, 584, 583, -1,
      3, 583, 0, -1,
      0, 583, 1, -1,
      627, 609, 628, -1,
      628, 609, 610, -1,
      628, 610, 629, -1,
      629, 610, 614, -1,
      629, 614, 630, -1,
      630, 614, 616, -1,
      630, 616, 631, -1,
      631, 616, 615, -1,
      631, 615, 632, -1,
      632, 615, 608, -1,
      632, 608, 633, -1,
      633, 608, 607, -1,
      633, 607, 634, -1,
      634, 607, 613, -1,
      634, 613, 635, -1,
      635, 613, 612, -1,
      635, 612, 636, -1,
      636, 612, 611, -1,
      636, 611, 637, -1,
      637, 611, 590, -1,
      637, 590, 638, -1,
      638, 590, 589, -1,
      638, 589, 639, -1,
      639, 589, 599, -1,
      639, 599, 640, -1,
      640, 599, 598, -1,
      640, 598, 641, -1,
      641, 598, 597, -1,
      641, 597, 642, -1,
      642, 597, 596, -1,
      642, 596, 643, -1,
      643, 596, 595, -1,
      643, 595, 644, -1,
      644, 595, 594, -1,
      644, 594, 645, -1,
      645, 594, 593, -1,
      645, 593, 646, -1,
      646, 593, 592, -1,
      646, 592, 647, -1,
      647, 592, 591, -1,
      647, 591, 648, -1,
      648, 591, 588, -1,
      648, 588, 649, -1,
      649, 588, 587, -1,
      649, 587, 650, -1,
      650, 587, 606, -1,
      650, 606, 651, -1,
      651, 606, 605, -1,
      651, 605, 652, -1,
      652, 605, 604, -1,
      652, 604, 653, -1,
      653, 604, 603, -1,
      653, 603, 654, -1,
      654, 603, 602, -1,
      654, 602, 655, -1,
      655, 602, 601, -1,
      655, 601, 656, -1,
      656, 601, 586, -1,
      656, 586, 657, -1,
      657, 586, 585, -1,
      657, 585, 658, -1,
      658, 585, 600, -1,
      658, 600, 627, -1,
      627, 600, 609, -1,
      627, 628, 659, -1,
      627, 659, 658, -1,
      655, 656, 659, -1,
      659, 656, 657, -1,
      659, 657, 658, -1,
      652, 653, 659, -1,
      659, 653, 654, -1,
      659, 654, 655, -1,
      649, 650, 659, -1,
      659, 650, 651, -1,
      659, 651, 652, -1,
      646, 647, 659, -1,
      659, 647, 648, -1,
      659, 648, 649, -1,
      643, 644, 659, -1,
      659, 644, 645, -1,
      659, 645, 646, -1,
      640, 641, 659, -1,
      659, 641, 642, -1,
      659, 642, 643, -1,
      637, 638, 659, -1,
      659, 638, 639, -1,
      659, 639, 640, -1,
      634, 635, 659, -1,
      659, 635, 636, -1,
      659, 636, 637, -1,
      631, 632, 659, -1,
      659, 632, 633, -1,
      659, 633, 634, -1,
      628, 629, 659, -1,
      659, 629, 630, -1,
      659, 630, 631, -1,
      562, 561, 578, -1,
      577, 660, 578, -1,
      578, 660, 661, -1,
      578, 661, 562, -1,
      662, 663, 664, -1,
      664, 663, 665, -1,
      556, 543, 665, -1,
      665, 543, 666, -1,
      665, 666, 664, -1,
      664, 666, 667, -1,
      667, 668, 669, -1,
      669, 668, 570, -1,
      660, 670, 668, -1,
      671, 672, 673, -1,
      673, 672, 674, -1,
      675, 669, 582, -1,
      582, 669, 570, -1,
      582, 570, 581, -1,
      581, 570, 568, -1,
      676, 677, 678, -1,
      678, 677, 679, -1,
      666, 673, 667, -1,
      667, 673, 674, -1,
      667, 674, 668, -1,
      668, 674, 676, -1,
      668, 676, 660, -1,
      660, 676, 678, -1,
      660, 678, 661, -1,
      625, 626, 568, -1,
      568, 626, 581, -1,
      567, 624, 568, -1,
      568, 624, 625, -1,
      574, 623, 567, -1,
      567, 623, 624, -1,
      623, 574, 626, -1,
      626, 574, 581, -1,
      554, 663, 555, -1,
      555, 663, 662, -1,
      560, 559, 580, -1,
      580, 559, 579, -1,
      571, 551, 572, -1,
      572, 551, 553, -1,
      572, 553, 582, -1,
      582, 553, 675, -1,
      551, 571, 549, -1,
      549, 571, 573, -1,
      546, 549, 575, -1,
      575, 549, 573, -1,
      547, 546, 576, -1,
      576, 546, 575, -1,
      570, 668, 569, -1,
      569, 668, 548, -1,
      569, 548, 576, -1,
      576, 548, 547, -1,
      667, 669, 664, -1,
      664, 669, 557, -1,
      664, 557, 662, -1,
      662, 557, 555, -1,
      579, 559, 577, -1,
      577, 559, 558, -1,
      577, 558, 660, -1,
      660, 558, 670, -1,
      560, 580, 561, -1,
      561, 580, 578, -1,
      556, 665, 554, -1,
      554, 665, 663, -1,
      564, 563, 679, -1,
      679, 563, 678, -1,
      679, 677, 680, -1,
      672, 671, 681, -1,
      681, 671, 565, -1,
      681, 565, 680, -1,
      680, 565, 564, -1,
      680, 564, 679, -1,
      565, 671, 566, -1,
      566, 671, 673, -1,
      548, 668, 558, -1,
      558, 668, 670, -1,
      553, 557, 675, -1,
      675, 557, 669, -1,
      563, 562, 678, -1,
      678, 562, 661, -1,
      543, 566, 666, -1,
      666, 566, 673, -1,
      682, 618, 683, -1,
      683, 618, 620, -1,
      684, 674, 682, -1,
      682, 674, 672, -1,
      681, 622, 672, -1,
      672, 622, 619, -1,
      672, 619, 682, -1,
      682, 619, 618, -1,
      621, 680, 617, -1,
      617, 680, 677, -1,
      620, 617, 683, -1,
      683, 617, 677, -1,
      683, 677, 685, -1,
      685, 677, 676, -1,
      680, 621, 681, -1,
      681, 621, 622, -1,
      685, 676, 684, -1,
      684, 676, 674, -1,
      683, 685, 682, -1,
      682, 685, 684, -1,
      269, 686, 64, -1,
      64, 686, 687, -1,
      64, 687, 62, -1,
      66, 62, 544, -1,
      544, 62, 687, -1,
      545, 686, 267, -1,
      267, 686, 269, -1,
      544, 687, 545, -1,
      545, 687, 686, -1,
      263, 265, 688, -1,
      688, 265, 689, -1,
      261, 263, 550, -1,
      550, 263, 688, -1,
      552, 689, 260, -1,
      260, 689, 265, -1,
      550, 688, 552, -1,
      552, 688, 689, -1,
    ]
  }
}

Shape {
  appearance Appearance {
    material Material {
      diffuseColor 0.0000 0.0000 0.0000
      specularColor 0.0000 0.0000 0.0000
      ambientIntensity 0.2
      transparency 0.0000
      shininess 0.5
    }
  }
  geometry IndexedFaceSet {
    ccw TRUE
    solid FALSE
    coord DEF co Coordinate {
      point [
        1.968504 0.179908 3.043965,
        1.968504 0.179908 3.030272,
        1.968504 0.177176 3.136561,
        1.968504 0.177176 3.150377,
        1.968504 0.163253 3.150377,
        1.968504 0.130817 3.084369,
        1.968504 0.130817 3.043965,
        1.968504 0.163253 3.084369,
        1.968504 0.163253 3.043965,
        1.968504 0.173768 3.084369,
        1.968504 0.173768 3.098123,
        1.968504 0.130817 3.136561,
        1.968504 0.130817 3.098123,
        1.968504 0.163253 3.136561,
        1.968504 0.163253 3.098123,
        1.968504 0.163253 3.030272,
        1.968504 0.115312 3.150377,
        1.968504 0.115312 3.030272,
        1.968504 0.091273 3.147491,
        1.968504 0.078700 3.151139,
        1.968504 0.075588 3.151390,
        1.968504 0.091273 3.131280,
        1.968504 0.026427 3.036610,
        1.968504 0.016761 3.044641,
        1.968504 0.089224 3.034225,
        1.968504 0.076329 3.029996,
        1.968504 0.077753 3.136638,
        1.968504 0.062966 3.138403,
        1.968504 0.017620 3.088974,
        1.968504 0.023554 3.062844,
        1.968504 0.029409 3.054711,
        1.968504 0.031758 3.052387,
        1.968504 0.039602 3.046836,
        1.968504 0.065917 3.042274,
        1.968504 0.079494 3.044811,
        1.968504 0.091273 3.050106,
        1.968504 0.091273 3.035246,
        1.968504 0.058023 3.028246,
        1.968504 0.050781 3.028588,
        1.968504 0.037763 3.031267,
        1.968504 0.048156 3.043525,
        1.968504 0.060265 3.042062,
        1.968504 0.030239 3.125078,
        1.968504 0.023696 3.115983,
        1.968504 0.038421 3.131833,
        1.968504 0.047866 3.136205,
        1.968504 0.058316 3.138217,
        1.968504 0.019646 3.105651,
        1.968504 0.089935 3.132002,
        1.968504 0.017750 3.084549,
        1.968504 0.019672 3.072529,
        1.968504 0.063007 3.152403,
        1.968504 0.062813 3.152403,
        1.968504 0.054539 3.151390,
        1.968504 0.009984 3.123339,
        1.968504 0.018695 3.134719,
        1.968504 0.021569 3.137468,
        1.968504 0.032799 3.145368,
        1.968504 0.045331 3.150262,
        1.968504 0.008685 3.055823,
        1.968504 0.006721 3.060811,
        1.968504 0.004281 3.109996,
        1.968504 0.006721 3.115704,
        1.968504 0.003766 3.068316,
        1.968504 0.001348 3.088053,
        1.968504 0.001559 3.094315,
        1.968504 0.300023 3.084240,
        1.968504 0.297119 3.070173,
        1.968504 0.291210 3.057748,
        1.968504 0.282267 3.047097,
        1.968504 0.257614 3.147469,
        1.968504 0.269688 3.143059,
        1.968504 0.293880 3.119968,
        1.968504 0.298346 3.108537,
        1.968504 0.300381 3.091859,
        1.968504 0.282267 3.134473,
        1.968504 0.286424 3.130415,
        1.968504 0.269852 3.038172,
        1.968504 0.257614 3.033358,
        1.968504 0.256191 3.032798,
        1.968504 0.235631 3.030272,
        1.968504 0.202597 3.030272,
        1.968504 0.202597 3.150377,
        1.968504 0.236859 3.150377,
        1.968504 0.255192 3.148353,
        1.968504 -0.051397 3.150377,
        1.968504 -0.051397 3.043965,
        1.968504 -0.003564 3.043965,
        1.968504 -0.066901 3.030272,
        1.968504 -0.066901 3.150377,
        1.968504 -0.003564 3.030272,
        1.970118 -0.003564 3.043965,
        1.970118 -0.003564 3.030272,
        1.970118 -0.051397 3.043965,
        1.970118 -0.051397 3.150377,
        1.970118 -0.066901 3.150377,
        1.970118 -0.066901 3.030272,
        1.970118 0.058023 3.028246,
        1.970118 0.076329 3.029996,
        1.970118 0.089224 3.034225,
        1.970118 0.091273 3.035246,
        1.970118 0.091273 3.050106,
        1.970118 0.079494 3.044811,
        1.970118 0.065917 3.042274,
        1.970118 0.060265 3.042062,
        1.970118 0.048156 3.043525,
        1.970118 0.039602 3.046836,
        1.970118 0.031758 3.052387,
        1.970118 0.029409 3.054711,
        1.970118 0.023554 3.062844,
        1.970118 0.019672 3.072529,
        1.970118 0.017750 3.084549,
        1.970118 0.017620 3.088974,
        1.970118 0.019646 3.105651,
        1.970118 0.023696 3.115983,
        1.970118 0.030239 3.125078,
        1.970118 0.038421 3.131833,
        1.970118 0.047866 3.136205,
        1.970118 0.058316 3.138217,
        1.970118 0.062966 3.138403,
        1.970118 0.077753 3.136638,
        1.970118 0.089935 3.132002,
        1.970118 0.091273 3.131280,
        1.970118 0.091273 3.147491,
        1.970118 0.062813 3.152403,
        1.970118 0.063007 3.152403,
        1.970118 0.078700 3.151139,
        1.970118 0.045331 3.150262,
        1.970118 0.032799 3.145368,
        1.970118 0.021569 3.137468,
        1.970118 0.018695 3.134719,
        1.970118 0.009984 3.123339,
        1.970118 0.004281 3.109996,
        1.970118 0.001559 3.094315,
        1.970118 0.001348 3.088053,
        1.970118 0.016761 3.044641,
        1.970118 0.008685 3.055823,
        1.970118 0.003766 3.068316,
        1.970118 0.026427 3.036610,
        1.970118 0.037763 3.031267,
        1.970118 0.050781 3.028588,
        1.970118 0.179908 3.043965,
        1.970118 0.179908 3.030272,
        1.970118 0.130817 3.043965,
        1.970118 0.130817 3.084369,
        1.970118 0.173768 3.084369,
        1.970118 0.173768 3.098123,
        1.970118 0.130817 3.098123,
        1.970118 0.130817 3.136561,
        1.970118 0.177176 3.136561,
        1.970118 0.177176 3.150377,
        1.970118 0.115312 3.150377,
        1.970118 0.115312 3.030272,
        1.970118 0.282267 3.047097,
        1.970118 0.269037 3.054487,
        1.970118 0.269852 3.038172,
        1.970118 0.261083 3.049277,
        1.970118 0.256191 3.032798,
        1.970118 0.250814 3.045612,
        1.970118 0.235631 3.030272,
        1.970118 0.235539 3.043965,
        1.970118 0.202597 3.030272,
        1.970118 0.218101 3.043965,
        1.970118 0.202597 3.150377,
        1.970118 0.218101 3.136561,
        1.970118 0.236859 3.150377,
        1.970118 0.236246 3.136561,
        1.970118 0.255192 3.148353,
        1.970118 0.251699 3.134857,
        1.970118 0.269688 3.143059,
        1.970118 0.262119 3.131101,
        1.970118 0.282267 3.134473,
        1.970118 0.270907 3.125263,
        1.970118 0.286424 3.130415,
        1.970118 0.274156 3.122076,
        1.970118 0.293880 3.119968,
        1.970118 0.278835 3.115374,
        1.970118 0.298346 3.108537,
        1.970118 0.282246 3.106655,
        1.970118 0.300381 3.091859,
        1.970118 0.284079 3.091430,
        1.970118 0.300023 3.084240,
        1.970118 0.283684 3.083845,
        1.970118 0.297119 3.070173,
        1.970118 0.281357 3.072837,
        1.970118 0.291210 3.057748,
        1.970118 0.277226 3.063915,
        1.970118 0.271245 3.056491,
        1.968504 0.236246 3.136561,
        1.968504 0.218101 3.136561,
        1.968504 0.218101 3.043965,
        1.968504 0.235539 3.043965,
        1.968504 0.271245 3.056491,
        1.968504 0.269037 3.054487,
        1.968504 0.261083 3.049277,
        1.968504 0.250814 3.045612,
        1.968504 0.284079 3.091430,
        1.968504 0.283684 3.083845,
        1.968504 0.281357 3.072837,
        1.968504 0.277226 3.063915,
        1.968504 0.270907 3.125263,
        1.968504 0.274156 3.122076,
        1.968504 0.278835 3.115374,
        1.968504 0.282246 3.106655,
        1.968504 0.251699 3.134857,
        1.968504 0.262119 3.131101,
      ]
    }
    coordIndex [
      91, 92, 87, -1,
      87, 92, 90, -1,
      93, 91, 86, -1,
      86, 91, 87, -1,
      94, 93, 85, -1,
      85, 93, 86, -1,
      95, 94, 89, -1,
      89, 94, 85, -1,
      96, 95, 88, -1,
      88, 95, 89, -1,
      92, 96, 90, -1,
      90, 96, 88, -1,
      94, 95, 93, -1,
      93, 95, 96, -1,
      93, 96, 91, -1,
      91, 96, 92, -1,
      97, 37, 25, -1,
      97, 25, 98, -1,
      98, 25, 24, -1,
      98, 24, 99, -1,
      99, 24, 36, -1,
      99, 36, 100, -1,
      101, 100, 35, -1,
      35, 100, 36, -1,
      101, 35, 34, -1,
      101, 34, 102, -1,
      102, 34, 33, -1,
      102, 33, 103, -1,
      103, 33, 41, -1,
      103, 41, 104, -1,
      104, 41, 40, -1,
      104, 40, 105, -1,
      105, 40, 32, -1,
      105, 32, 106, -1,
      106, 32, 31, -1,
      106, 31, 107, -1,
      107, 31, 30, -1,
      107, 30, 108, -1,
      108, 30, 29, -1,
      108, 29, 109, -1,
      109, 29, 50, -1,
      109, 50, 110, -1,
      110, 50, 49, -1,
      110, 49, 111, -1,
      111, 49, 28, -1,
      111, 28, 112, -1,
      112, 28, 47, -1,
      112, 47, 113, -1,
      113, 47, 43, -1,
      113, 43, 114, -1,
      114, 43, 42, -1,
      114, 42, 115, -1,
      115, 42, 44, -1,
      115, 44, 116, -1,
      116, 44, 45, -1,
      116, 45, 117, -1,
      117, 45, 46, -1,
      117, 46, 118, -1,
      118, 46, 27, -1,
      118, 27, 119, -1,
      119, 27, 26, -1,
      119, 26, 120, -1,
      120, 26, 48, -1,
      120, 48, 121, -1,
      121, 48, 21, -1,
      121, 21, 122, -1,
      123, 122, 18, -1,
      18, 122, 21, -1,
      52, 124, 125, -1,
      123, 18, 19, -1,
      123, 19, 126, -1,
      126, 19, 20, -1,
      126, 20, 125, -1,
      125, 20, 51, -1,
      125, 51, 52, -1,
      124, 52, 53, -1,
      124, 53, 127, -1,
      53, 58, 127, -1,
      127, 58, 57, -1,
      127, 57, 128, -1,
      128, 57, 56, -1,
      128, 56, 129, -1,
      129, 56, 55, -1,
      129, 55, 130, -1,
      130, 55, 54, -1,
      130, 54, 131, -1,
      131, 54, 62, -1,
      131, 62, 132, -1,
      62, 61, 132, -1,
      132, 61, 65, -1,
      132, 65, 133, -1,
      133, 65, 64, -1,
      133, 64, 134, -1,
      23, 135, 136, -1,
      134, 64, 63, -1,
      134, 63, 137, -1,
      137, 63, 60, -1,
      137, 60, 136, -1,
      136, 60, 59, -1,
      136, 59, 23, -1,
      135, 23, 22, -1,
      135, 22, 138, -1,
      138, 22, 39, -1,
      138, 39, 139, -1,
      139, 39, 38, -1,
      139, 38, 140, -1,
      140, 38, 37, -1,
      140, 37, 97, -1,
      121, 122, 123, -1,
      116, 129, 115, -1,
      115, 129, 130, -1,
      115, 130, 114, -1,
      114, 130, 131, -1,
      114, 131, 113, -1,
      121, 123, 120, -1,
      120, 123, 126, -1,
      120, 126, 119, -1,
      119, 126, 125, -1,
      119, 125, 118, -1,
      118, 125, 124, -1,
      118, 124, 117, -1,
      117, 124, 127, -1,
      117, 127, 116, -1,
      116, 127, 128, -1,
      116, 128, 129, -1,
      134, 112, 133, -1,
      133, 112, 113, -1,
      133, 113, 132, -1,
      132, 113, 131, -1,
      100, 101, 99, -1,
      99, 101, 102, -1,
      99, 102, 98, -1,
      98, 102, 103, -1,
      98, 103, 97, -1,
      97, 103, 104, -1,
      97, 104, 140, -1,
      140, 104, 105, -1,
      140, 105, 139, -1,
      139, 105, 106, -1,
      139, 106, 138, -1,
      138, 106, 107, -1,
      138, 107, 135, -1,
      135, 107, 108, -1,
      135, 108, 136, -1,
      136, 108, 109, -1,
      136, 109, 137, -1,
      137, 109, 110, -1,
      137, 110, 134, -1,
      134, 110, 111, -1,
      134, 111, 112, -1,
      141, 142, 0, -1,
      0, 142, 1, -1,
      6, 143, 8, -1,
      8, 143, 141, -1,
      8, 141, 0, -1,
      144, 143, 5, -1,
      5, 143, 6, -1,
      9, 145, 7, -1,
      7, 145, 144, -1,
      7, 144, 5, -1,
      146, 145, 10, -1,
      10, 145, 9, -1,
      12, 147, 14, -1,
      14, 147, 146, -1,
      14, 146, 10, -1,
      148, 147, 11, -1,
      11, 147, 12, -1,
      2, 149, 13, -1,
      13, 149, 148, -1,
      13, 148, 11, -1,
      150, 149, 3, -1,
      3, 149, 2, -1,
      16, 151, 4, -1,
      4, 151, 150, -1,
      4, 150, 3, -1,
      152, 151, 17, -1,
      17, 151, 16, -1,
      1, 142, 15, -1,
      15, 142, 152, -1,
      15, 152, 17, -1,
      152, 142, 141, -1,
      141, 143, 152, -1,
      152, 143, 144, -1,
      152, 144, 151, -1,
      149, 150, 148, -1,
      148, 150, 151, -1,
      148, 151, 147, -1,
      147, 151, 144, -1,
      147, 144, 146, -1,
      146, 144, 145, -1,
      153, 154, 155, -1,
      155, 154, 156, -1,
      155, 156, 157, -1,
      157, 156, 158, -1,
      157, 158, 159, -1,
      159, 158, 160, -1,
      159, 160, 161, -1,
      161, 160, 162, -1,
      161, 162, 163, -1,
      163, 162, 164, -1,
      163, 164, 165, -1,
      165, 164, 166, -1,
      165, 166, 167, -1,
      167, 166, 168, -1,
      167, 168, 169, -1,
      169, 168, 170, -1,
      169, 170, 171, -1,
      171, 170, 172, -1,
      171, 172, 173, -1,
      173, 172, 174, -1,
      173, 174, 175, -1,
      175, 174, 176, -1,
      175, 176, 177, -1,
      177, 176, 178, -1,
      177, 178, 179, -1,
      179, 178, 180, -1,
      179, 180, 181, -1,
      181, 180, 182, -1,
      181, 182, 183, -1,
      183, 182, 184, -1,
      183, 184, 185, -1,
      185, 184, 186, -1,
      185, 186, 153, -1,
      153, 186, 187, -1,
      153, 187, 154, -1,
      159, 161, 80, -1,
      80, 161, 81, -1,
      69, 153, 155, -1,
      159, 80, 79, -1,
      159, 79, 157, -1,
      157, 79, 78, -1,
      157, 78, 155, -1,
      155, 78, 77, -1,
      155, 77, 69, -1,
      153, 69, 68, -1,
      153, 68, 185, -1,
      185, 68, 67, -1,
      185, 67, 183, -1,
      183, 67, 66, -1,
      183, 66, 181, -1,
      181, 66, 74, -1,
      181, 74, 179, -1,
      179, 74, 73, -1,
      179, 73, 177, -1,
      177, 73, 72, -1,
      177, 72, 175, -1,
      175, 72, 76, -1,
      175, 76, 173, -1,
      173, 76, 75, -1,
      173, 75, 171, -1,
      171, 75, 71, -1,
      70, 167, 71, -1,
      71, 167, 169, -1,
      71, 169, 171, -1,
      70, 84, 167, -1,
      167, 84, 83, -1,
      167, 83, 165, -1,
      163, 165, 82, -1,
      82, 165, 83, -1,
      161, 163, 81, -1,
      81, 163, 82, -1,
      166, 164, 188, -1,
      188, 164, 189, -1,
      164, 162, 189, -1,
      189, 162, 190, -1,
      162, 160, 190, -1,
      190, 160, 191, -1,
      187, 192, 193, -1,
      187, 193, 154, -1,
      154, 193, 194, -1,
      154, 194, 156, -1,
      156, 194, 195, -1,
      156, 195, 158, -1,
      158, 195, 191, -1,
      158, 191, 160, -1,
      180, 196, 197, -1,
      180, 197, 182, -1,
      182, 197, 198, -1,
      182, 198, 184, -1,
      184, 198, 199, -1,
      184, 199, 186, -1,
      186, 199, 192, -1,
      186, 192, 187, -1,
      172, 200, 201, -1,
      172, 201, 174, -1,
      174, 201, 202, -1,
      174, 202, 176, -1,
      176, 202, 203, -1,
      176, 203, 178, -1,
      178, 203, 196, -1,
      178, 196, 180, -1,
      166, 188, 204, -1,
      166, 204, 168, -1,
      168, 204, 205, -1,
      168, 205, 170, -1,
      170, 205, 200, -1,
      170, 200, 172, -1,
    ]
  }
}

Shape {
  appearance Appearance {
    material Material {
      diffuseColor 0.0588 0.4353 1.0000
      specularColor 0.0314 0.2157 0.5020
      ambientIntensity 0.2
      transparency 0.0000
      shininess 0.5
    }
  }
  geometry IndexedFaceSet {
    ccw TRUE
    solid FALSE
    coord DEF co Coordinate {
      point [
        1.968504 0.236246 3.136561,
        1.968504 0.218101 3.136561,
        1.968504 0.218101 3.043965,
        1.968504 0.235539 3.043965,
        1.968504 0.271245 3.056491,
        1.968504 0.269037 3.054487,
        1.968504 0.261083 3.049277,
        1.968504 0.250814 3.045612,
        1.968504 0.284079 3.091430,
        1.968504 0.283684 3.083845,
        1.968504 0.281357 3.072837,
        1.968504 0.277226 3.063915,
        1.968504 0.270907 3.125263,
        1.968504 0.274156 3.122076,
        1.968504 0.278835 3.115374,
        1.968504 0.282246 3.106655,
        1.968504 0.251699 3.134857,
        1.968504 0.262119 3.131101,
      ]
    }
    coordIndex [
      1, 2, 0, -1,
      0, 2, 3, -1,
      0, 3, 7, -1,
      7, 6, 0, -1,
      0, 6, 5, -1,
      0, 5, 4, -1,
      4, 11, 0, -1,
      0, 11, 10, -1,
      0, 10, 9, -1,
      9, 8, 0, -1,
      0, 8, 15, -1,
      0, 15, 14, -1,
      14, 13, 0, -1,
      0, 13, 12, -1,
      0, 12, 16, -1,
      16, 12, 17, -1,
    ]
  }
}

Shape {
  appearance Appearance {
    material Material {
      diffuseColor 0.0000 0.0000 0.0000
      specularColor 0.0000 0.0000 0.0000
      ambientIntensity 0.2
      transparency 0.0000
      shininess 0.5
    }
  }
  geometry IndexedFaceSet {
    ccw TRUE
    solid FALSE
    coord DEF co Coordinate {
      point [
        1.968504 0.397981 3.030272,
        1.968504 0.385731 3.063123,
        1.968504 0.341659 3.063123,
        1.968504 0.369367 3.150377,
        1.968504 0.415113 3.030272,
        1.968504 0.352789 3.150377,
        1.968504 0.341659 3.121157,
        1.968504 0.324175 3.030272,
        1.968504 0.307043 3.030272,
        1.968504 0.335719 3.063123,
        1.970118 0.340631 3.076693,
        1.970118 0.335719 3.063123,
        1.970118 0.380942 3.076693,
        1.970118 0.385731 3.063123,
        1.970118 0.358591 3.126614,
        1.970118 0.352789 3.150377,
        1.970118 0.307043 3.030272,
        1.970118 0.324175 3.030272,
        1.970118 0.359631 3.130198,
        1.970118 0.360556 3.135026,
        1.970118 0.369367 3.150377,
        1.970118 0.360924 3.135026,
        1.970118 0.361895 3.129945,
        1.970118 0.362797 3.126614,
        1.970118 0.415113 3.030272,
        1.970118 0.397981 3.030272,
        1.968504 0.340631 3.076693,
        1.968504 0.380942 3.076693,
        1.968504 0.362797 3.126614,
        1.968504 0.360924 3.135026,
        1.968504 0.361895 3.129945,
        1.968504 0.360556 3.135026,
        1.968504 0.358591 3.126614,
        1.968504 0.359631 3.130198,
      ]
    }
    coordIndex [
      10, 11, 12, -1,
      12, 11, 13, -1,
      14, 15, 10, -1,
      10, 15, 16, -1,
      10, 16, 11, -1,
      11, 16, 17, -1,
      14, 18, 15, -1,
      15, 18, 19, -1,
      15, 19, 20, -1,
      20, 19, 21, -1,
      20, 21, 22, -1,
      22, 23, 20, -1,
      20, 23, 12, -1,
      20, 12, 24, -1,
      24, 12, 13, -1,
      24, 13, 25, -1,
      20, 24, 3, -1,
      3, 24, 4, -1,
      15, 20, 5, -1,
      5, 20, 3, -1,
      8, 16, 6, -1,
      6, 16, 15, -1,
      6, 15, 5, -1,
      17, 16, 7, -1,
      7, 16, 8, -1,
      11, 17, 9, -1,
      9, 17, 7, -1,
      1, 13, 2, -1,
      2, 13, 11, -1,
      2, 11, 9, -1,
      25, 13, 0, -1,
      0, 13, 1, -1,
      24, 25, 4, -1,
      4, 25, 0, -1,
      10, 12, 26, -1,
      26, 12, 27, -1,
      12, 23, 27, -1,
      27, 23, 28, -1,
      21, 29, 30, -1,
      21, 30, 22, -1,
      22, 30, 28, -1,
      22, 28, 23, -1,
      21, 19, 29, -1,
      29, 19, 31, -1,
      14, 32, 33, -1,
      14, 33, 18, -1,
      18, 33, 31, -1,
      18, 31, 19, -1,
      14, 10, 32, -1,
      32, 10, 26, -1,
    ]
  }
}

Shape {
  appearance Appearance {
    material Material {
      diffuseColor 0.0588 0.4353 1.0000
      specularColor 0.0314 0.2157 0.5020
      ambientIntensity 0.2
      transparency 0.0000
      shininess 0.5
    }
  }
  geometry IndexedFaceSet {
    ccw TRUE
    solid FALSE
    coord DEF co Coordinate {
      point [
        1.968504 0.340631 3.076693,
        1.968504 0.380942 3.076693,
        1.968504 0.362797 3.126614,
        1.968504 0.360924 3.135026,
        1.968504 0.361895 3.129945,
        1.968504 0.360556 3.135026,
        1.968504 0.358591 3.126614,
        1.968504 0.359631 3.130198,
      ]
    }
    coordIndex [
      3, 5, 4, -1,
      4, 5, 7, -1,
      4, 7, 2, -1,
      2, 7, 6, -1,
      2, 6, 1, -1,
      1, 6, 0, -1,
    ]
  }
}

Shape {
  appearance Appearance {
    material Material {
      diffuseColor 0.0000 0.0000 0.0000
      specularColor 0.0000 0.0000 0.0000
      ambientIntensity 0.2
      transparency 0.0000
      shininess 0.5
    }
  }
  geometry IndexedFaceSet {
    ccw TRUE
    solid FALSE
    coord DEF co Coordinate {
      point [
        1.968504 0.015142 2.876287,
        1.968504 0.018142 2.880600,
        1.968504 0.020475 2.904887,
        1.968504 0.052954 2.840676,
        1.968504 0.047410 2.838726,
        1.968504 0.065975 2.839739,
        1.968504 0.058432 2.844277,
        1.968504 0.053761 2.914715,
        1.968504 0.048598 2.915265,
        1.968504 0.040554 2.890704,
        1.968504 0.024453 2.840972,
        1.968504 0.030204 2.838781,
        1.968504 0.030676 2.838726,
        1.968504 0.014753 2.850599,
        1.968504 0.012894 2.855637,
        1.968504 0.012094 2.862704,
        1.968504 0.022743 2.884600,
        1.968504 0.029137 2.887885,
        1.968504 0.030893 2.911429,
        1.968504 0.040317 2.914472,
        1.968504 0.019462 2.844467,
        1.968504 0.017909 2.846027,
        1.968504 0.065975 2.853002,
        1.968504 0.065576 2.853002,
        1.968504 0.063191 2.849379,
        1.968504 0.012134 2.864474,
        1.968504 0.013085 2.870977,
        1.968504 0.020475 2.919502,
        1.968504 0.023502 2.921258,
        1.968504 0.034674 2.925611,
        1.968504 0.065975 2.894265,
        1.968504 0.065468 2.900823,
        1.968504 0.063920 2.906218,
        1.968504 0.062160 2.909329,
        1.968504 0.074341 2.918148,
        1.968504 0.077434 2.913322,
        1.968504 0.079809 2.906540,
        1.968504 0.050010 2.927484,
        1.968504 0.058909 2.926698,
        1.968504 0.065291 2.924793,
        1.968504 0.059893 2.911758,
        1.968504 0.057233 2.913488,
        1.968504 0.070311 2.921959,
        1.968504 0.081019 2.894940,
        1.968504 0.039295 2.837713,
        1.968504 0.046813 2.838516,
        1.968504 0.081019 2.839739,
        1.968504 -0.002305 2.853431,
        1.968504 -0.002305 2.839739,
        1.968504 -0.066901 2.839739,
        1.968504 -0.005037 2.946028,
        1.968504 -0.066901 2.959843,
        1.968504 -0.005037 2.959843,
        1.968504 -0.051397 2.893835,
        1.968504 -0.051397 2.853431,
        1.968504 -0.008445 2.893835,
        1.968504 -0.008445 2.907589,
        1.968504 -0.051397 2.907589,
        1.968504 -0.051397 2.946028,
        1.970118 -0.002305 2.853431,
        1.970118 -0.002305 2.839739,
        1.970118 -0.051397 2.853431,
        1.970118 -0.051397 2.893835,
        1.970118 -0.008445 2.893835,
        1.970118 -0.008445 2.907589,
        1.970118 -0.051397 2.907589,
        1.970118 -0.051397 2.946028,
        1.970118 -0.005037 2.946028,
        1.970118 -0.005037 2.959843,
        1.970118 -0.066901 2.959843,
        1.970118 -0.066901 2.839739,
        1.970118 0.081019 2.894940,
        1.970118 0.065975 2.882782,
        1.970118 0.065975 2.874554,
        1.970118 0.065576 2.853002,
        1.970118 0.065975 2.853002,
        1.970118 0.065148 2.867441,
        1.970118 0.065975 2.839739,
        1.970118 0.081019 2.839739,
        1.970118 0.027480 2.866319,
        1.970118 0.028223 2.869765,
        1.970118 0.015142 2.876287,
        1.970118 0.063072 2.861998,
        1.970118 0.059528 2.857054,
        1.970118 0.063191 2.849379,
        1.970118 0.057659 2.855227,
        1.970118 0.058432 2.844277,
        1.970118 0.053412 2.852353,
        1.970118 0.052954 2.840676,
        1.970118 0.048852 2.850691,
        1.970118 0.046813 2.838516,
        1.970118 0.043194 2.850055,
        1.970118 0.039295 2.837713,
        1.970118 0.038113 2.850627,
        1.970118 0.030204 2.838781,
        1.970118 0.034710 2.851876,
        1.970118 0.024453 2.840972,
        1.970118 0.031712 2.853923,
        1.970118 0.019462 2.844467,
        1.970118 0.030433 2.855209,
        1.970118 0.018142 2.880600,
        1.970118 0.029543 2.872570,
        1.970118 0.022743 2.884600,
        1.970118 0.031344 2.874800,
        1.970118 0.029137 2.887885,
        1.970118 0.033247 2.876270,
        1.970118 0.036773 2.877961,
        1.970118 0.040554 2.890704,
        1.970118 0.045896 2.880081,
        1.970118 0.065975 2.894265,
        1.970118 0.013085 2.870977,
        1.970118 0.012134 2.864474,
        1.970118 0.027352 2.863931,
        1.970118 0.012094 2.862704,
        1.970118 0.027735 2.860478,
        1.970118 0.012894 2.855637,
        1.970118 0.028723 2.857745,
        1.970118 0.014753 2.850599,
        1.970118 0.017909 2.846027,
        1.970118 0.020475 2.919502,
        1.970118 0.020475 2.904887,
        1.970118 0.023502 2.921258,
        1.970118 0.030893 2.911429,
        1.970118 0.034674 2.925611,
        1.970118 0.040317 2.914472,
        1.970118 0.050010 2.927484,
        1.970118 0.048598 2.915265,
        1.970118 0.058909 2.926698,
        1.970118 0.053761 2.914715,
        1.970118 0.065291 2.924793,
        1.970118 0.057233 2.913488,
        1.970118 0.070311 2.921959,
        1.970118 0.059893 2.911758,
        1.970118 0.074341 2.918148,
        1.970118 0.062160 2.909329,
        1.970118 0.077434 2.913322,
        1.970118 0.063920 2.906218,
        1.970118 0.079809 2.906540,
        1.970118 0.065468 2.900823,
        1.968504 0.031344 2.874800,
        1.968504 0.033247 2.876270,
        1.968504 0.036773 2.877961,
        1.968504 0.045896 2.880081,
        1.968504 0.027352 2.863931,
        1.968504 0.027480 2.866319,
        1.968504 0.028223 2.869765,
        1.968504 0.029543 2.872570,
        1.968504 0.031712 2.853923,
        1.968504 0.030433 2.855209,
        1.968504 0.028723 2.857745,
        1.968504 0.027735 2.860478,
        1.968504 0.043194 2.850055,
        1.968504 0.038113 2.850627,
        1.968504 0.034710 2.851876,
        1.968504 0.059528 2.857054,
        1.968504 0.057659 2.855227,
        1.968504 0.053412 2.852353,
        1.968504 0.048852 2.850691,
        1.968504 0.065975 2.874554,
        1.968504 0.065148 2.867441,
        1.968504 0.063072 2.861998,
        1.968504 0.065975 2.882782,
      ]
    }
    coordIndex [
      59, 60, 47, -1,
      47, 60, 48, -1,
      61, 59, 54, -1,
      54, 59, 47, -1,
      62, 61, 53, -1,
      53, 61, 54, -1,
      63, 62, 55, -1,
      55, 62, 53, -1,
      64, 63, 56, -1,
      56, 63, 55, -1,
      65, 64, 57, -1,
      57, 64, 56, -1,
      66, 65, 58, -1,
      58, 65, 57, -1,
      67, 66, 50, -1,
      50, 66, 58, -1,
      68, 67, 52, -1,
      52, 67, 50, -1,
      69, 68, 51, -1,
      51, 68, 52, -1,
      70, 69, 49, -1,
      49, 69, 51, -1,
      60, 70, 48, -1,
      48, 70, 49, -1,
      67, 68, 66, -1,
      66, 68, 69, -1,
      66, 69, 65, -1,
      60, 59, 70, -1,
      70, 59, 61, -1,
      70, 61, 62, -1,
      63, 64, 62, -1,
      62, 64, 65, -1,
      62, 65, 70, -1,
      70, 65, 69, -1,
      71, 72, 73, -1,
      74, 75, 76, -1,
      77, 78, 75, -1,
      75, 78, 71, -1,
      75, 71, 76, -1,
      76, 71, 73, -1,
      79, 80, 81, -1,
      76, 82, 74, -1,
      74, 82, 83, -1,
      74, 83, 84, -1,
      84, 83, 85, -1,
      84, 85, 86, -1,
      86, 85, 87, -1,
      86, 87, 88, -1,
      88, 87, 89, -1,
      88, 89, 90, -1,
      90, 89, 91, -1,
      90, 91, 92, -1,
      92, 91, 93, -1,
      92, 93, 94, -1,
      94, 93, 95, -1,
      94, 95, 96, -1,
      96, 95, 97, -1,
      96, 97, 98, -1,
      98, 97, 99, -1,
      81, 80, 100, -1,
      100, 80, 101, -1,
      100, 101, 102, -1,
      102, 101, 103, -1,
      102, 103, 104, -1,
      103, 105, 104, -1,
      104, 105, 106, -1,
      104, 106, 107, -1,
      107, 106, 108, -1,
      107, 108, 109, -1,
      81, 110, 79, -1,
      79, 110, 111, -1,
      79, 111, 112, -1,
      112, 111, 113, -1,
      112, 113, 114, -1,
      114, 113, 115, -1,
      114, 115, 116, -1,
      116, 115, 117, -1,
      116, 117, 99, -1,
      99, 117, 118, -1,
      99, 118, 98, -1,
      119, 120, 121, -1,
      121, 120, 122, -1,
      121, 122, 123, -1,
      123, 122, 124, -1,
      123, 124, 125, -1,
      125, 124, 126, -1,
      125, 126, 127, -1,
      127, 126, 128, -1,
      127, 128, 129, -1,
      129, 128, 130, -1,
      129, 130, 131, -1,
      131, 130, 132, -1,
      131, 132, 133, -1,
      133, 132, 134, -1,
      133, 134, 135, -1,
      135, 134, 136, -1,
      135, 136, 137, -1,
      137, 136, 138, -1,
      137, 138, 71, -1,
      71, 138, 109, -1,
      71, 109, 72, -1,
      72, 109, 108, -1,
      125, 37, 29, -1,
      125, 29, 123, -1,
      123, 29, 28, -1,
      123, 28, 121, -1,
      121, 28, 27, -1,
      121, 27, 119, -1,
      120, 119, 2, -1,
      2, 119, 27, -1,
      120, 2, 18, -1,
      120, 18, 122, -1,
      122, 18, 19, -1,
      122, 19, 124, -1,
      124, 19, 8, -1,
      124, 8, 126, -1,
      126, 8, 7, -1,
      126, 7, 128, -1,
      128, 7, 41, -1,
      128, 41, 130, -1,
      130, 41, 40, -1,
      130, 40, 132, -1,
      132, 40, 33, -1,
      132, 33, 134, -1,
      134, 33, 32, -1,
      134, 32, 136, -1,
      136, 32, 31, -1,
      136, 31, 138, -1,
      138, 31, 30, -1,
      138, 30, 109, -1,
      107, 109, 9, -1,
      9, 109, 30, -1,
      107, 9, 17, -1,
      107, 17, 104, -1,
      104, 17, 16, -1,
      104, 16, 102, -1,
      102, 16, 1, -1,
      102, 1, 100, -1,
      100, 1, 0, -1,
      100, 0, 81, -1,
      81, 0, 26, -1,
      81, 26, 110, -1,
      110, 26, 25, -1,
      110, 25, 111, -1,
      111, 25, 15, -1,
      111, 15, 113, -1,
      113, 15, 14, -1,
      113, 14, 115, -1,
      115, 14, 13, -1,
      115, 13, 117, -1,
      117, 13, 21, -1,
      117, 21, 118, -1,
      118, 21, 20, -1,
      118, 20, 98, -1,
      44, 92, 12, -1,
      12, 92, 94, -1,
      12, 94, 11, -1,
      11, 94, 96, -1,
      11, 96, 10, -1,
      10, 96, 98, -1,
      10, 98, 20, -1,
      92, 44, 45, -1,
      92, 45, 90, -1,
      90, 45, 4, -1,
      90, 4, 88, -1,
      4, 3, 88, -1,
      88, 3, 6, -1,
      88, 6, 86, -1,
      86, 6, 24, -1,
      86, 24, 84, -1,
      84, 24, 23, -1,
      84, 23, 74, -1,
      75, 74, 22, -1,
      22, 74, 23, -1,
      77, 75, 5, -1,
      5, 75, 22, -1,
      78, 77, 46, -1,
      46, 77, 5, -1,
      71, 78, 43, -1,
      43, 78, 46, -1,
      71, 43, 36, -1,
      71, 36, 137, -1,
      137, 36, 35, -1,
      137, 35, 135, -1,
      135, 35, 34, -1,
      135, 34, 133, -1,
      133, 34, 42, -1,
      133, 42, 131, -1,
      131, 42, 39, -1,
      131, 39, 129, -1,
      129, 39, 38, -1,
      129, 38, 127, -1,
      127, 38, 37, -1,
      127, 37, 125, -1,
      103, 139, 140, -1,
      103, 140, 105, -1,
      105, 140, 141, -1,
      105, 141, 106, -1,
      106, 141, 142, -1,
      106, 142, 108, -1,
      112, 143, 144, -1,
      112, 144, 79, -1,
      79, 144, 145, -1,
      79, 145, 80, -1,
      80, 145, 146, -1,
      80, 146, 101, -1,
      101, 146, 139, -1,
      101, 139, 103, -1,
      97, 147, 148, -1,
      97, 148, 99, -1,
      99, 148, 149, -1,
      99, 149, 116, -1,
      116, 149, 150, -1,
      116, 150, 114, -1,
      114, 150, 143, -1,
      114, 143, 112, -1,
      91, 151, 152, -1,
      91, 152, 93, -1,
      93, 152, 153, -1,
      93, 153, 95, -1,
      95, 153, 147, -1,
      95, 147, 97, -1,
      83, 154, 155, -1,
      83, 155, 85, -1,
      85, 155, 156, -1,
      85, 156, 87, -1,
      87, 156, 157, -1,
      87, 157, 89, -1,
      89, 157, 151, -1,
      89, 151, 91, -1,
      73, 158, 159, -1,
      73, 159, 76, -1,
      76, 159, 160, -1,
      76, 160, 82, -1,
      82, 160, 154, -1,
      82, 154, 83, -1,
      73, 72, 158, -1,
      158, 72, 161, -1,
      72, 108, 161, -1,
      161, 108, 142, -1,
    ]
  }
}

Shape {
  appearance Appearance {
    material Material {
      diffuseColor 0.0588 0.4353 1.0000
      specularColor 0.0314 0.2157 0.5020
      ambientIntensity 0.2
      transparency 0.0000
      shininess 0.5
    }
  }
  geometry IndexedFaceSet {
    ccw TRUE
    solid FALSE
    coord DEF co Coordinate {
      point [
        1.968504 0.031344 2.874800,
        1.968504 0.033247 2.876270,
        1.968504 0.036773 2.877961,
        1.968504 0.045896 2.880081,
        1.968504 0.027352 2.863931,
        1.968504 0.027480 2.866319,
        1.968504 0.028223 2.869765,
        1.968504 0.029543 2.872570,
        1.968504 0.031712 2.853923,
        1.968504 0.030433 2.855209,
        1.968504 0.028723 2.857745,
        1.968504 0.027735 2.860478,
        1.968504 0.043194 2.850055,
        1.968504 0.038113 2.850627,
        1.968504 0.034710 2.851876,
        1.968504 0.059528 2.857054,
        1.968504 0.057659 2.855227,
        1.968504 0.053412 2.852353,
        1.968504 0.048852 2.850691,
        1.968504 0.065975 2.874554,
        1.968504 0.065148 2.867441,
        1.968504 0.063072 2.861998,
        1.968504 0.065975 2.882782,
      ]
    }
    coordIndex [
      19, 22, 3, -1,
      16, 15, 3, -1,
      2, 1, 18, -1,
      2, 18, 3, -1,
      3, 18, 17, -1,
      3, 17, 16, -1,
      15, 21, 3, -1,
      3, 21, 20, -1,
      3, 20, 19, -1,
      1, 0, 18, -1,
      18, 0, 7, -1,
      18, 7, 6, -1,
      6, 5, 18, -1,
      18, 5, 4, -1,
      18, 4, 11, -1,
      14, 13, 8, -1,
      8, 13, 12, -1,
      8, 12, 18, -1,
      11, 10, 18, -1,
      18, 10, 9, -1,
      18, 9, 8, -1,
    ]
  }
}

Shape {
  appearance Appearance {
    material Material {
      diffuseColor 0.0000 0.0000 0.0000
      specularColor 0.0000 0.0000 0.0000
      ambientIntensity 0.2
      transparency 0.0000
      shininess 0.5
    }
  }
  geometry IndexedFaceSet {
    ccw TRUE
    solid FALSE
    coord DEF co Coordinate {
      point [
        1.968504 0.265719 2.959843,
        1.968504 0.303712 2.959843,
        1.968504 0.138350 2.839349,
        1.968504 0.133140 2.838726,
        1.968504 0.353004 2.959843,
        1.968504 0.353004 2.839739,
        1.968504 0.386038 2.839739,
        1.968504 0.441617 2.867214,
        1.968504 0.432674 2.856563,
        1.968504 0.420258 2.847639,
        1.968504 0.406597 2.842265,
        1.968504 0.432674 2.943940,
        1.968504 0.436831 2.939882,
        1.968504 0.444286 2.929434,
        1.968504 0.448753 2.918003,
        1.968504 0.387267 2.959843,
        1.968504 0.405598 2.957819,
        1.968504 0.420094 2.952526,
        1.968504 0.450788 2.901326,
        1.968504 0.450430 2.893706,
        1.968504 0.447526 2.879640,
        1.968504 0.108225 2.886226,
        1.968504 0.101405 2.858282,
        1.968504 0.108358 2.886138,
        1.968504 0.106814 2.854894,
        1.968504 0.108358 2.854291,
        1.968504 0.103648 2.912131,
        1.968504 0.101985 2.907273,
        1.968504 0.106307 2.916223,
        1.968504 0.105764 2.888800,
        1.968504 0.104057 2.891446,
        1.968504 0.102291 2.895941,
        1.968504 0.101497 2.902370,
        1.968504 0.101405 2.842748,
        1.968504 0.108358 2.840302,
        1.968504 0.111947 2.839040,
        1.968504 0.114960 2.838726,
        1.968504 0.124676 2.837713,
        1.968504 0.155224 2.923677,
        1.968504 0.155224 2.909063,
        1.968504 0.157048 2.852783,
        1.968504 0.154387 2.848770,
        1.968504 0.158756 2.857586,
        1.968504 0.108358 2.918111,
        1.968504 0.111137 2.920668,
        1.968504 0.114792 2.922917,
        1.968504 0.149667 2.844528,
        1.968504 0.146241 2.842415,
        1.968504 0.122843 2.926034,
        1.968504 0.134900 2.927484,
        1.968504 0.145454 2.926547,
        1.968504 0.154303 2.877256,
        1.968504 0.157098 2.873139,
        1.968504 0.158709 2.868709,
        1.968504 0.159338 2.863072,
        1.968504 0.133426 2.915265,
        1.968504 0.128973 2.914931,
        1.968504 0.117001 2.903721,
        1.968504 0.124949 2.913865,
        1.968504 0.121576 2.912072,
        1.968504 0.117138 2.901720,
        1.968504 0.117735 2.899383,
        1.968504 0.118819 2.897353,
        1.968504 0.120286 2.895738,
        1.968504 0.125590 2.892423,
        1.968504 0.143939 2.913985,
        1.968504 0.134900 2.888370,
        1.968504 0.152450 2.910688,
        1.968504 0.140725 2.886013,
        1.968504 0.150716 2.880457,
        1.968504 0.119306 2.910066,
        1.968504 0.118016 2.908151,
        1.968504 0.117273 2.906120,
        1.968504 0.116223 2.851218,
        1.968504 0.124277 2.877440,
        1.968504 0.115310 2.881551,
        1.968504 0.126150 2.849993,
        1.968504 0.126815 2.849997,
        1.968504 0.134156 2.873303,
        1.968504 0.134526 2.850861,
        1.968504 0.143895 2.861598,
        1.968504 0.143748 2.863470,
        1.968504 0.138408 2.852282,
        1.968504 0.139780 2.853115,
        1.968504 0.141506 2.854647,
        1.968504 0.142819 2.856589,
        1.968504 0.143584 2.858728,
        1.968504 0.143065 2.865819,
        1.968504 0.141902 2.867813,
        1.968504 0.140027 2.869765,
        1.968504 0.233912 2.925519,
        1.968504 0.249509 2.925519,
        1.968504 0.206404 2.861046,
        1.968504 0.208246 2.853984,
        1.968504 0.208645 2.853984,
        1.968504 0.191252 2.904631,
        1.968504 0.210487 2.860923,
        1.968504 0.209336 2.856924,
        1.968504 0.191252 2.864251,
        1.968504 0.167167 2.925519,
        1.968504 0.183992 2.925519,
        1.968504 0.200816 2.839923,
        1.968504 0.200309 2.838726,
        1.968504 0.194215 2.824327,
        1.968504 0.170268 2.800563,
        1.968504 0.170268 2.813950,
        1.968504 0.173346 2.812941,
        1.968504 0.178803 2.812230,
        1.968504 0.181682 2.812482,
        1.968504 0.184993 2.813517,
        1.968504 0.187810 2.815239,
        1.968504 0.191252 2.802053,
        1.968504 0.186414 2.800125,
        1.968504 0.179970 2.799335,
        1.968504 0.176649 2.799455,
        1.968504 0.190820 2.818316,
        1.968504 0.191252 2.819081,
        1.968504 0.197496 2.806197,
        1.968504 0.192314 2.802476,
        1.968504 0.215288 2.838726,
        1.968504 0.210579 2.826783,
        1.968504 0.203685 2.813396,
        1.968504 0.327583 2.959843,
        1.968504 0.327583 2.946028,
        1.968504 0.330315 2.853431,
        1.968504 0.330315 2.839739,
        1.968504 0.281223 2.893835,
        1.968504 0.281223 2.853431,
        1.968504 0.303712 2.893835,
        1.968504 0.303712 2.853431,
        1.968504 0.324175 2.893835,
        1.968504 0.324175 2.907589,
        1.968504 0.303712 2.907589,
        1.968504 0.303712 2.946028,
        1.968504 0.281223 2.907589,
        1.968504 0.281223 2.946028,
        1.968504 0.303712 2.839739,
        1.968504 0.265719 2.839739,
        1.970118 0.126150 2.849993,
        1.970118 0.106814 2.854894,
        1.970118 0.116223 2.851218,
        1.970118 0.101405 2.858282,
        1.970118 0.101405 2.842748,
        1.970118 0.111947 2.839040,
        1.970118 0.124676 2.837713,
        1.970118 0.138350 2.839349,
        1.970118 0.146241 2.842415,
        1.970118 0.149667 2.844528,
        1.970118 0.154387 2.848770,
        1.970118 0.157048 2.852783,
        1.970118 0.158756 2.857586,
        1.970118 0.159338 2.863072,
        1.970118 0.158709 2.868709,
        1.970118 0.157098 2.873139,
        1.970118 0.154303 2.877256,
        1.970118 0.150716 2.880457,
        1.970118 0.140725 2.886013,
        1.970118 0.134900 2.888370,
        1.970118 0.125590 2.892423,
        1.970118 0.120286 2.895738,
        1.970118 0.118819 2.897353,
        1.970118 0.117735 2.899383,
        1.970118 0.117138 2.901720,
        1.970118 0.117001 2.903721,
        1.970118 0.117273 2.906120,
        1.970118 0.118016 2.908151,
        1.970118 0.119306 2.910066,
        1.970118 0.121576 2.912072,
        1.970118 0.124949 2.913865,
        1.970118 0.128973 2.914931,
        1.970118 0.133426 2.915265,
        1.970118 0.143939 2.913985,
        1.970118 0.152450 2.910688,
        1.970118 0.155224 2.909063,
        1.970118 0.155224 2.923677,
        1.970118 0.145454 2.926547,
        1.970118 0.134900 2.927484,
        1.970118 0.122843 2.926034,
        1.970118 0.114792 2.922917,
        1.970118 0.111137 2.920668,
        1.970118 0.106307 2.916223,
        1.970118 0.103648 2.912131,
        1.970118 0.101985 2.907273,
        1.970118 0.101497 2.902370,
        1.970118 0.102291 2.895941,
        1.970118 0.104057 2.891446,
        1.970118 0.105764 2.888800,
        1.970118 0.124277 2.877440,
        1.970118 0.115310 2.881551,
        1.970118 0.108225 2.886226,
        1.970118 0.134156 2.873303,
        1.970118 0.140027 2.869765,
        1.970118 0.141902 2.867813,
        1.970118 0.143065 2.865819,
        1.970118 0.143748 2.863470,
        1.970118 0.143895 2.861598,
        1.970118 0.143584 2.858728,
        1.970118 0.142819 2.856589,
        1.970118 0.141506 2.854647,
        1.970118 0.139780 2.853115,
        1.970118 0.138408 2.852282,
        1.970118 0.134526 2.850861,
        1.970118 0.126815 2.849997,
        1.970118 0.233912 2.925519,
        1.970118 0.249509 2.925519,
        1.970118 0.210487 2.860923,
        1.970118 0.209336 2.856924,
        1.970118 0.208645 2.853984,
        1.970118 0.208246 2.853984,
        1.970118 0.206404 2.861046,
        1.970118 0.183992 2.925519,
        1.970118 0.167167 2.925519,
        1.970118 0.200816 2.839923,
        1.970118 0.194215 2.824327,
        1.970118 0.190820 2.818316,
        1.970118 0.187810 2.815239,
        1.970118 0.184993 2.813517,
        1.970118 0.181682 2.812482,
        1.970118 0.178803 2.812230,
        1.970118 0.173346 2.812941,
        1.970118 0.170268 2.813950,
        1.970118 0.170268 2.800563,
        1.970118 0.176649 2.799455,
        1.970118 0.179970 2.799335,
        1.970118 0.192314 2.802476,
        1.970118 0.186414 2.800125,
        1.970118 0.197496 2.806197,
        1.970118 0.203685 2.813396,
        1.970118 0.210579 2.826783,
        1.970118 0.330315 2.853431,
        1.970118 0.330315 2.839739,
        1.970118 0.281223 2.853431,
        1.970118 0.281223 2.893835,
        1.970118 0.324175 2.893835,
        1.970118 0.324175 2.907589,
        1.970118 0.281223 2.907589,
        1.970118 0.281223 2.946028,
        1.970118 0.327583 2.946028,
        1.970118 0.327583 2.959843,
        1.970118 0.265719 2.959843,
        1.970118 0.265719 2.839739,
        1.970118 0.432674 2.856563,
        1.970118 0.419443 2.863954,
        1.970118 0.420258 2.847639,
        1.970118 0.411490 2.858744,
        1.970118 0.406597 2.842265,
        1.970118 0.401220 2.855078,
        1.970118 0.386038 2.839739,
        1.970118 0.385946 2.853431,
        1.970118 0.353004 2.839739,
        1.970118 0.368508 2.853431,
        1.970118 0.353004 2.959843,
        1.970118 0.368508 2.946028,
        1.970118 0.387267 2.959843,
        1.970118 0.386652 2.946028,
        1.970118 0.405598 2.957819,
        1.970118 0.402106 2.944323,
        1.970118 0.420094 2.952526,
        1.970118 0.412526 2.940567,
        1.970118 0.432674 2.943940,
        1.970118 0.421314 2.934729,
        1.970118 0.436831 2.939882,
        1.970118 0.424562 2.931543,
        1.970118 0.444286 2.929434,
        1.970118 0.429242 2.924840,
        1.970118 0.448753 2.918003,
        1.970118 0.432653 2.916121,
        1.970118 0.450788 2.901326,
        1.970118 0.434485 2.900896,
        1.970118 0.450430 2.893706,
        1.970118 0.434091 2.893311,
        1.970118 0.447526 2.879640,
        1.970118 0.431764 2.882303,
        1.970118 0.441617 2.867214,
        1.970118 0.427633 2.873381,
        1.970118 0.421652 2.865958,
        1.968504 0.386652 2.946028,
        1.968504 0.368508 2.946028,
        1.968504 0.368508 2.853431,
        1.968504 0.385946 2.853431,
        1.968504 0.421652 2.865958,
        1.968504 0.419443 2.863954,
        1.968504 0.411490 2.858744,
        1.968504 0.401220 2.855078,
        1.968504 0.434485 2.900896,
        1.968504 0.434091 2.893311,
        1.968504 0.431764 2.882303,
        1.968504 0.427633 2.873381,
        1.968504 0.421314 2.934729,
        1.968504 0.424562 2.931543,
        1.968504 0.429242 2.924840,
        1.968504 0.432653 2.916121,
        1.968504 0.402106 2.944323,
        1.968504 0.412526 2.940567,
      ]
    }
    coordIndex [
      138, 76, 73, -1,
      25, 139, 73, -1,
      73, 139, 140, -1,
      73, 140, 138, -1,
      25, 24, 139, -1,
      139, 24, 22, -1,
      139, 22, 141, -1,
      142, 141, 33, -1,
      33, 141, 22, -1,
      142, 33, 143, -1,
      143, 33, 34, -1,
      37, 144, 36, -1,
      36, 144, 143, -1,
      36, 143, 35, -1,
      35, 143, 34, -1,
      145, 144, 3, -1,
      3, 144, 37, -1,
      3, 2, 145, -1,
      145, 2, 47, -1,
      145, 47, 146, -1,
      146, 47, 46, -1,
      146, 46, 147, -1,
      147, 46, 41, -1,
      147, 41, 148, -1,
      148, 41, 40, -1,
      148, 40, 149, -1,
      149, 40, 42, -1,
      149, 42, 150, -1,
      150, 42, 54, -1,
      150, 54, 151, -1,
      151, 54, 53, -1,
      151, 53, 152, -1,
      152, 53, 52, -1,
      152, 52, 153, -1,
      153, 52, 51, -1,
      153, 51, 154, -1,
      154, 51, 69, -1,
      154, 69, 155, -1,
      155, 69, 68, -1,
      155, 68, 156, -1,
      156, 68, 66, -1,
      156, 66, 157, -1,
      157, 66, 64, -1,
      157, 64, 158, -1,
      158, 64, 63, -1,
      158, 63, 159, -1,
      159, 63, 62, -1,
      159, 62, 160, -1,
      160, 62, 61, -1,
      160, 61, 161, -1,
      161, 61, 60, -1,
      161, 60, 162, -1,
      162, 60, 57, -1,
      162, 57, 163, -1,
      163, 57, 72, -1,
      163, 72, 164, -1,
      164, 72, 71, -1,
      164, 71, 165, -1,
      165, 71, 70, -1,
      165, 70, 166, -1,
      166, 70, 59, -1,
      166, 59, 167, -1,
      167, 59, 58, -1,
      167, 58, 168, -1,
      168, 58, 56, -1,
      168, 56, 169, -1,
      169, 56, 55, -1,
      169, 55, 170, -1,
      170, 55, 65, -1,
      170, 65, 171, -1,
      171, 65, 67, -1,
      171, 67, 172, -1,
      172, 67, 39, -1,
      172, 39, 173, -1,
      174, 173, 38, -1,
      38, 173, 39, -1,
      174, 38, 50, -1,
      174, 50, 175, -1,
      175, 50, 49, -1,
      175, 49, 176, -1,
      176, 49, 48, -1,
      176, 48, 177, -1,
      177, 48, 45, -1,
      177, 45, 178, -1,
      178, 45, 44, -1,
      178, 44, 179, -1,
      179, 44, 180, -1,
      180, 44, 43, -1,
      43, 28, 180, -1,
      180, 28, 26, -1,
      180, 26, 181, -1,
      181, 26, 27, -1,
      181, 27, 182, -1,
      182, 27, 32, -1,
      182, 32, 183, -1,
      183, 32, 31, -1,
      183, 31, 184, -1,
      184, 31, 30, -1,
      184, 30, 185, -1,
      185, 30, 29, -1,
      185, 29, 186, -1,
      74, 187, 188, -1,
      186, 29, 21, -1,
      186, 21, 189, -1,
      189, 21, 23, -1,
      189, 23, 188, -1,
      188, 23, 75, -1,
      188, 75, 74, -1,
      187, 74, 78, -1,
      187, 78, 190, -1,
      190, 78, 89, -1,
      190, 89, 191, -1,
      191, 89, 88, -1,
      191, 88, 192, -1,
      192, 88, 87, -1,
      192, 87, 193, -1,
      193, 87, 81, -1,
      193, 81, 194, -1,
      194, 81, 80, -1,
      194, 80, 195, -1,
      195, 80, 86, -1,
      195, 86, 196, -1,
      196, 86, 85, -1,
      196, 85, 197, -1,
      197, 85, 84, -1,
      197, 84, 198, -1,
      198, 84, 83, -1,
      198, 83, 199, -1,
      199, 83, 82, -1,
      199, 82, 200, -1,
      200, 82, 79, -1,
      200, 79, 201, -1,
      201, 79, 77, -1,
      201, 77, 202, -1,
      202, 77, 76, -1,
      202, 76, 138, -1,
      165, 166, 179, -1,
      179, 166, 178, -1,
      178, 166, 167, -1,
      178, 167, 177, -1,
      197, 148, 149, -1,
      190, 157, 187, -1,
      187, 157, 158, -1,
      183, 184, 161, -1,
      161, 184, 185, -1,
      161, 185, 160, -1,
      160, 185, 186, -1,
      160, 186, 159, -1,
      159, 186, 189, -1,
      159, 189, 158, -1,
      158, 189, 188, -1,
      158, 188, 187, -1,
      197, 149, 196, -1,
      196, 149, 150, -1,
      196, 150, 195, -1,
      195, 150, 151, -1,
      195, 151, 194, -1,
      194, 151, 152, -1,
      194, 152, 193, -1,
      193, 152, 153, -1,
      193, 153, 192, -1,
      192, 153, 154, -1,
      192, 154, 191, -1,
      191, 154, 155, -1,
      191, 155, 190, -1,
      190, 155, 156, -1,
      190, 156, 157, -1,
      148, 197, 147, -1,
      147, 197, 198, -1,
      147, 198, 146, -1,
      144, 138, 143, -1,
      143, 138, 140, -1,
      143, 140, 142, -1,
      142, 140, 139, -1,
      142, 139, 141, -1,
      167, 168, 177, -1,
      177, 168, 169, -1,
      177, 169, 176, -1,
      176, 169, 170, -1,
      176, 170, 175, -1,
      175, 170, 171, -1,
      175, 171, 174, -1,
      174, 171, 172, -1,
      174, 172, 173, -1,
      198, 199, 146, -1,
      146, 199, 200, -1,
      146, 200, 145, -1,
      145, 200, 201, -1,
      145, 201, 144, -1,
      144, 201, 202, -1,
      144, 202, 138, -1,
      179, 180, 165, -1,
      165, 180, 181, -1,
      165, 181, 164, -1,
      164, 181, 182, -1,
      164, 182, 163, -1,
      163, 182, 183, -1,
      163, 183, 162, -1,
      162, 183, 161, -1,
      203, 204, 90, -1,
      90, 204, 91, -1,
      205, 203, 96, -1,
      96, 203, 90, -1,
      205, 96, 97, -1,
      205, 97, 206, -1,
      206, 97, 94, -1,
      206, 94, 207, -1,
      208, 207, 93, -1,
      93, 207, 94, -1,
      209, 208, 92, -1,
      92, 208, 93, -1,
      100, 210, 95, -1,
      95, 210, 209, -1,
      95, 209, 92, -1,
      211, 210, 99, -1,
      99, 210, 100, -1,
      101, 212, 98, -1,
      98, 212, 211, -1,
      98, 211, 99, -1,
      103, 213, 102, -1,
      102, 213, 212, -1,
      102, 212, 101, -1,
      103, 116, 213, -1,
      213, 116, 214, -1,
      116, 115, 214, -1,
      214, 115, 110, -1,
      214, 110, 215, -1,
      215, 110, 109, -1,
      215, 109, 216, -1,
      216, 109, 108, -1,
      216, 108, 217, -1,
      217, 108, 107, -1,
      217, 107, 218, -1,
      218, 107, 106, -1,
      218, 106, 219, -1,
      219, 106, 105, -1,
      219, 105, 220, -1,
      221, 220, 104, -1,
      104, 220, 105, -1,
      221, 104, 114, -1,
      221, 114, 222, -1,
      222, 114, 113, -1,
      222, 113, 223, -1,
      223, 113, 112, -1,
      111, 224, 112, -1,
      112, 224, 225, -1,
      112, 225, 223, -1,
      111, 118, 224, -1,
      224, 118, 117, -1,
      224, 117, 226, -1,
      226, 117, 121, -1,
      226, 121, 227, -1,
      227, 121, 120, -1,
      227, 120, 228, -1,
      91, 204, 119, -1,
      119, 204, 228, -1,
      119, 228, 120, -1,
      206, 207, 228, -1,
      204, 203, 228, -1,
      228, 203, 205, -1,
      228, 205, 206, -1,
      210, 211, 209, -1,
      209, 211, 212, -1,
      209, 212, 208, -1,
      207, 208, 228, -1,
      228, 208, 212, -1,
      228, 212, 227, -1,
      212, 213, 227, -1,
      227, 213, 214, -1,
      227, 214, 226, -1,
      226, 214, 215, -1,
      226, 215, 224, -1,
      224, 215, 216, -1,
      224, 216, 225, -1,
      225, 216, 217, -1,
      225, 217, 223, -1,
      223, 217, 218, -1,
      223, 218, 222, -1,
      222, 218, 219, -1,
      222, 219, 221, -1,
      221, 219, 220, -1,
      229, 230, 124, -1,
      124, 230, 125, -1,
      127, 231, 129, -1,
      129, 231, 229, -1,
      129, 229, 124, -1,
      232, 231, 126, -1,
      126, 231, 127, -1,
      130, 233, 128, -1,
      128, 233, 232, -1,
      128, 232, 126, -1,
      234, 233, 131, -1,
      131, 233, 130, -1,
      134, 235, 132, -1,
      132, 235, 234, -1,
      132, 234, 131, -1,
      236, 235, 135, -1,
      135, 235, 134, -1,
      123, 237, 133, -1,
      133, 237, 236, -1,
      133, 236, 135, -1,
      238, 237, 122, -1,
      122, 237, 123, -1,
      0, 239, 1, -1,
      1, 239, 238, -1,
      1, 238, 122, -1,
      240, 239, 137, -1,
      137, 239, 0, -1,
      125, 230, 136, -1,
      136, 230, 240, -1,
      136, 240, 137, -1,
      240, 230, 229, -1,
      229, 231, 240, -1,
      240, 231, 232, -1,
      240, 232, 239, -1,
      237, 238, 236, -1,
      236, 238, 239, -1,
      236, 239, 235, -1,
      235, 239, 232, -1,
      235, 232, 234, -1,
      234, 232, 233, -1,
      241, 242, 243, -1,
      243, 242, 244, -1,
      243, 244, 245, -1,
      245, 244, 246, -1,
      245, 246, 247, -1,
      247, 246, 248, -1,
      247, 248, 249, -1,
      249, 248, 250, -1,
      249, 250, 251, -1,
      251, 250, 252, -1,
      251, 252, 253, -1,
      253, 252, 254, -1,
      253, 254, 255, -1,
      255, 254, 256, -1,
      255, 256, 257, -1,
      257, 256, 258, -1,
      257, 258, 259, -1,
      259, 258, 260, -1,
      259, 260, 261, -1,
      261, 260, 262, -1,
      261, 262, 263, -1,
      263, 262, 264, -1,
      263, 264, 265, -1,
      265, 264, 266, -1,
      265, 266, 267, -1,
      267, 266, 268, -1,
      267, 268, 269, -1,
      269, 268, 270, -1,
      269, 270, 271, -1,
      271, 270, 272, -1,
      271, 272, 273, -1,
      273, 272, 274, -1,
      273, 274, 241, -1,
      241, 274, 275, -1,
      241, 275, 242, -1,
      247, 249, 6, -1,
      6, 249, 5, -1,
      247, 6, 10, -1,
      247, 10, 245, -1,
      245, 10, 9, -1,
      245, 9, 243, -1,
      243, 9, 8, -1,
      243, 8, 241, -1,
      241, 8, 7, -1,
      241, 7, 273, -1,
      273, 7, 20, -1,
      273, 20, 271, -1,
      271, 20, 19, -1,
      271, 19, 269, -1,
      269, 19, 18, -1,
      269, 18, 267, -1,
      267, 18, 14, -1,
      267, 14, 265, -1,
      265, 14, 13, -1,
      265, 13, 263, -1,
      263, 13, 12, -1,
      263, 12, 261, -1,
      261, 12, 11, -1,
      261, 11, 259, -1,
      259, 11, 17, -1,
      259, 17, 257, -1,
      257, 17, 16, -1,
      257, 16, 255, -1,
      255, 16, 15, -1,
      255, 15, 253, -1,
      251, 253, 4, -1,
      4, 253, 15, -1,
      249, 251, 5, -1,
      5, 251, 4, -1,
      254, 252, 276, -1,
      276, 252, 277, -1,
      252, 250, 277, -1,
      277, 250, 278, -1,
      250, 248, 278, -1,
      278, 248, 279, -1,
      275, 280, 281, -1,
      275, 281, 242, -1,
      242, 281, 282, -1,
      242, 282, 244, -1,
      244, 282, 283, -1,
      244, 283, 246, -1,
      246, 283, 279, -1,
      246, 279, 248, -1,
      268, 284, 285, -1,
      268, 285, 270, -1,
      270, 285, 286, -1,
      270, 286, 272, -1,
      272, 286, 287, -1,
      272, 287, 274, -1,
      274, 287, 280, -1,
      274, 280, 275, -1,
      260, 288, 289, -1,
      260, 289, 262, -1,
      262, 289, 290, -1,
      262, 290, 264, -1,
      264, 290, 291, -1,
      264, 291, 266, -1,
      266, 291, 284, -1,
      266, 284, 268, -1,
      254, 276, 292, -1,
      254, 292, 256, -1,
      256, 292, 293, -1,
      256, 293, 258, -1,
      258, 293, 288, -1,
      258, 288, 260, -1,
    ]
  }
}

Shape {
  appearance Appearance {
    material Material {
      diffuseColor 0.0588 0.4353 1.0000
      specularColor 0.0314 0.2157 0.5020
      ambientIntensity 0.2
      transparency 0.0000
      shininess 0.5
    }
  }
  geometry IndexedFaceSet {
    ccw TRUE
    solid FALSE
    coord DEF co Coordinate {
      point [
        1.968504 0.386652 2.946028,
        1.968504 0.368508 2.946028,
        1.968504 0.368508 2.853431,
        1.968504 0.385946 2.853431,
        1.968504 0.421652 2.865958,
        1.968504 0.419443 2.863954,
        1.968504 0.411490 2.858744,
        1.968504 0.401220 2.855078,
        1.968504 0.434485 2.900896,
        1.968504 0.434091 2.893311,
        1.968504 0.431764 2.882303,
        1.968504 0.427633 2.873381,
        1.968504 0.421314 2.934729,
        1.968504 0.424562 2.931543,
        1.968504 0.429242 2.924840,
        1.968504 0.432653 2.916121,
        1.968504 0.402106 2.944323,
        1.968504 0.412526 2.940567,
      ]
    }
    coordIndex [
      1, 2, 0, -1,
      0, 2, 3, -1,
      0, 3, 7, -1,
      7, 6, 0, -1,
      0, 6, 5, -1,
      0, 5, 4, -1,
      4, 11, 0, -1,
      0, 11, 10, -1,
      0, 10, 9, -1,
      9, 8, 0, -1,
      0, 8, 15, -1,
      0, 15, 14, -1,
      14, 13, 0, -1,
      0, 13, 12, -1,
      0, 12, 16, -1,
      16, 12, 17, -1,
    ]
  }
}

Shape {
  appearance Appearance {
    material Material {
      diffuseColor 0.0000 0.0000 0.0000
      specularColor 0.0000 0.0000 0.0000
      ambientIntensity 0.2
      transparency 0.0000
      shininess 0.5
    }
  }
  geometry IndexedFaceSet {
    ccw TRUE
    solid FALSE
    coord DEF co Coordinate {
      point [
        1.968504 0.503195 2.959843,
        1.968504 0.519774 2.959843,
        1.968504 0.548388 2.839739,
        1.968504 0.565519 2.839739,
        1.968504 0.536138 2.872589,
        1.968504 0.486125 2.872589,
        1.968504 0.474581 2.839739,
        1.968504 0.457450 2.839739,
        1.970118 0.491037 2.886159,
        1.970118 0.486125 2.872589,
        1.970118 0.531348 2.886159,
        1.970118 0.536138 2.872589,
        1.970118 0.508998 2.936080,
        1.970118 0.503195 2.959843,
        1.970118 0.457450 2.839739,
        1.970118 0.474581 2.839739,
        1.970118 0.510038 2.939665,
        1.970118 0.510963 2.944493,
        1.970118 0.519774 2.959843,
        1.970118 0.511331 2.944493,
        1.970118 0.512302 2.939411,
        1.970118 0.513204 2.936080,
        1.970118 0.565519 2.839739,
        1.970118 0.548388 2.839739,
        1.968504 0.491037 2.886159,
        1.968504 0.531348 2.886159,
        1.968504 0.513204 2.936080,
        1.968504 0.511331 2.944493,
        1.968504 0.512302 2.939411,
        1.968504 0.510963 2.944493,
        1.968504 0.508998 2.936080,
        1.968504 0.510038 2.939665,
      ]
    }
    coordIndex [
      8, 9, 10, -1,
      10, 9, 11, -1,
      12, 13, 8, -1,
      8, 13, 14, -1,
      8, 14, 9, -1,
      9, 14, 15, -1,
      12, 16, 13, -1,
      13, 16, 17, -1,
      13, 17, 18, -1,
      18, 17, 19, -1,
      18, 19, 20, -1,
      20, 21, 18, -1,
      18, 21, 10, -1,
      18, 10, 22, -1,
      22, 10, 11, -1,
      22, 11, 23, -1,
      18, 22, 1, -1,
      1, 22, 3, -1,
      13, 18, 0, -1,
      0, 18, 1, -1,
      14, 13, 7, -1,
      7, 13, 0, -1,
      15, 14, 6, -1,
      6, 14, 7, -1,
      9, 15, 5, -1,
      5, 15, 6, -1,
      11, 9, 4, -1,
      4, 9, 5, -1,
      23, 11, 2, -1,
      2, 11, 4, -1,
      22, 23, 3, -1,
      3, 23, 2, -1,
      8, 10, 24, -1,
      24, 10, 25, -1,
      10, 21, 25, -1,
      25, 21, 26, -1,
      19, 27, 28, -1,
      19, 28, 20, -1,
      20, 28, 26, -1,
      20, 26, 21, -1,
      19, 17, 27, -1,
      27, 17, 29, -1,
      12, 30, 31, -1,
      12, 31, 16, -1,
      16, 31, 29, -1,
      16, 29, 17, -1,
      12, 8, 30, -1,
      30, 8, 24, -1,
    ]
  }
}

Shape {
  appearance Appearance {
    material Material {
      diffuseColor 0.0588 0.4353 1.0000
      specularColor 0.0314 0.2157 0.5020
      ambientIntensity 0.2
      transparency 0.0000
      shininess 0.5
    }
  }
  geometry IndexedFaceSet {
    ccw TRUE
    solid FALSE
    coord DEF co Coordinate {
      point [
        1.968504 0.491037 2.886159,
        1.968504 0.531348 2.886159,
        1.968504 0.513204 2.936080,
        1.968504 0.511331 2.944493,
        1.968504 0.512302 2.939411,
        1.968504 0.510963 2.944493,
        1.968504 0.508998 2.936080,
        1.968504 0.510038 2.939665,
      ]
    }
    coordIndex [
      3, 5, 4, -1,
      4, 5, 7, -1,
      4, 7, 2, -1,
      2, 7, 6, -1,
      2, 6, 1, -1,
      1, 6, 0, -1,
    ]
  }
}

Shape {
  appearance Appearance {
    material Material {
      diffuseColor 0.0000 0.0000 0.0000
      specularColor 0.0000 0.0000 0.0000
      ambientIntensity 0.2
      transparency 0.0000
      shininess 0.5
    }
  }
  geometry IndexedFaceSet {
    ccw TRUE
    solid FALSE
    coord DEF co Coordinate {
      point [
        1.968504 -0.334001 3.163804,
        1.968504 -0.315537 3.151390,
        1.968504 -0.295915 3.138197,
        1.968504 -0.268015 3.106032,
        1.968504 -0.249803 3.070737,
        1.968504 -0.244576 3.068953,
        1.968504 -0.219261 3.056098,
        1.968504 -0.511148 3.151390,
        1.968504 -0.493802 3.162144,
        1.968504 -0.454436 3.177363,
        1.968504 -0.412050 3.182602,
        1.968504 -0.376854 3.178905,
        1.968504 -0.702950 3.018978,
        1.968504 -0.707946 2.994044,
        1.968504 -0.709696 2.985312,
        1.968504 -0.514521 3.149298,
        1.968504 -0.688545 3.049239,
        1.968504 -0.669937 3.072445,
        1.968504 -0.662147 3.079681,
        1.968504 -0.633479 3.098831,
        1.968504 -0.601594 3.110172,
        1.968504 -0.571735 3.113434,
        1.968504 -0.534589 3.132113,
        1.968504 -0.561915 3.112900,
        1.968504 -0.552094 3.111726,
        1.968504 -0.605892 2.841030,
        1.968504 -0.620813 2.845743,
        1.968504 -0.651156 2.861733,
        1.968504 -0.674206 2.882019,
        1.968504 -0.677538 2.885859,
        1.968504 -0.695526 2.913398,
        1.968504 -0.706822 2.945396,
        1.968504 -0.710071 2.975097,
        1.968504 -0.560075 2.791150,
        1.968504 -0.567965 2.794469,
        1.968504 -0.584662 2.807069,
        1.968504 -0.597353 2.822747,
        1.968504 -0.604816 2.838726,
        1.968504 -0.504138 2.785499,
        1.968504 -0.524769 2.782963,
        1.968504 -0.528109 2.783026,
        1.968504 -0.548269 2.786181,
        1.968504 -0.489406 2.791150,
        1.968504 -0.444737 2.838726,
        1.968504 -0.444785 2.838519,
        1.968504 -0.454860 2.819467,
        1.968504 -0.468077 2.804632,
        1.968504 -0.485090 2.792805,
        1.968504 -0.196859 2.877749,
        1.968504 -0.221245 2.857341,
        1.968504 -0.180594 2.900125,
        1.968504 -0.460724 2.925569,
        1.968504 -0.346297 2.985344,
        1.968504 -0.475616 2.939135,
        1.968504 -0.493730 2.948854,
        1.968504 -0.196302 3.036320,
        1.968504 -0.179093 3.011874,
        1.968504 -0.172144 2.994044,
        1.968504 -0.168903 2.985730,
        1.968504 -0.218613 2.965385,
        1.968504 -0.222595 2.981794,
        1.968504 -0.229171 2.994044,
        1.968504 -0.654154 2.994044,
        1.968504 -0.329488 2.891511,
        1.968504 -0.319826 2.940086,
        1.968504 -0.335375 2.889284,
        1.968504 -0.340671 2.885647,
        1.968504 -0.329031 2.839918,
        1.968504 -0.334712 2.841961,
        1.968504 -0.340368 2.845742,
        1.968504 -0.343102 2.848473,
        1.968504 -0.649184 2.942870,
        1.968504 -0.638930 2.925398,
        1.968504 -0.595569 2.916648,
        1.968504 -0.623612 2.909678,
        1.968504 -0.605038 2.898243,
        1.968504 -0.563974 2.944900,
        1.968504 -0.581441 2.932780,
        1.968504 -0.656274 2.976805,
        1.968504 -0.655274 2.963785,
        1.968504 -0.165264 2.958872,
        1.968504 -0.165328 2.954961,
        1.968504 -0.169558 2.926994,
        1.968504 -0.247413 2.844904,
        1.968504 -0.274567 2.839322,
        1.968504 -0.324949 2.839322,
        1.968504 -0.545108 2.952103,
        1.968504 -0.524769 2.954603,
        1.968504 -0.514339 2.953982,
        1.968504 -0.323241 2.892266,
        1.968504 -0.322410 2.892206,
        1.968504 -0.319848 2.891639,
        1.968504 -0.349713 2.865794,
        1.968504 -0.349607 2.868148,
        1.968504 -0.439376 2.876895,
        1.968504 -0.348148 2.874708,
        1.968504 -0.345073 2.880683,
        1.968504 -0.346767 2.853861,
        1.968504 -0.348961 2.859663,
        1.968504 -0.439824 2.859607,
        1.968504 -0.439376 2.868356,
        1.968504 -0.235520 2.912875,
        1.968504 -0.226131 2.926198,
        1.968504 -0.220251 2.941419,
        1.968504 -0.218208 2.958019,
        1.968504 -0.318118 2.891412,
        1.968504 -0.279691 2.891412,
        1.968504 -0.264452 2.894320,
        1.968504 -0.249374 2.901280,
        1.968504 -0.236733 2.911574,
        1.968504 -0.295406 3.043629,
        1.968504 -0.307435 3.071684,
        1.968504 -0.325779 3.095500,
        1.968504 -0.356881 3.118284,
        1.968504 -0.383774 3.128180,
        1.968504 -0.291646 3.024625,
        1.968504 -0.525622 3.049389,
        1.968504 -0.531891 3.052807,
        1.968504 -0.551044 3.059763,
        1.968504 -0.513575 3.074828,
        1.968504 -0.284814 3.024625,
        1.968504 -0.230513 2.996544,
        1.968504 -0.240453 3.007656,
        1.968504 -0.253701 3.016898,
        1.968504 -0.268608 3.022630,
        1.968504 -0.332705 3.101981,
        1.968504 -0.411196 3.131366,
        1.968504 -0.414820 3.131314,
        1.968504 -0.443300 3.127138,
        1.968504 -0.600718 3.056788,
        1.968504 -0.619770 3.046713,
        1.968504 -0.579629 3.061750,
        1.968504 -0.634605 3.033496,
        1.968504 -0.646432 3.016483,
        1.968504 -0.471154 3.115656,
        1.968504 -0.494800 3.097980,
        1.968504 -0.570881 3.062198,
        1.968504 -0.653737 2.997435,
        1.970118 -0.597353 2.822747,
        1.970118 -0.584662 2.807069,
        1.970118 -0.605038 2.898243,
        1.970118 -0.454860 2.819467,
        1.970118 -0.444785 2.838519,
        1.970118 -0.439824 2.859607,
        1.970118 -0.547760 2.842648,
        1.970118 -0.540939 2.837952,
        1.970118 -0.567965 2.794469,
        1.970118 -0.533039 2.835040,
        1.970118 -0.218208 2.958019,
        1.970118 -0.220251 2.941419,
        1.970118 -0.169558 2.926994,
        1.970118 -0.319826 2.940086,
        1.970118 -0.346297 2.985344,
        1.970118 -0.439376 2.876895,
        1.970118 -0.460724 2.925569,
        1.970118 -0.439376 2.868356,
        1.970118 -0.485090 2.792805,
        1.970118 -0.468077 2.804632,
        1.970118 -0.623612 2.909678,
        1.970118 -0.620813 2.845743,
        1.970118 -0.605892 2.841030,
        1.970118 -0.291646 3.024625,
        1.970118 -0.284814 3.024625,
        1.970118 -0.249803 3.070737,
        1.970118 -0.268608 3.022630,
        1.970118 -0.244576 3.068953,
        1.970118 -0.253701 3.016898,
        1.970118 -0.219261 3.056098,
        1.970118 -0.196302 3.036320,
        1.970118 -0.531891 3.052807,
        1.970118 -0.525622 3.049389,
        1.970118 -0.552094 3.111726,
        1.970118 -0.513575 3.074828,
        1.970118 -0.534589 3.132113,
        1.970118 -0.494800 3.097980,
        1.970118 -0.514521 3.149298,
        1.970118 -0.471154 3.115656,
        1.970118 -0.493802 3.162144,
        1.970118 -0.548269 2.786181,
        1.970118 -0.528109 2.783026,
        1.970118 -0.525622 2.834198,
        1.970118 -0.524769 2.782963,
        1.970118 -0.518453 2.834968,
        1.970118 -0.504138 2.785499,
        1.970118 -0.510930 2.837602,
        1.970118 -0.504270 2.841956,
        1.970118 -0.498631 2.848032,
        1.970118 -0.180594 2.900125,
        1.970118 -0.226131 2.926198,
        1.970118 -0.196859 2.877749,
        1.970118 -0.454436 3.177363,
        1.970118 -0.443300 3.127138,
        1.970118 -0.412050 3.182602,
        1.970118 -0.295915 3.138197,
        1.970118 -0.325779 3.095500,
        1.970118 -0.268015 3.106032,
        1.970118 -0.307435 3.071684,
        1.970118 -0.295406 3.043629,
        1.970118 -0.638930 2.925398,
        1.970118 -0.674206 2.882019,
        1.970118 -0.651156 2.861733,
        1.970118 -0.653737 2.997435,
        1.970118 -0.709696 2.985312,
        1.970118 -0.656274 2.976805,
        1.970118 -0.710071 2.975097,
        1.970118 -0.655274 2.963785,
        1.970118 -0.706822 2.945396,
        1.970118 -0.649184 2.942870,
        1.970118 -0.695526 2.913398,
        1.970118 -0.677538 2.885859,
        1.970118 -0.553207 2.848840,
        1.970118 -0.556850 2.855884,
        1.970118 -0.558719 2.863753,
        1.970118 -0.494550 2.879526,
        1.970118 -0.492569 2.871616,
        1.970118 -0.492556 2.863551,
        1.970118 -0.494625 2.855364,
        1.970118 -0.240453 3.007656,
        1.970118 -0.230513 2.996544,
        1.970118 -0.179093 3.011874,
        1.970118 -0.222595 2.981794,
        1.970118 -0.168903 2.985730,
        1.970118 -0.218613 2.965385,
        1.970118 -0.165264 2.958872,
        1.970118 -0.165328 2.954961,
        1.970118 -0.235520 2.912875,
        1.970118 -0.236733 2.911574,
        1.970118 -0.221245 2.857341,
        1.970118 -0.249374 2.901280,
        1.970118 -0.247413 2.844904,
        1.970118 -0.264452 2.894320,
        1.970118 -0.274567 2.839322,
        1.970118 -0.279691 2.891412,
        1.970118 -0.324949 2.839322,
        1.970118 -0.318118 2.891412,
        1.970118 -0.329031 2.839918,
        1.970118 -0.551044 3.059763,
        1.970118 -0.561915 3.112900,
        1.970118 -0.570881 3.062198,
        1.970118 -0.571735 3.113434,
        1.970118 -0.579629 3.061750,
        1.970118 -0.601594 3.110172,
        1.970118 -0.600718 3.056788,
        1.970118 -0.633479 3.098831,
        1.970118 -0.619770 3.046713,
        1.970118 -0.662147 3.079681,
        1.970118 -0.634605 3.033496,
        1.970118 -0.669937 3.072445,
        1.970118 -0.646432 3.016483,
        1.970118 -0.688545 3.049239,
        1.970118 -0.702950 3.018978,
        1.970118 -0.414820 3.131314,
        1.970118 -0.411196 3.131366,
        1.970118 -0.376854 3.178905,
        1.970118 -0.383774 3.128180,
        1.970118 -0.334001 3.163804,
        1.970118 -0.356881 3.118284,
        1.970118 -0.332705 3.101981,
        1.970118 -0.558719 2.871250,
        1.970118 -0.556725 2.879450,
        1.970118 -0.595569 2.916648,
        1.970118 -0.552728 2.886848,
        1.970118 -0.581441 2.932780,
        1.970118 -0.547099 2.892927,
        1.970118 -0.563974 2.944900,
        1.970118 -0.540269 2.897391,
        1.970118 -0.545108 2.952103,
        1.970118 -0.532726 2.900034,
        1.970118 -0.524769 2.954603,
        1.970118 -0.525622 2.900805,
        1.970118 -0.514339 2.953982,
        1.970118 -0.518643 2.900061,
        1.970118 -0.493730 2.948854,
        1.970118 -0.510701 2.897254,
        1.970118 -0.475616 2.939135,
        1.970118 -0.503811 2.892641,
        1.970118 -0.498287 2.886523,
        1.970118 -0.322410 2.892206,
        1.970118 -0.343102 2.848473,
        1.970118 -0.340368 2.845742,
        1.970118 -0.329488 2.891511,
        1.970118 -0.335375 2.889284,
        1.970118 -0.349607 2.868148,
        1.970118 -0.349713 2.865794,
        1.970118 -0.348961 2.859663,
        1.970118 -0.346767 2.853861,
        1.970118 -0.319848 2.891639,
        1.970118 -0.334712 2.841961,
        1.970118 -0.323241 2.892266,
        1.970118 -0.340671 2.885647,
        1.970118 -0.345073 2.880683,
        1.970118 -0.348148 2.874708,
        1.968504 -0.525622 2.900805,
        1.968504 -0.518643 2.900061,
        1.968504 -0.510701 2.897254,
        1.968504 -0.503811 2.892641,
        1.968504 -0.498287 2.886523,
        1.968504 -0.494550 2.879526,
        1.968504 -0.492569 2.871616,
        1.968504 -0.492556 2.863551,
        1.968504 -0.494625 2.855364,
        1.968504 -0.498631 2.848032,
        1.968504 -0.504270 2.841956,
        1.968504 -0.510930 2.837602,
        1.968504 -0.518453 2.834968,
        1.968504 -0.525622 2.834198,
        1.968504 -0.533039 2.835040,
        1.968504 -0.540939 2.837952,
        1.968504 -0.547760 2.842648,
        1.968504 -0.553207 2.848840,
        1.968504 -0.556850 2.855884,
        1.968504 -0.558719 2.863753,
        1.968504 -0.558719 2.871250,
        1.968504 -0.556725 2.879450,
        1.968504 -0.552728 2.886848,
        1.968504 -0.547099 2.892927,
        1.968504 -0.540269 2.897391,
        1.968504 -0.532726 2.900034,
      ]
    }
    coordIndex [
      138, 139, 140, -1,
      141, 142, 143, -1,
      144, 139, 145, -1,
      145, 139, 146, -1,
      145, 146, 147, -1,
      148, 149, 150, -1,
      151, 152, 153, -1,
      153, 152, 154, -1,
      153, 154, 155, -1,
      155, 154, 156, -1,
      155, 156, 143, -1,
      143, 156, 157, -1,
      143, 157, 141, -1,
      158, 159, 140, -1,
      140, 159, 160, -1,
      140, 160, 138, -1,
      161, 162, 163, -1,
      163, 162, 164, -1,
      163, 164, 165, -1,
      165, 164, 166, -1,
      165, 166, 167, -1,
      167, 166, 168, -1,
      169, 170, 171, -1,
      171, 170, 172, -1,
      171, 172, 173, -1,
      173, 172, 174, -1,
      173, 174, 175, -1,
      175, 174, 176, -1,
      175, 176, 177, -1,
      146, 178, 147, -1,
      147, 178, 179, -1,
      147, 179, 180, -1,
      180, 179, 181, -1,
      180, 181, 182, -1,
      182, 181, 183, -1,
      182, 183, 184, -1,
      184, 183, 156, -1,
      184, 156, 185, -1,
      185, 156, 186, -1,
      150, 149, 187, -1,
      187, 149, 188, -1,
      187, 188, 189, -1,
      177, 176, 190, -1,
      190, 176, 191, -1,
      190, 191, 192, -1,
      193, 194, 195, -1,
      195, 194, 196, -1,
      195, 196, 163, -1,
      163, 196, 197, -1,
      163, 197, 161, -1,
      198, 199, 158, -1,
      158, 199, 200, -1,
      158, 200, 159, -1,
      201, 202, 203, -1,
      203, 202, 204, -1,
      203, 204, 205, -1,
      205, 204, 206, -1,
      205, 206, 207, -1,
      207, 206, 208, -1,
      207, 208, 198, -1,
      198, 208, 209, -1,
      198, 209, 199, -1,
      144, 210, 139, -1,
      139, 210, 211, -1,
      139, 211, 140, -1,
      140, 211, 212, -1,
      213, 214, 154, -1,
      154, 214, 215, -1,
      154, 215, 156, -1,
      156, 215, 216, -1,
      156, 216, 186, -1,
      166, 217, 168, -1,
      168, 217, 218, -1,
      168, 218, 219, -1,
      219, 218, 220, -1,
      219, 220, 221, -1,
      221, 220, 222, -1,
      221, 222, 223, -1,
      223, 222, 148, -1,
      223, 148, 224, -1,
      224, 148, 150, -1,
      188, 225, 189, -1,
      189, 225, 226, -1,
      189, 226, 227, -1,
      227, 226, 228, -1,
      227, 228, 229, -1,
      229, 228, 230, -1,
      229, 230, 231, -1,
      231, 230, 232, -1,
      231, 232, 233, -1,
      233, 232, 234, -1,
      233, 234, 235, -1,
      169, 171, 236, -1,
      236, 171, 237, -1,
      236, 237, 238, -1,
      238, 237, 239, -1,
      238, 239, 240, -1,
      240, 239, 241, -1,
      240, 241, 242, -1,
      242, 241, 243, -1,
      242, 243, 244, -1,
      244, 243, 245, -1,
      244, 245, 246, -1,
      246, 245, 247, -1,
      246, 247, 248, -1,
      248, 247, 249, -1,
      248, 249, 201, -1,
      201, 249, 250, -1,
      201, 250, 202, -1,
      191, 251, 192, -1,
      192, 251, 252, -1,
      192, 252, 253, -1,
      253, 252, 254, -1,
      253, 254, 255, -1,
      255, 254, 256, -1,
      255, 256, 193, -1,
      193, 256, 257, -1,
      193, 257, 194, -1,
      212, 258, 140, -1,
      140, 258, 259, -1,
      140, 259, 260, -1,
      260, 259, 261, -1,
      260, 261, 262, -1,
      262, 261, 263, -1,
      262, 263, 264, -1,
      264, 263, 265, -1,
      264, 265, 266, -1,
      266, 265, 267, -1,
      266, 267, 268, -1,
      268, 267, 269, -1,
      268, 269, 270, -1,
      270, 269, 271, -1,
      270, 271, 272, -1,
      272, 271, 273, -1,
      272, 273, 274, -1,
      274, 273, 275, -1,
      274, 275, 154, -1,
      154, 275, 276, -1,
      154, 276, 213, -1,
      277, 278, 279, -1,
      280, 281, 282, -1,
      283, 284, 277, -1,
      277, 284, 285, -1,
      277, 285, 278, -1,
      234, 286, 235, -1,
      235, 286, 277, -1,
      235, 277, 287, -1,
      287, 277, 279, -1,
      283, 277, 282, -1,
      282, 277, 288, -1,
      282, 288, 280, -1,
      281, 289, 282, -1,
      282, 289, 290, -1,
      282, 290, 291, -1,
      223, 80, 58, -1,
      223, 58, 221, -1,
      221, 58, 57, -1,
      221, 57, 219, -1,
      57, 56, 219, -1,
      219, 56, 55, -1,
      219, 55, 168, -1,
      168, 55, 6, -1,
      168, 6, 167, -1,
      167, 6, 5, -1,
      167, 5, 165, -1,
      165, 5, 4, -1,
      165, 4, 163, -1,
      163, 4, 3, -1,
      163, 3, 195, -1,
      195, 3, 2, -1,
      195, 2, 193, -1,
      255, 193, 1, -1,
      1, 193, 2, -1,
      1, 0, 255, -1,
      255, 0, 11, -1,
      255, 11, 253, -1,
      253, 11, 10, -1,
      253, 10, 192, -1,
      192, 10, 9, -1,
      192, 9, 190, -1,
      190, 9, 8, -1,
      190, 8, 177, -1,
      177, 8, 175, -1,
      175, 8, 7, -1,
      175, 7, 15, -1,
      175, 15, 22, -1,
      175, 22, 173, -1,
      173, 22, 24, -1,
      173, 24, 171, -1,
      171, 24, 23, -1,
      171, 23, 237, -1,
      237, 23, 21, -1,
      237, 21, 239, -1,
      239, 21, 20, -1,
      239, 20, 241, -1,
      241, 20, 19, -1,
      241, 19, 243, -1,
      243, 19, 18, -1,
      243, 18, 245, -1,
      245, 18, 17, -1,
      245, 17, 247, -1,
      32, 204, 202, -1,
      247, 17, 16, -1,
      247, 16, 249, -1,
      249, 16, 12, -1,
      249, 12, 250, -1,
      250, 12, 13, -1,
      250, 13, 202, -1,
      202, 13, 14, -1,
      202, 14, 32, -1,
      204, 32, 31, -1,
      204, 31, 206, -1,
      206, 31, 30, -1,
      206, 30, 208, -1,
      208, 30, 29, -1,
      208, 29, 209, -1,
      209, 29, 28, -1,
      209, 28, 199, -1,
      199, 28, 27, -1,
      199, 27, 200, -1,
      200, 27, 26, -1,
      200, 26, 159, -1,
      159, 26, 25, -1,
      159, 25, 160, -1,
      160, 25, 37, -1,
      160, 37, 138, -1,
      37, 36, 138, -1,
      138, 36, 35, -1,
      138, 35, 139, -1,
      139, 35, 34, -1,
      139, 34, 146, -1,
      146, 34, 33, -1,
      146, 33, 178, -1,
      33, 41, 178, -1,
      178, 41, 40, -1,
      178, 40, 179, -1,
      179, 40, 39, -1,
      179, 39, 181, -1,
      100, 155, 143, -1,
      181, 39, 38, -1,
      42, 156, 38, -1,
      38, 156, 183, -1,
      38, 183, 181, -1,
      42, 47, 156, -1,
      156, 47, 46, -1,
      156, 46, 157, -1,
      157, 46, 45, -1,
      157, 45, 141, -1,
      141, 45, 44, -1,
      141, 44, 142, -1,
      142, 44, 43, -1,
      142, 43, 143, -1,
      143, 43, 99, -1,
      143, 99, 100, -1,
      153, 155, 94, -1,
      94, 155, 100, -1,
      151, 153, 64, -1,
      64, 153, 94, -1,
      152, 151, 52, -1,
      52, 151, 64, -1,
      154, 152, 51, -1,
      51, 152, 52, -1,
      154, 51, 53, -1,
      154, 53, 274, -1,
      274, 53, 54, -1,
      274, 54, 272, -1,
      272, 54, 88, -1,
      272, 88, 270, -1,
      270, 88, 87, -1,
      270, 87, 268, -1,
      268, 87, 86, -1,
      268, 86, 266, -1,
      266, 86, 76, -1,
      266, 76, 264, -1,
      264, 76, 77, -1,
      264, 77, 262, -1,
      262, 77, 73, -1,
      262, 73, 260, -1,
      260, 73, 75, -1,
      260, 75, 140, -1,
      140, 75, 74, -1,
      140, 74, 158, -1,
      158, 74, 72, -1,
      158, 72, 198, -1,
      198, 72, 71, -1,
      198, 71, 207, -1,
      207, 71, 79, -1,
      207, 79, 205, -1,
      205, 79, 78, -1,
      205, 78, 203, -1,
      203, 78, 201, -1,
      201, 78, 62, -1,
      62, 137, 201, -1,
      201, 137, 133, -1,
      201, 133, 248, -1,
      248, 133, 132, -1,
      248, 132, 246, -1,
      246, 132, 130, -1,
      246, 130, 244, -1,
      244, 130, 129, -1,
      244, 129, 242, -1,
      242, 129, 131, -1,
      242, 131, 240, -1,
      240, 131, 136, -1,
      240, 136, 238, -1,
      238, 136, 118, -1,
      238, 118, 236, -1,
      236, 118, 117, -1,
      236, 117, 169, -1,
      169, 117, 116, -1,
      169, 116, 170, -1,
      170, 116, 119, -1,
      170, 119, 172, -1,
      172, 119, 135, -1,
      172, 135, 174, -1,
      174, 135, 134, -1,
      174, 134, 176, -1,
      176, 134, 128, -1,
      176, 128, 191, -1,
      191, 128, 127, -1,
      191, 127, 251, -1,
      251, 127, 126, -1,
      251, 126, 252, -1,
      252, 126, 114, -1,
      252, 114, 254, -1,
      254, 114, 113, -1,
      254, 113, 256, -1,
      256, 113, 125, -1,
      256, 125, 257, -1,
      257, 125, 112, -1,
      257, 112, 194, -1,
      194, 112, 111, -1,
      194, 111, 196, -1,
      196, 111, 110, -1,
      196, 110, 197, -1,
      197, 110, 115, -1,
      197, 115, 161, -1,
      162, 161, 120, -1,
      120, 161, 115, -1,
      162, 120, 124, -1,
      162, 124, 164, -1,
      164, 124, 123, -1,
      164, 123, 166, -1,
      166, 123, 122, -1,
      166, 122, 217, -1,
      217, 122, 121, -1,
      217, 121, 218, -1,
      218, 121, 61, -1,
      218, 61, 220, -1,
      61, 60, 220, -1,
      220, 60, 59, -1,
      220, 59, 222, -1,
      222, 59, 104, -1,
      222, 104, 148, -1,
      148, 104, 103, -1,
      148, 103, 149, -1,
      149, 103, 102, -1,
      149, 102, 188, -1,
      188, 102, 101, -1,
      188, 101, 225, -1,
      225, 101, 109, -1,
      225, 109, 226, -1,
      226, 109, 108, -1,
      226, 108, 228, -1,
      228, 108, 107, -1,
      228, 107, 230, -1,
      230, 107, 106, -1,
      230, 106, 232, -1,
      234, 232, 105, -1,
      105, 232, 106, -1,
      234, 105, 91, -1,
      234, 91, 286, -1,
      286, 91, 90, -1,
      286, 90, 277, -1,
      277, 90, 89, -1,
      277, 89, 288, -1,
      288, 89, 63, -1,
      288, 63, 280, -1,
      280, 63, 65, -1,
      280, 65, 281, -1,
      281, 65, 66, -1,
      281, 66, 289, -1,
      289, 66, 96, -1,
      289, 96, 290, -1,
      290, 96, 95, -1,
      290, 95, 291, -1,
      291, 95, 93, -1,
      291, 93, 282, -1,
      282, 93, 92, -1,
      282, 92, 283, -1,
      283, 92, 98, -1,
      283, 98, 284, -1,
      284, 98, 97, -1,
      284, 97, 285, -1,
      285, 97, 70, -1,
      285, 70, 278, -1,
      278, 70, 69, -1,
      278, 69, 279, -1,
      279, 69, 68, -1,
      279, 68, 287, -1,
      287, 68, 67, -1,
      287, 67, 235, -1,
      235, 67, 85, -1,
      235, 85, 233, -1,
      231, 233, 84, -1,
      84, 233, 85, -1,
      231, 84, 83, -1,
      231, 83, 229, -1,
      229, 83, 49, -1,
      229, 49, 227, -1,
      227, 49, 48, -1,
      227, 48, 189, -1,
      189, 48, 50, -1,
      189, 50, 187, -1,
      187, 50, 82, -1,
      187, 82, 150, -1,
      150, 82, 81, -1,
      150, 81, 224, -1,
      224, 81, 80, -1,
      224, 80, 223, -1,
      269, 292, 293, -1,
      269, 293, 271, -1,
      271, 293, 294, -1,
      271, 294, 273, -1,
      273, 294, 295, -1,
      273, 295, 275, -1,
      275, 295, 296, -1,
      275, 296, 276, -1,
      276, 296, 297, -1,
      276, 297, 213, -1,
      213, 297, 298, -1,
      213, 298, 214, -1,
      214, 298, 299, -1,
      214, 299, 215, -1,
      215, 299, 300, -1,
      215, 300, 216, -1,
      216, 300, 301, -1,
      216, 301, 186, -1,
      186, 301, 302, -1,
      186, 302, 185, -1,
      185, 302, 303, -1,
      185, 303, 184, -1,
      184, 303, 304, -1,
      184, 304, 182, -1,
      182, 304, 305, -1,
      182, 305, 180, -1,
      180, 305, 306, -1,
      180, 306, 147, -1,
      147, 306, 307, -1,
      147, 307, 145, -1,
      145, 307, 308, -1,
      145, 308, 144, -1,
      144, 308, 309, -1,
      144, 309, 210, -1,
      210, 309, 310, -1,
      210, 310, 211, -1,
      211, 310, 311, -1,
      211, 311, 212, -1,
      212, 311, 312, -1,
      212, 312, 258, -1,
      258, 312, 313, -1,
      258, 313, 259, -1,
      259, 313, 314, -1,
      259, 314, 261, -1,
      261, 314, 315, -1,
      261, 315, 263, -1,
      263, 315, 316, -1,
      263, 316, 265, -1,
      265, 316, 317, -1,
      265, 317, 267, -1,
      267, 317, 292, -1,
      267, 292, 269, -1,
    ]
  }
}

Shape {
  appearance Appearance {
    material Material {
      diffuseColor 0.0588 0.4353 1.0000
      specularColor 0.0314 0.2157 0.5020
      ambientIntensity 0.2
      transparency 0.0000
      shininess 0.5
    }
  }
  geometry IndexedFaceSet {
    ccw TRUE
    solid FALSE
    coord DEF co Coordinate {
      point [
        1.968504 -0.525622 2.900805,
        1.968504 -0.518643 2.900061,
        1.968504 -0.510701 2.897254,
        1.968504 -0.503811 2.892641,
        1.968504 -0.498287 2.886523,
        1.968504 -0.494550 2.879526,
        1.968504 -0.492569 2.871616,
        1.968504 -0.492556 2.863551,
        1.968504 -0.494625 2.855364,
        1.968504 -0.498631 2.848032,
        1.968504 -0.504270 2.841956,
        1.968504 -0.510930 2.837602,
        1.968504 -0.518453 2.834968,
        1.968504 -0.525622 2.834198,
        1.968504 -0.533039 2.835040,
        1.968504 -0.540939 2.837952,
        1.968504 -0.547760 2.842648,
        1.968504 -0.553207 2.848840,
        1.968504 -0.556850 2.855884,
        1.968504 -0.558719 2.863753,
        1.968504 -0.558719 2.871250,
        1.968504 -0.556725 2.879450,
        1.968504 -0.552728 2.886848,
        1.968504 -0.547099 2.892927,
        1.968504 -0.540269 2.897391,
        1.968504 -0.532726 2.900034,
      ]
    }
    coordIndex [
      25, 13, 0, -1,
      0, 13, 12, -1,
      0, 12, 1, -1,
      19, 25, 20, -1,
      20, 25, 24, -1,
      12, 11, 1, -1,
      1, 11, 10, -1,
      1, 10, 9, -1,
      24, 23, 20, -1,
      20, 23, 22, -1,
      20, 22, 21, -1,
      19, 18, 25, -1,
      25, 18, 17, -1,
      25, 17, 16, -1,
      1, 6, 5, -1,
      5, 4, 1, -1,
      1, 4, 3, -1,
      1, 3, 2, -1,
      16, 15, 25, -1,
      25, 15, 14, -1,
      25, 14, 13, -1,
      9, 8, 1, -1,
      1, 8, 7, -1,
      1, 7, 6, -1,
    ]
  }
}
