#VRML V2.0 utf8

Shape {
  appearance Appearance {
    material Material {
      diffuseColor 0.7373 0.7765 0.8000
      specularColor 0.7373 0.7765 0.8000
      ambientIntensity 0.2
      transparency 0.0000
      shininess 0.5
    }
  }
  geometry IndexedFaceSet {
    ccw TRUE
    solid FALSE
    coord DEF co Coordinate {
      point [
        -1.151575 -0.147638 2.303150,
        -1.131890 -0.167323 2.303150,
        -1.151575 -0.147638 1.712598,
        -1.131890 -0.167323 1.712598,
        -0.836614 -0.167323 2.303150,
        -0.816929 -0.147638 2.303150,
        -0.836614 -0.167323 1.712598,
        -0.816929 -0.147638 1.712598,
        -1.131890 0.167323 2.303150,
        -1.151575 0.147638 2.303150,
        -1.131890 0.167323 1.712598,
        -1.151575 0.147638 1.712598,
        -0.816929 0.147638 2.303150,
        -0.836614 0.167323 2.303150,
        -0.816929 0.147638 1.712598,
        -0.836614 0.167323 1.712598,
      ]
    }
    coordIndex [
      0, 1, 2, -1,
      2, 1, 3, -1,
      4, 5, 6, -1,
      6, 5, 7, -1,
      8, 9, 10, -1,
      10, 9, 11, -1,
      12, 13, 14, -1,
      14, 13, 15, -1,
    ]
  }
}

Shape {
  appearance Appearance {
    material Material {
      diffuseColor 0.6392 0.6667 0.6863
      specularColor 0.6392 0.6667 0.6863
      ambientIntensity 0.2
      transparency 0.0000
      shininess 0.5
    }
  }
  geometry IndexedFaceSet {
    ccw TRUE
    solid FALSE
    coord DEF co Coordinate {
      point [
        -0.511811 0.000000 0.531496,
        -0.674076 0.054693 0.216535,
        -0.518989 0.082039 0.531496,
        -0.688286 0.107723 0.216535,
        -0.540303 0.161584 0.531496,
        -0.711488 0.157480 0.216535,
        -0.575106 0.236220 0.531496,
        -0.742978 0.202453 0.216535,
        -0.622341 0.303679 0.531496,
        -0.781799 0.241274 0.216535,
        -0.680573 0.361911 0.531496,
        -0.826772 0.272764 0.216535,
        -0.748031 0.409146 0.531496,
        -0.876529 0.295966 0.216535,
        -0.822668 0.443949 0.531496,
        -0.929560 0.310176 0.216535,
        -0.902213 0.465263 0.531496,
        -0.984252 0.314961 0.216535,
        -0.984252 0.472441 0.531496,
        -1.038944 0.310176 0.216535,
        -1.066291 0.465263 0.531496,
        -1.091975 0.295966 0.216535,
        -1.145836 0.443949 0.531496,
        -1.141732 0.272764 0.216535,
        -1.220472 0.409146 0.531496,
        -1.186705 0.241274 0.216535,
        -1.287931 0.361911 0.531496,
        -1.225526 0.202453 0.216535,
        -1.346163 0.303679 0.531496,
        -1.257016 0.157480 0.216535,
        -1.393398 0.236220 0.531496,
        -1.280218 0.107723 0.216535,
        -1.428201 0.161584 0.531496,
        -1.294428 0.054693 0.216535,
        -1.449515 0.082039 0.531496,
        -1.299213 0.000000 0.216535,
        -1.456693 0.000000 0.531496,
        -1.294428 -0.054693 0.216535,
        -1.449515 -0.082039 0.531496,
        -1.280218 -0.107723 0.216535,
        -1.428201 -0.161584 0.531496,
        -1.257016 -0.157480 0.216535,
        -1.393398 -0.236220 0.531496,
        -1.225526 -0.202453 0.216535,
        -1.346163 -0.303679 0.531496,
        -1.186705 -0.241274 0.216535,
        -1.287931 -0.361911 0.531496,
        -1.141732 -0.272764 0.216535,
        -1.220472 -0.409146 0.531496,
        -1.091975 -0.295966 0.216535,
        -1.145836 -0.443949 0.531496,
        -1.038944 -0.310176 0.216535,
        -1.066291 -0.465263 0.531496,
        -0.984252 -0.314961 0.216535,
        -0.984252 -0.472441 0.531496,
        -0.929560 -0.310176 0.216535,
        -0.902213 -0.465263 0.531496,
        -0.876529 -0.295966 0.216535,
        -0.822668 -0.443949 0.531496,
        -0.826772 -0.272764 0.216535,
        -0.748031 -0.409146 0.531496,
        -0.781799 -0.241274 0.216535,
        -0.680573 -0.361911 0.531496,
        -0.742978 -0.202453 0.216535,
        -0.622341 -0.303679 0.531496,
        -0.711488 -0.157480 0.216535,
        -0.575106 -0.236220 0.531496,
        -0.688286 -0.107723 0.216535,
        -0.540303 -0.161584 0.531496,
        -0.674076 -0.054693 0.216535,
        -0.518989 -0.082039 0.531496,
        -0.669291 0.000000 0.216535,
      ]
    }
    coordIndex [
      0, 1, 2, -1,
      2, 1, 3, -1,
      2, 3, 4, -1,
      4, 3, 5, -1,
      4, 5, 6, -1,
      6, 5, 7, -1,
      6, 7, 8, -1,
      8, 7, 9, -1,
      8, 9, 10, -1,
      10, 9, 11, -1,
      10, 11, 12, -1,
      12, 11, 13, -1,
      12, 13, 14, -1,
      14, 13, 15, -1,
      14, 15, 16, -1,
      16, 15, 17, -1,
      16, 17, 18, -1,
      18, 17, 19, -1,
      18, 19, 20, -1,
      20, 19, 21, -1,
      20, 21, 22, -1,
      22, 21, 23, -1,
      22, 23, 24, -1,
      24, 23, 25, -1,
      24, 25, 26, -1,
      26, 25, 27, -1,
      26, 27, 28, -1,
      28, 27, 29, -1,
      28, 29, 30, -1,
      30, 29, 31, -1,
      30, 31, 32, -1,
      32, 31, 33, -1,
      32, 33, 34, -1,
      34, 33, 35, -1,
      34, 35, 36, -1,
      36, 35, 37, -1,
      36, 37, 38, -1,
      38, 37, 39, -1,
      38, 39, 40, -1,
      40, 39, 41, -1,
      40, 41, 42, -1,
      42, 41, 43, -1,
      42, 43, 44, -1,
      44, 43, 45, -1,
      44, 45, 46, -1,
      46, 45, 47, -1,
      46, 47, 48, -1,
      48, 47, 49, -1,
      48, 49, 50, -1,
      50, 49, 51, -1,
      50, 51, 52, -1,
      52, 51, 53, -1,
      52, 53, 54, -1,
      54, 53, 55, -1,
      54, 55, 56, -1,
      56, 55, 57, -1,
      56, 57, 58, -1,
      58, 57, 59, -1,
      58, 59, 60, -1,
      60, 59, 61, -1,
      60, 61, 62, -1,
      62, 61, 63, -1,
      62, 63, 64, -1,
      64, 63, 65, -1,
      64, 65, 66, -1,
      66, 65, 67, -1,
      66, 67, 68, -1,
      68, 67, 69, -1,
      68, 69, 70, -1,
      70, 69, 71, -1,
      70, 71, 0, -1,
      0, 71, 1, -1,
    ]
  }
}

Shape {
  appearance Appearance {
    material Material {
      diffuseColor 0.7373 0.7765 0.8000
      specularColor 0.7373 0.7765 0.8000
      ambientIntensity 0.2
      transparency 0.0000
      shininess 0.5
    }
  }
  geometry IndexedFaceSet {
    ccw TRUE
    solid FALSE
    coord DEF co Coordinate {
      point [
        -1.151575 -0.147638 2.303150,
        -1.131890 -0.167323 2.303150,
        -1.151575 -0.147638 1.712598,
        -1.131890 -0.167323 1.712598,
        -0.836614 -0.167323 2.303150,
        -0.816929 -0.147638 2.303150,
        -0.836614 -0.167323 1.712598,
        -0.816929 -0.147638 1.712598,
        -1.131890 0.167323 2.303150,
        -1.151575 0.147638 2.303150,
        -1.131890 0.167323 1.712598,
        -1.151575 0.147638 1.712598,
        -0.816929 0.147638 2.303150,
        -0.836614 0.167323 2.303150,
        -0.816929 0.147638 1.712598,
        -0.836614 0.167323 1.712598,
        -0.674076 0.054693 0.216535,
        -0.688286 0.107723 0.216535,
        -0.711488 0.157480 0.216535,
        -0.742978 0.202453 0.216535,
        -0.781799 0.241274 0.216535,
        -0.826772 0.272764 0.216535,
        -0.876529 0.295966 0.216535,
        -0.929560 0.310176 0.216535,
        -0.984252 0.314961 0.216535,
        -1.038944 0.310176 0.216535,
        -1.091975 0.295966 0.216535,
        -1.141732 0.272764 0.216535,
        -1.186705 0.241274 0.216535,
        -1.225526 0.202453 0.216535,
        -1.257016 0.157480 0.216535,
        -1.280218 0.107723 0.216535,
        -1.294428 0.054693 0.216535,
        -1.299213 0.000000 0.216535,
        -1.294428 -0.054693 0.216535,
        -1.280218 -0.107723 0.216535,
        -1.257016 -0.157480 0.216535,
        -1.225526 -0.202453 0.216535,
        -1.186705 -0.241274 0.216535,
        -1.141732 -0.272764 0.216535,
        -1.091975 -0.295966 0.216535,
        -1.038944 -0.310176 0.216535,
        -0.984252 -0.314961 0.216535,
        -0.929560 -0.310176 0.216535,
        -0.876529 -0.295966 0.216535,
        -0.826772 -0.272764 0.216535,
        -0.781799 -0.241274 0.216535,
        -0.742978 -0.202453 0.216535,
        -0.711488 -0.157480 0.216535,
        -0.688286 -0.107723 0.216535,
        -0.674076 -0.054693 0.216535,
        -0.669291 0.000000 0.216535,
        -0.836614 0.650714 2.301510,
        -0.836614 0.649501 2.301620,
        -0.825636 0.646932 2.301759,
        -0.806124 0.726513 2.204724,
        -0.836614 0.733317 2.204724,
        -0.836614 0.732652 2.216148,
        -0.806456 0.725163 2.221211,
        -0.803326 0.725679 2.204724,
        -0.735972 0.704152 2.221211,
        -0.735510 0.705463 2.204724,
        -0.524191 0.588877 2.204724,
        -0.540766 0.602388 2.204724,
        -0.541591 0.601269 2.221211,
        -0.602184 0.643098 2.204724,
        -0.602894 0.641903 2.221211,
        -0.610424 0.647459 2.204724,
        -0.667899 0.676309 2.221211,
        -0.667309 0.677568 2.204724,
        -0.704376 0.692729 2.204724,
        -0.483652 0.555833 2.204724,
        -0.484582 0.554800 2.221211,
        -0.446693 0.519093 2.204724,
        -0.432422 0.502948 2.221211,
        -0.431394 0.503884 2.204724,
        -0.385617 0.446215 2.221211,
        -0.384502 0.447046 2.204724,
        -0.379409 0.439462 2.204724,
        -0.344620 0.385154 2.221211,
        -0.343428 0.385871 2.204724,
        -0.324574 0.350753 2.204724,
        -0.309830 0.320354 2.221211,
        -0.308573 0.320951 2.204724,
        -0.281468 0.255785 2.204724,
        -0.281583 0.252446 2.221211,
        -0.280274 0.252917 2.204724,
        -0.260155 0.182089 2.221211,
        -0.258807 0.182428 2.204724,
        -0.238639 -0.052121 2.204724,
        -0.237128 -0.036843 2.204724,
        -0.238517 -0.036774 2.221211,
        -0.237128 0.036843 2.204724,
        -0.238517 0.036774 2.221211,
        -0.238639 0.052121 2.204724,
        -0.245753 0.109965 2.221211,
        -0.244378 0.110170 2.204724,
        -0.253401 0.155358 2.204724,
        -0.244378 -0.110170 2.204724,
        -0.245753 -0.109965 2.221211,
        -0.253401 -0.155358 2.204724,
        -0.260155 -0.182089 2.221211,
        -0.258807 -0.182428 2.204724,
        -0.281583 -0.252446 2.221211,
        -0.280274 -0.252917 2.204724,
        -0.281468 -0.255785 2.204724,
        -0.309830 -0.320354 2.221211,
        -0.308573 -0.320951 2.204724,
        -0.446693 -0.519093 2.204724,
        -0.431394 -0.503884 2.204724,
        -0.432422 -0.502948 2.221211,
        -0.384502 -0.447046 2.204724,
        -0.385617 -0.446215 2.221211,
        -0.379409 -0.439462 2.204724,
        -0.344620 -0.385154 2.221211,
        -0.343428 -0.385871 2.204724,
        -0.324574 -0.350753 2.204724,
        -0.483652 -0.555833 2.204724,
        -0.484582 -0.554800 2.221211,
        -0.524191 -0.588877 2.204724,
        -0.541591 -0.601269 2.221211,
        -0.540766 -0.602388 2.204724,
        -0.602894 -0.641903 2.221211,
        -0.602184 -0.643098 2.204724,
        -0.610424 -0.647459 2.204724,
        -0.667899 -0.676309 2.221211,
        -0.667309 -0.677568 2.204724,
        -0.704376 -0.692729 2.204724,
        -0.735972 -0.704152 2.221211,
        -0.735510 -0.705463 2.204724,
        -0.803326 -0.725679 2.204724,
        -0.806456 -0.725163 2.221211,
        -0.806124 -0.726513 2.204724,
        -0.836614 -0.731779 2.221201,
        -0.836614 -0.733317 2.204724,
        -0.836614 -0.724041 2.244056,
        -0.836614 -0.726849 2.238657,
        -0.808115 -0.718394 2.244421,
        -0.836614 -0.731678 2.222286,
        -0.811075 -0.706322 2.265224,
        -0.836614 -0.710882 2.264331,
        -0.836614 -0.718819 2.254099,
        -0.836614 -0.693107 2.282087,
        -0.836614 -0.693735 2.281502,
        -0.815156 -0.689679 2.282360,
        -0.836614 -0.707478 2.268720,
        -0.820109 -0.669474 2.294789,
        -0.836614 -0.672994 2.294133,
        -0.836614 -0.677230 2.292408,
        -0.836614 -0.643285 2.302604,
        -0.836614 -0.649433 2.301384,
        -0.825636 -0.646932 2.301759,
        -0.836614 -0.660659 2.299156,
        -0.829562 -0.630919 2.303150,
        -0.836614 -0.632607 2.303150,
        -0.762757 -0.628188 2.301759,
        -0.768239 -0.612639 2.303150,
        -0.702027 -0.603348 2.301759,
        -0.709013 -0.588415 2.303150,
        -0.644035 -0.572654 2.301759,
        -0.652456 -0.558480 2.303150,
        -0.589345 -0.536404 2.301759,
        -0.599120 -0.523127 2.303150,
        -0.538487 -0.494948 2.301759,
        -0.549520 -0.482697 2.303150,
        -0.491954 -0.448690 2.301759,
        -0.504139 -0.437584 2.303150,
        -0.450198 -0.398078 2.301759,
        -0.463416 -0.388225 2.303150,
        -0.413623 -0.343603 2.301759,
        -0.427747 -0.335098 2.303150,
        -0.382586 -0.285794 2.301759,
        -0.397478 -0.278720 2.303150,
        -0.357387 -0.225213 2.301759,
        -0.372903 -0.219638 2.303150,
        -0.338271 -0.162445 2.301759,
        -0.354260 -0.158425 2.303150,
        -0.325423 -0.098102 2.301759,
        -0.341730 -0.095674 2.303150,
        -0.318967 -0.032807 2.301759,
        -0.335434 -0.031995 2.303150,
        -0.318967 0.032807 2.301759,
        -0.335434 0.031995 2.303150,
        -0.325423 0.098102 2.301759,
        -0.341730 0.095674 2.303150,
        -0.338271 0.162445 2.301759,
        -0.354260 0.158425 2.303150,
        -0.357387 0.225213 2.301759,
        -0.372903 0.219638 2.303150,
        -0.382586 0.285794 2.301759,
        -0.397478 0.278720 2.303150,
        -0.413623 0.343603 2.301759,
        -0.427747 0.335098 2.303150,
        -0.450198 0.398078 2.301759,
        -0.463416 0.388225 2.303150,
        -0.491954 0.448690 2.301759,
        -0.504139 0.437584 2.303150,
        -0.538487 0.494948 2.301759,
        -0.549520 0.482697 2.303150,
        -0.589345 0.536404 2.301759,
        -0.599120 0.523127 2.303150,
        -0.644035 0.572654 2.301759,
        -0.652456 0.558480 2.303150,
        -0.702027 0.603348 2.301759,
        -0.709013 0.588415 2.303150,
        -0.762757 0.628188 2.301759,
        -0.768239 0.612639 2.303150,
        -0.829562 0.630919 2.303150,
        -0.836614 0.632607 2.303150,
        -0.836614 0.683753 2.288550,
        -0.836614 0.672882 2.294041,
        -0.820109 0.669474 2.294789,
        -0.836614 0.667791 2.296612,
        -0.836614 0.698879 2.277192,
        -0.836614 0.693612 2.281147,
        -0.815156 0.689679 2.282360,
        -0.836614 0.722960 2.247270,
        -0.836614 0.712656 2.262832,
        -0.811075 0.706322 2.265224,
        -0.836614 0.711166 2.264385,
        -0.836614 0.729010 2.232941,
        -0.836614 0.724252 2.244211,
        -0.808115 0.718394 2.244421,
        -0.836614 0.731569 2.221144,
        -0.738290 0.697579 2.244421,
        -0.670852 0.669995 2.244421,
        -0.606454 0.635911 2.244421,
        -0.545723 0.595656 2.244421,
        -0.489246 0.549621 2.244421,
        -0.437573 0.498253 2.244421,
        -0.391205 0.442050 2.244421,
        -0.350591 0.381558 2.244421,
        -0.316125 0.317364 2.244421,
        -0.288143 0.250090 2.244421,
        -0.266914 0.180389 2.244421,
        -0.252647 0.108939 2.244421,
        -0.245478 0.036431 2.244421,
        -0.245478 -0.036431 2.244421,
        -0.252647 -0.108939 2.244421,
        -0.266914 -0.180389 2.244421,
        -0.288143 -0.250090 2.244421,
        -0.316125 -0.317364 2.244421,
        -0.350591 -0.381558 2.244421,
        -0.391205 -0.442050 2.244421,
        -0.437573 -0.498253 2.244421,
        -0.489246 -0.549621 2.244421,
        -0.545723 -0.595656 2.244421,
        -0.606454 -0.635911 2.244421,
        -0.670852 -0.669995 2.244421,
        -0.738290 -0.697579 2.244421,
        -0.742423 0.685857 2.265224,
        -0.676118 0.658737 2.265224,
        -0.612803 0.625225 2.265224,
        -0.553092 0.585646 2.265224,
        -0.497565 0.540385 2.265224,
        -0.446759 0.489880 2.265224,
        -0.401170 0.434622 2.265224,
        -0.361239 0.375146 2.265224,
        -0.327352 0.312031 2.265224,
        -0.299840 0.245887 2.265224,
        -0.278969 0.177358 2.265224,
        -0.264941 0.107108 2.265224,
        -0.257893 0.035819 2.265224,
        -0.257893 -0.035819 2.265224,
        -0.264941 -0.107108 2.265224,
        -0.278969 -0.177358 2.265224,
        -0.299840 -0.245887 2.265224,
        -0.327352 -0.312031 2.265224,
        -0.361239 -0.375146 2.265224,
        -0.401170 -0.434622 2.265224,
        -0.446759 -0.489880 2.265224,
        -0.497565 -0.540385 2.265224,
        -0.553092 -0.585646 2.265224,
        -0.612803 -0.625225 2.265224,
        -0.676118 -0.658737 2.265224,
        -0.742423 -0.685857 2.265224,
        -0.748121 0.669696 2.282360,
        -0.683378 0.643215 2.282360,
        -0.621555 0.610493 2.282360,
        -0.563251 0.571847 2.282360,
        -0.509032 0.527652 2.282360,
        -0.459424 0.478337 2.282360,
        -0.414909 0.424381 2.282360,
        -0.375918 0.366307 2.282360,
        -0.342830 0.304679 2.282360,
        -0.315966 0.240094 2.282360,
        -0.295587 0.173179 2.282360,
        -0.281890 0.104584 2.282360,
        -0.275007 0.034974 2.282360,
        -0.275007 -0.034974 2.282360,
        -0.281890 -0.104584 2.282360,
        -0.295587 -0.173179 2.282360,
        -0.315966 -0.240094 2.282360,
        -0.342830 -0.304679 2.282360,
        -0.375918 -0.366307 2.282360,
        -0.414909 -0.424381 2.282360,
        -0.459424 -0.478337 2.282360,
        -0.509032 -0.527652 2.282360,
        -0.563251 -0.571847 2.282360,
        -0.621555 -0.610493 2.282360,
        -0.683378 -0.643215 2.282360,
        -0.748121 -0.669696 2.282360,
        -0.755039 0.650077 2.294789,
        -0.692193 0.624372 2.294789,
        -0.632181 0.592608 2.294789,
        -0.575585 0.555094 2.294789,
        -0.522954 0.512194 2.294789,
        -0.474800 0.464324 2.294789,
        -0.431589 0.411948 2.294789,
        -0.393740 0.355576 2.294789,
        -0.361622 0.295753 2.294789,
        -0.335544 0.233060 2.294789,
        -0.315762 0.168106 2.294789,
        -0.302466 0.101520 2.294789,
        -0.295786 0.033950 2.294789,
        -0.295786 -0.033950 2.294789,
        -0.302466 -0.101520 2.294789,
        -0.315762 -0.168106 2.294789,
        -0.335544 -0.233060 2.294789,
        -0.361622 -0.295753 2.294789,
        -0.393740 -0.355576 2.294789,
        -0.431589 -0.411948 2.294789,
        -0.474800 -0.464324 2.294789,
        -0.522954 -0.512194 2.294789,
        -0.575585 -0.555094 2.294789,
        -0.632181 -0.592608 2.294789,
        -0.692193 -0.624372 2.294789,
        -0.755039 -0.650077 2.294789,
        -1.724134 0.103977 1.811024,
        -1.717910 0.145934 1.811024,
        -1.714621 0.145280 1.785549,
        -1.702847 0.206070 1.811024,
        -1.700074 0.217142 1.811024,
        -1.696864 0.216169 1.785549,
        -1.666976 0.303950 1.811024,
        -1.643957 0.352620 1.811024,
        -1.640999 0.351039 1.785549,
        -1.557014 0.480586 1.811024,
        -1.513190 0.528938 1.811024,
        -1.510819 0.526567 1.785549,
        -1.402455 0.620023 1.811024,
        -1.399836 0.621965 1.811024,
        -1.397973 0.619177 1.785549,
        -1.311805 0.671560 1.811024,
        -1.270511 0.691091 1.811024,
        -1.269228 0.687993 1.785549,
        -1.215212 0.710877 1.811024,
        -1.201394 0.715822 1.811024,
        -1.200420 0.712612 1.785549,
        -1.114055 0.736051 1.811024,
        -1.057572 0.744430 1.811024,
        -1.057243 0.741092 1.785549,
        -0.906094 0.743712 1.811024,
        -0.838318 0.733658 1.811024,
        -0.838972 0.730369 1.785549,
        -0.803506 0.724938 1.811024,
        -0.767110 0.715822 1.811024,
        -0.768083 0.712612 1.785549,
        -0.704133 0.693288 1.811024,
        -0.697993 0.691091 1.811024,
        -0.699276 0.687993 1.785549,
        -0.610648 0.647127 1.811024,
        -0.568668 0.621965 1.811024,
        -0.570531 0.619177 1.785549,
        -0.446554 0.519272 1.811024,
        -0.406016 0.474546 1.811024,
        -0.408608 0.472419 1.785549,
        -0.323850 0.351146 1.811024,
        -0.293161 0.286259 1.811024,
        -0.296259 0.284976 1.785549,
        -0.282170 0.255542 1.811024,
        -0.268430 0.217142 1.811024,
        -0.271640 0.216169 1.785549,
        -0.252971 0.155423 1.811024,
        -0.250594 0.145934 1.811024,
        -0.253883 0.145280 1.785549,
        -0.238782 0.052144 1.811024,
        -0.236220 0.000000 1.811024,
        -0.239574 0.000000 1.785549,
        -0.252971 -0.155423 1.811024,
        -0.268430 -0.217142 1.811024,
        -0.271640 -0.216169 1.785549,
        -0.323850 -0.351146 1.811024,
        -0.324547 -0.352620 1.811024,
        -0.327505 -0.351039 1.785549,
        -0.379776 -0.439167 1.811024,
        -0.406016 -0.474546 1.811024,
        -0.408608 -0.472419 1.785549,
        -0.446554 -0.519272 1.811024,
        -0.455314 -0.528938 1.811024,
        -0.457685 -0.526567 1.785549,
        -0.524114 -0.588922 1.811024,
        -0.568668 -0.621965 1.811024,
        -0.570531 -0.619177 1.785549,
        -0.704133 -0.693288 1.811024,
        -0.767110 -0.715822 1.811024,
        -0.768083 -0.712612 1.785549,
        -0.906094 -0.743712 1.811024,
        -0.910932 -0.744430 1.811024,
        -0.911261 -0.741092 1.785549,
        -1.010317 -0.746751 1.811024,
        -1.057572 -0.744430 1.811024,
        -1.057243 -0.741092 1.785549,
        -1.215212 -0.710877 1.811024,
        -1.270511 -0.691091 1.811024,
        -1.269228 -0.687993 1.785549,
        -1.402455 -0.620023 1.811024,
        -1.458798 -0.578236 1.811024,
        -1.456670 -0.575644 1.785549,
        -1.484180 -0.555231 1.811024,
        -1.513190 -0.528938 1.811024,
        -1.510819 -0.526567 1.785549,
        -1.557014 -0.480586 1.811024,
        -1.562488 -0.474546 1.811024,
        -1.559896 -0.472419 1.785549,
        -1.617956 -0.395999 1.811024,
        -1.643957 -0.352620 1.811024,
        -1.640999 -0.351039 1.785549,
        -1.702847 -0.206070 1.811024,
        -1.717910 -0.145934 1.811024,
        -1.714621 -0.145280 1.785549,
        -1.630730 -0.063672 1.712598,
        -1.621376 -0.126732 1.712598,
        -1.656082 -0.066169 1.715952,
        -1.646361 -0.131702 1.715952,
        -1.679706 -0.068496 1.725785,
        -1.669643 -0.136333 1.725785,
        -1.699992 -0.070494 1.741426,
        -1.689636 -0.140309 1.741426,
        -1.715559 -0.072028 1.761811,
        -1.704977 -0.143361 1.761811,
        -1.725344 -0.072991 1.785549,
        -1.584410 -0.248594 1.712598,
        -1.557154 -0.306222 1.712598,
        -1.607945 -0.258342 1.715952,
        -1.579620 -0.318231 1.715952,
        -1.629876 -0.267426 1.725785,
        -1.600555 -0.329421 1.725785,
        -1.648709 -0.275227 1.741426,
        -1.618533 -0.339030 1.741426,
        -1.663160 -0.281213 1.761811,
        -1.632327 -0.346404 1.761811,
        -1.672244 -0.284976 1.785549,
        -1.290474 -0.572902 1.712598,
        -1.232846 -0.600158 1.712598,
        -1.302483 -0.595368 1.715952,
        -1.242594 -0.623693 1.715952,
        -1.313673 -0.616303 1.725785,
        -1.251678 -0.645624 1.725785,
        -1.323282 -0.634281 1.741426,
        -1.259479 -0.664457 1.741426,
        -1.330656 -0.648076 1.761811,
        -1.265465 -0.678908 1.761811,
        -1.335291 -0.656747 1.785549,
        -1.110984 -0.637124 1.712598,
        -1.047924 -0.646478 1.712598,
        -1.115954 -0.662109 1.715952,
        -1.050421 -0.671830 1.715952,
        -1.120585 -0.685391 1.725785,
        -1.052748 -0.695454 1.725785,
        -1.124561 -0.705384 1.741426,
        -1.054746 -0.715740 1.741426,
        -1.127613 -0.720725 1.761811,
        -1.056280 -0.731307 1.761811,
        -1.129531 -0.730369 1.785549,
        -0.857520 -0.637124 1.712598,
        -0.795681 -0.621635 1.712598,
        -0.852550 -0.662109 1.715952,
        -0.788286 -0.646012 1.715952,
        -0.847919 -0.685391 1.725785,
        -0.781396 -0.668728 1.725785,
        -0.843943 -0.705384 1.741426,
        -0.775478 -0.688235 1.741426,
        -0.840891 -0.720725 1.761811,
        -0.770938 -0.703203 1.761811,
        -0.838972 -0.730369 1.785549,
        -0.678030 -0.572902 1.712598,
        -0.623350 -0.540128 1.712598,
        -0.666021 -0.595368 1.715952,
        -0.609197 -0.561309 1.715952,
        -0.654831 -0.616303 1.725785,
        -0.596009 -0.581047 1.725785,
        -0.645222 -0.634281 1.741426,
        -0.584684 -0.597996 1.741426,
        -0.637848 -0.648076 1.761811,
        -0.575994 -0.611001 1.761811,
        -0.633213 -0.656747 1.785549,
        -0.384094 -0.248594 1.712598,
        -0.362617 -0.188571 1.712598,
        -0.360559 -0.258342 1.715952,
        -0.338240 -0.195966 1.715952,
        -0.338628 -0.267426 1.725785,
        -0.315524 -0.202856 1.725785,
        -0.319794 -0.275227 1.741426,
        -0.296017 -0.208774 1.741426,
        -0.305344 -0.281213 1.761811,
        -0.281049 -0.213314 1.761811,
        -0.296259 -0.284976 1.785549,
        -0.337774 -0.063672 1.712598,
        -0.334646 0.000000 1.712598,
        -0.312422 -0.066169 1.715952,
        -0.309171 0.000000 1.715952,
        -0.288798 -0.068496 1.725785,
        -0.285433 0.000000 1.725785,
        -0.268512 -0.070494 1.741426,
        -0.265048 0.000000 1.741426,
        -0.252945 -0.072028 1.761811,
        -0.249407 0.000000 1.761811,
        -0.243160 -0.072991 1.785549,
        -0.444124 0.360902 1.712598,
        -0.482100 0.412106 1.712598,
        -0.422943 0.375055 1.715952,
        -0.462407 0.428267 1.715952,
        -0.403205 0.388243 1.725785,
        -0.444057 0.443326 1.725785,
        -0.386256 0.399568 1.741426,
        -0.428300 0.456258 1.741426,
        -0.373251 0.408258 1.761811,
        -0.416209 0.466181 1.761811,
        -0.365075 0.413721 1.785549,
        -0.572146 0.502152 1.712598,
        -0.623350 0.540128 1.712598,
        -0.555985 0.521844 1.715952,
        -0.609197 0.561309 1.715952,
        -0.540926 0.540194 1.725785,
        -0.596009 0.581047 1.725785,
        -0.527994 0.555952 1.741426,
        -0.584684 0.597996 1.741426,
        -0.518071 0.568043 1.761811,
        -0.575994 0.611001 1.761811,
        -0.511833 0.575644 1.785549,
        -0.984252 0.649606 1.712598,
        -1.047924 0.646478 1.712598,
        -0.984252 0.675081 1.715952,
        -1.050421 0.671830 1.715952,
        -0.984252 0.698819 1.725785,
        -1.052748 0.695454 1.725785,
        -0.984252 0.719204 1.741426,
        -1.054746 0.715740 1.741426,
        -0.984252 0.734845 1.761811,
        -1.056280 0.731307 1.761811,
        -0.984252 0.744678 1.785549,
        -1.396358 0.502152 1.712598,
        -1.443593 0.459341 1.712598,
        -1.412519 0.521844 1.715952,
        -1.461606 0.477354 1.715952,
        -1.427578 0.540194 1.725785,
        -1.478392 0.494140 1.725785,
        -1.440510 0.555952 1.741426,
        -1.492806 0.508554 1.741426,
        -1.450433 0.568043 1.761811,
        -1.503866 0.519614 1.761811,
        -1.456670 0.575644 1.785549,
        -1.524380 0.360902 1.712598,
        -1.557154 0.306222 1.712598,
        -1.545561 0.375055 1.715952,
        -1.579620 0.318231 1.715952,
        -1.565298 0.388243 1.725785,
        -1.600555 0.329421 1.725785,
        -1.582248 0.399568 1.741426,
        -1.618533 0.339030 1.741426,
        -1.595253 0.408258 1.761811,
        -1.632327 0.346404 1.761811,
        -1.603429 0.413721 1.785549,
        -1.633858 0.000000 1.712598,
        -1.659333 0.000000 1.715952,
        -1.683071 0.000000 1.725785,
        -1.703456 0.000000 1.741426,
        -1.719097 0.000000 1.761811,
        -1.728930 0.000000 1.785549,
        -1.732283 0.000000 1.811024,
        -1.728681 -0.073320 1.811024,
        -1.724134 -0.103977 1.811024,
        -1.700074 -0.217142 1.811024,
        -1.696864 -0.216169 1.785549,
        -1.687455 -0.213314 1.761811,
        -1.672487 -0.208774 1.741426,
        -1.652980 -0.202856 1.725785,
        -1.630264 -0.195966 1.715952,
        -1.605887 -0.188571 1.712598,
        -1.675343 -0.286259 1.811024,
        -1.666976 -0.303950 1.811024,
        -1.606217 -0.415584 1.811024,
        -1.603429 -0.413721 1.785549,
        -1.595253 -0.408258 1.761811,
        -1.582248 -0.399568 1.741426,
        -1.565298 -0.388243 1.725785,
        -1.545561 -0.375055 1.715952,
        -1.524380 -0.360902 1.712598,
        -1.486404 -0.412106 1.712598,
        -1.506096 -0.428267 1.715952,
        -1.524446 -0.443326 1.725785,
        -1.540204 -0.456258 1.741426,
        -1.552295 -0.466181 1.761811,
        -1.503866 -0.519614 1.761811,
        -1.492806 -0.508554 1.741426,
        -1.478392 -0.494140 1.725785,
        -1.461606 -0.477354 1.715952,
        -1.443593 -0.459341 1.712598,
        -1.450433 -0.568043 1.761811,
        -1.440510 -0.555952 1.741426,
        -1.427578 -0.540194 1.725785,
        -1.412519 -0.521844 1.715952,
        -1.396358 -0.502152 1.712598,
        -1.399836 -0.621965 1.811024,
        -1.397973 -0.619177 1.785549,
        -1.392510 -0.611001 1.761811,
        -1.383820 -0.597996 1.741426,
        -1.372495 -0.581047 1.725785,
        -1.359307 -0.561309 1.715952,
        -1.345154 -0.540128 1.712598,
        -1.336872 -0.659705 1.811024,
        -1.311805 -0.671560 1.811024,
        -1.201394 -0.715822 1.811024,
        -1.200420 -0.712612 1.785549,
        -1.197566 -0.703203 1.761811,
        -1.193026 -0.688235 1.741426,
        -1.187108 -0.668728 1.725785,
        -1.180217 -0.646012 1.715952,
        -1.172823 -0.621635 1.712598,
        -1.130186 -0.733658 1.811024,
        -1.114055 -0.736051 1.811024,
        -0.984252 -0.748031 1.811024,
        -0.984252 -0.744678 1.785549,
        -0.984252 -0.734845 1.761811,
        -0.984252 -0.719204 1.741426,
        -0.984252 -0.698819 1.725785,
        -0.984252 -0.675081 1.715952,
        -0.984252 -0.649606 1.712598,
        -0.920580 -0.646478 1.712598,
        -0.918082 -0.671830 1.715952,
        -0.915756 -0.695454 1.725785,
        -0.913758 -0.715740 1.741426,
        -0.912224 -0.731307 1.761811,
        -0.838318 -0.733658 1.811024,
        -0.803506 -0.724938 1.811024,
        -0.697993 -0.691091 1.811024,
        -0.699276 -0.687993 1.785549,
        -0.703039 -0.678908 1.761811,
        -0.709025 -0.664457 1.741426,
        -0.716826 -0.645624 1.725785,
        -0.725910 -0.623693 1.715952,
        -0.735658 -0.600158 1.712598,
        -0.631632 -0.659705 1.811024,
        -0.610648 -0.647127 1.811024,
        -0.509706 -0.578236 1.811024,
        -0.511833 -0.575644 1.785549,
        -0.518071 -0.568043 1.761811,
        -0.527994 -0.555952 1.741426,
        -0.540926 -0.540194 1.725785,
        -0.555985 -0.521844 1.715952,
        -0.572146 -0.502152 1.712598,
        -0.524911 -0.459341 1.712598,
        -0.506898 -0.477354 1.715952,
        -0.490112 -0.494140 1.725785,
        -0.475698 -0.508554 1.741426,
        -0.464638 -0.519614 1.761811,
        -0.416209 -0.466181 1.761811,
        -0.428300 -0.456258 1.741426,
        -0.444057 -0.443326 1.725785,
        -0.462407 -0.428267 1.715952,
        -0.482100 -0.412106 1.712598,
        -0.362287 -0.415584 1.811024,
        -0.365075 -0.413721 1.785549,
        -0.373251 -0.408258 1.761811,
        -0.386256 -0.399568 1.741426,
        -0.403205 -0.388243 1.725785,
        -0.422943 -0.375055 1.715952,
        -0.444124 -0.360902 1.712598,
        -0.411350 -0.306222 1.712598,
        -0.388884 -0.318231 1.715952,
        -0.367949 -0.329421 1.725785,
        -0.349971 -0.339030 1.741426,
        -0.336176 -0.346404 1.761811,
        -0.293161 -0.286259 1.811024,
        -0.282170 -0.255542 1.811024,
        -0.250594 -0.145934 1.811024,
        -0.253883 -0.145280 1.785549,
        -0.263527 -0.143361 1.761811,
        -0.278868 -0.140309 1.741426,
        -0.298861 -0.136333 1.725785,
        -0.322143 -0.131702 1.715952,
        -0.347128 -0.126732 1.712598,
        -0.239822 -0.073320 1.811024,
        -0.238782 -0.052144 1.811024,
        -0.239822 0.073320 1.811024,
        -0.243160 0.072991 1.785549,
        -0.252945 0.072028 1.761811,
        -0.268512 0.070494 1.741426,
        -0.288798 0.068496 1.725785,
        -0.312422 0.066169 1.715952,
        -0.337774 0.063672 1.712598,
        -0.347128 0.126732 1.712598,
        -0.322143 0.131702 1.715952,
        -0.298861 0.136333 1.725785,
        -0.278868 0.140309 1.741426,
        -0.263527 0.143361 1.761811,
        -0.281049 0.213314 1.761811,
        -0.296017 0.208774 1.741426,
        -0.315524 0.202856 1.725785,
        -0.338240 0.195966 1.715952,
        -0.362617 0.188571 1.712598,
        -0.305344 0.281213 1.761811,
        -0.319794 0.275227 1.741426,
        -0.338628 0.267426 1.725785,
        -0.360559 0.258342 1.715952,
        -0.384094 0.248594 1.712598,
        -0.324547 0.352620 1.811024,
        -0.327505 0.351039 1.785549,
        -0.336176 0.346404 1.761811,
        -0.349971 0.339030 1.741426,
        -0.367949 0.329421 1.725785,
        -0.388884 0.318231 1.715952,
        -0.411350 0.306222 1.712598,
        -0.362287 0.415584 1.811024,
        -0.379776 0.439167 1.811024,
        -0.455314 0.528938 1.811024,
        -0.457685 0.526567 1.785549,
        -0.464638 0.519614 1.761811,
        -0.475698 0.508554 1.741426,
        -0.490112 0.494140 1.725785,
        -0.506898 0.477354 1.715952,
        -0.524911 0.459341 1.712598,
        -0.509706 0.578236 1.811024,
        -0.524114 0.588922 1.811024,
        -0.631632 0.659705 1.811024,
        -0.633213 0.656747 1.785549,
        -0.637848 0.648076 1.761811,
        -0.645222 0.634281 1.741426,
        -0.654831 0.616303 1.725785,
        -0.666021 0.595368 1.715952,
        -0.678030 0.572902 1.712598,
        -0.735658 0.600158 1.712598,
        -0.725910 0.623693 1.715952,
        -0.716826 0.645624 1.725785,
        -0.709025 0.664457 1.741426,
        -0.703039 0.678908 1.761811,
        -0.770938 0.703203 1.761811,
        -0.775478 0.688235 1.741426,
        -0.781396 0.668728 1.725785,
        -0.788286 0.646012 1.715952,
        -0.795681 0.621635 1.712598,
        -0.840891 0.720725 1.761811,
        -0.843943 0.705384 1.741426,
        -0.847919 0.685391 1.725785,
        -0.852550 0.662109 1.715952,
        -0.857520 0.637124 1.712598,
        -0.910932 0.744430 1.811024,
        -0.911261 0.741092 1.785549,
        -0.912224 0.731307 1.761811,
        -0.913758 0.715740 1.741426,
        -0.915756 0.695454 1.725785,
        -0.918082 0.671830 1.715952,
        -0.920580 0.646478 1.712598,
        -0.984252 0.748031 1.811024,
        -1.010317 0.746751 1.811024,
        -1.130186 0.733658 1.811024,
        -1.129531 0.730369 1.785549,
        -1.127613 0.720725 1.761811,
        -1.124561 0.705384 1.741426,
        -1.120585 0.685391 1.725785,
        -1.115954 0.662109 1.715952,
        -1.110984 0.637124 1.712598,
        -1.172823 0.621635 1.712598,
        -1.180217 0.646012 1.715952,
        -1.187108 0.668728 1.725785,
        -1.193026 0.688235 1.741426,
        -1.197566 0.703203 1.761811,
        -1.265465 0.678908 1.761811,
        -1.259479 0.664457 1.741426,
        -1.251678 0.645624 1.725785,
        -1.242594 0.623693 1.715952,
        -1.232846 0.600158 1.712598,
        -1.336872 0.659705 1.811024,
        -1.335291 0.656747 1.785549,
        -1.330656 0.648076 1.761811,
        -1.323282 0.634281 1.741426,
        -1.313673 0.616303 1.725785,
        -1.302483 0.595368 1.715952,
        -1.290474 0.572902 1.712598,
        -1.345154 0.540128 1.712598,
        -1.359307 0.561309 1.715952,
        -1.372495 0.581047 1.725785,
        -1.383820 0.597996 1.741426,
        -1.392510 0.611001 1.761811,
        -1.458798 0.578236 1.811024,
        -1.484180 0.555231 1.811024,
        -1.562488 0.474546 1.811024,
        -1.559896 0.472419 1.785549,
        -1.552295 0.466181 1.761811,
        -1.540204 0.456258 1.741426,
        -1.524446 0.443326 1.725785,
        -1.506096 0.428267 1.715952,
        -1.486404 0.412106 1.712598,
        -1.606217 0.415584 1.811024,
        -1.617956 0.395999 1.811024,
        -1.675343 0.286259 1.811024,
        -1.672244 0.284976 1.785549,
        -1.663160 0.281213 1.761811,
        -1.648709 0.275227 1.741426,
        -1.629876 0.267426 1.725785,
        -1.607945 0.258342 1.715952,
        -1.584410 0.248594 1.712598,
        -1.605887 0.188571 1.712598,
        -1.630264 0.195966 1.715952,
        -1.652980 0.202856 1.725785,
        -1.672487 0.208774 1.741426,
        -1.687455 0.213314 1.761811,
        -1.704977 0.143361 1.761811,
        -1.689636 0.140309 1.741426,
        -1.669643 0.136333 1.725785,
        -1.646361 0.131702 1.715952,
        -1.621376 0.126732 1.712598,
        -1.728681 0.073320 1.811024,
        -1.725344 0.072991 1.785549,
        -1.715559 0.072028 1.761811,
        -1.699992 0.070494 1.741426,
        -1.679706 0.068496 1.725785,
        -1.656082 0.066169 1.715952,
        -1.630730 0.063672 1.712598,
        -1.131890 -0.650714 2.301510,
        -1.131890 -0.649501 2.301620,
        -1.142868 -0.646932 2.301759,
        -1.162380 -0.726513 2.204724,
        -1.131890 -0.733317 2.204724,
        -1.131890 -0.732652 2.216148,
        -1.162048 -0.725163 2.221211,
        -1.215211 -0.710765 2.204724,
        -1.232531 -0.704152 2.221211,
        -1.232994 -0.705463 2.204724,
        -1.300605 -0.676309 2.221211,
        -1.301194 -0.677568 2.204724,
        -1.311933 -0.671884 2.204724,
        -1.366320 -0.643098 2.204724,
        -1.365609 -0.641903 2.221211,
        -1.402058 -0.619410 2.204724,
        -1.426913 -0.601269 2.221211,
        -1.427738 -0.602388 2.204724,
        -1.484780 -0.555892 2.204724,
        -1.483922 -0.554800 2.221211,
        -1.484852 -0.555833 2.204724,
        -1.536082 -0.502948 2.221211,
        -1.537109 -0.503884 2.204724,
        -1.666985 -0.303991 2.204724,
        -1.659931 -0.320951 2.204724,
        -1.658674 -0.320354 2.221211,
        -1.625076 -0.385871 2.204724,
        -1.623884 -0.385154 2.221211,
        -1.618198 -0.396114 2.204724,
        -1.582887 -0.446215 2.221211,
        -1.584002 -0.447046 2.204724,
        -1.556597 -0.480264 2.204724,
        -1.688230 -0.252917 2.204724,
        -1.686921 -0.252446 2.221211,
        -1.702533 -0.205950 2.204724,
        -1.708349 -0.182089 2.221211,
        -1.709697 -0.182428 2.204724,
        -1.722750 -0.109965 2.221211,
        -1.724126 -0.110170 2.204724,
        -1.724728 -0.104079 2.204724,
        -1.729987 -0.036774 2.221211,
        -1.731376 -0.036843 2.204724,
        -1.731376 0.000000 2.204724,
        -1.729987 0.036774 2.221211,
        -1.731376 0.036843 2.204724,
        -1.724728 0.104079 2.204724,
        -1.722750 0.109965 2.221211,
        -1.724126 0.110170 2.204724,
        -1.708349 0.182089 2.221211,
        -1.709697 0.182428 2.204724,
        -1.618198 0.396114 2.204724,
        -1.625076 0.385871 2.204724,
        -1.623884 0.385154 2.221211,
        -1.659931 0.320951 2.204724,
        -1.658674 0.320354 2.221211,
        -1.666985 0.303991 2.204724,
        -1.686921 0.252446 2.221211,
        -1.688230 0.252917 2.204724,
        -1.702533 0.205950 2.204724,
        -1.584002 0.447046 2.204724,
        -1.582887 0.446215 2.221211,
        -1.556597 0.480264 2.204724,
        -1.536082 0.502948 2.221211,
        -1.537109 0.503884 2.204724,
        -1.483922 0.554800 2.221211,
        -1.484852 0.555833 2.204724,
        -1.484780 0.555892 2.204724,
        -1.426913 0.601269 2.221211,
        -1.427738 0.602388 2.204724,
        -1.232531 0.704152 2.221211,
        -1.301194 0.677568 2.204724,
        -1.300605 0.676309 2.221211,
        -1.311933 0.671884 2.204724,
        -1.365609 0.641903 2.221211,
        -1.366320 0.643098 2.204724,
        -1.402058 0.619410 2.204724,
        -1.162380 0.726513 2.204724,
        -1.215211 0.710765 2.204724,
        -1.232994 0.705463 2.204724,
        -1.162048 0.725163 2.221211,
        -1.131890 0.731779 2.221201,
        -1.131890 0.733317 2.204724,
        -1.131890 0.724041 2.244056,
        -1.131890 0.726849 2.238657,
        -1.160389 0.718394 2.244421,
        -1.131890 0.731678 2.222286,
        -1.157429 0.706322 2.265224,
        -1.131890 0.710882 2.264331,
        -1.131890 0.718819 2.254099,
        -1.131890 0.693107 2.282087,
        -1.131890 0.693735 2.281502,
        -1.153348 0.689679 2.282360,
        -1.131890 0.707478 2.268720,
        -1.148394 0.669474 2.294789,
        -1.131890 0.672994 2.294133,
        -1.131890 0.677230 2.292408,
        -1.131890 0.643285 2.302604,
        -1.131890 0.649433 2.301384,
        -1.142868 0.646932 2.301759,
        -1.131890 0.660659 2.299156,
        -1.138942 0.630919 2.303150,
        -1.131890 0.632607 2.303150,
        -1.205747 0.628188 2.301759,
        -1.200265 0.612639 2.303150,
        -1.266477 0.603348 2.301759,
        -1.259491 0.588415 2.303150,
        -1.324469 0.572654 2.301759,
        -1.316048 0.558480 2.303150,
        -1.379159 0.536404 2.301759,
        -1.369384 0.523127 2.303150,
        -1.430017 0.494948 2.301759,
        -1.418984 0.482697 2.303150,
        -1.476550 0.448690 2.301759,
        -1.464365 0.437584 2.303150,
        -1.518306 0.398078 2.301759,
        -1.505088 0.388225 2.303150,
        -1.554881 0.343603 2.301759,
        -1.540757 0.335098 2.303150,
        -1.585918 0.285794 2.301759,
        -1.571026 0.278720 2.303150,
        -1.611117 0.225213 2.301759,
        -1.595601 0.219638 2.303150,
        -1.630233 0.162445 2.301759,
        -1.614244 0.158425 2.303150,
        -1.643081 0.098102 2.301759,
        -1.626774 0.095674 2.303150,
        -1.649537 0.032807 2.301759,
        -1.633070 0.031995 2.303150,
        -1.649537 -0.032807 2.301759,
        -1.633070 -0.031995 2.303150,
        -1.643081 -0.098102 2.301759,
        -1.626774 -0.095674 2.303150,
        -1.630233 -0.162445 2.301759,
        -1.614244 -0.158425 2.303150,
        -1.611117 -0.225213 2.301759,
        -1.595601 -0.219638 2.303150,
        -1.585918 -0.285794 2.301759,
        -1.571026 -0.278720 2.303150,
        -1.554881 -0.343603 2.301759,
        -1.540757 -0.335098 2.303150,
        -1.518306 -0.398078 2.301759,
        -1.505088 -0.388225 2.303150,
        -1.476550 -0.448690 2.301759,
        -1.464365 -0.437584 2.303150,
        -1.430017 -0.494948 2.301759,
        -1.418984 -0.482697 2.303150,
        -1.379159 -0.536404 2.301759,
        -1.369384 -0.523127 2.303150,
        -1.324469 -0.572654 2.301759,
        -1.316048 -0.558480 2.303150,
        -1.266477 -0.603348 2.301759,
        -1.259491 -0.588415 2.303150,
        -1.205747 -0.628188 2.301759,
        -1.200265 -0.612639 2.303150,
        -1.138942 -0.630919 2.303150,
        -1.131890 -0.632607 2.303150,
        -1.131890 -0.683753 2.288550,
        -1.131890 -0.672882 2.294041,
        -1.148394 -0.669474 2.294789,
        -1.131890 -0.667791 2.296612,
        -1.131890 -0.698879 2.277192,
        -1.131890 -0.693612 2.281147,
        -1.153348 -0.689679 2.282360,
        -1.131890 -0.722960 2.247270,
        -1.131890 -0.712656 2.262832,
        -1.157429 -0.706322 2.265224,
        -1.131890 -0.711166 2.264385,
        -1.131890 -0.729010 2.232941,
        -1.131890 -0.724252 2.244211,
        -1.160389 -0.718394 2.244421,
        -1.131890 -0.731569 2.221144,
        -1.230214 -0.697579 2.244421,
        -1.297652 -0.669995 2.244421,
        -1.362050 -0.635911 2.244421,
        -1.422781 -0.595656 2.244421,
        -1.479257 -0.549621 2.244421,
        -1.530931 -0.498253 2.244421,
        -1.577299 -0.442050 2.244421,
        -1.617913 -0.381558 2.244421,
        -1.652379 -0.317364 2.244421,
        -1.680361 -0.250090 2.244421,
        -1.701590 -0.180389 2.244421,
        -1.715857 -0.108939 2.244421,
        -1.723026 -0.036431 2.244421,
        -1.723026 0.036431 2.244421,
        -1.715857 0.108939 2.244421,
        -1.701590 0.180389 2.244421,
        -1.680361 0.250090 2.244421,
        -1.652379 0.317364 2.244421,
        -1.617913 0.381558 2.244421,
        -1.577299 0.442050 2.244421,
        -1.530931 0.498253 2.244421,
        -1.479257 0.549621 2.244421,
        -1.422781 0.595656 2.244421,
        -1.362050 0.635911 2.244421,
        -1.297652 0.669995 2.244421,
        -1.230214 0.697579 2.244421,
        -1.226081 -0.685857 2.265224,
        -1.292386 -0.658737 2.265224,
        -1.355701 -0.625225 2.265224,
        -1.415412 -0.585646 2.265224,
        -1.470939 -0.540385 2.265224,
        -1.521744 -0.489880 2.265224,
        -1.567334 -0.434622 2.265224,
        -1.607265 -0.375146 2.265224,
        -1.641152 -0.312031 2.265224,
        -1.668664 -0.245887 2.265224,
        -1.689535 -0.177358 2.265224,
        -1.703563 -0.107108 2.265224,
        -1.710611 -0.035819 2.265224,
        -1.710611 0.035819 2.265224,
        -1.703563 0.107108 2.265224,
        -1.689535 0.177358 2.265224,
        -1.668664 0.245887 2.265224,
        -1.641152 0.312031 2.265224,
        -1.607265 0.375146 2.265224,
        -1.567334 0.434622 2.265224,
        -1.521744 0.489880 2.265224,
        -1.470939 0.540385 2.265224,
        -1.415412 0.585646 2.265224,
        -1.355701 0.625225 2.265224,
        -1.292386 0.658737 2.265224,
        -1.226081 0.685857 2.265224,
        -1.220383 -0.669696 2.282360,
        -1.285126 -0.643215 2.282360,
        -1.346949 -0.610493 2.282360,
        -1.405253 -0.571847 2.282360,
        -1.459472 -0.527652 2.282360,
        -1.509080 -0.478337 2.282360,
        -1.553595 -0.424381 2.282360,
        -1.592585 -0.366307 2.282360,
        -1.625674 -0.304679 2.282360,
        -1.652538 -0.240094 2.282360,
        -1.672917 -0.173179 2.282360,
        -1.686614 -0.104584 2.282360,
        -1.693496 -0.034974 2.282360,
        -1.693496 0.034974 2.282360,
        -1.686614 0.104584 2.282360,
        -1.672917 0.173179 2.282360,
        -1.652538 0.240094 2.282360,
        -1.625674 0.304679 2.282360,
        -1.592585 0.366307 2.282360,
        -1.553595 0.424381 2.282360,
        -1.509080 0.478337 2.282360,
        -1.459472 0.527652 2.282360,
        -1.405253 0.571847 2.282360,
        -1.346949 0.610493 2.282360,
        -1.285126 0.643215 2.282360,
        -1.220383 0.669696 2.282360,
        -1.213465 -0.650077 2.294789,
        -1.276311 -0.624372 2.294789,
        -1.336323 -0.592608 2.294789,
        -1.392919 -0.555094 2.294789,
        -1.445550 -0.512194 2.294789,
        -1.493704 -0.464324 2.294789,
        -1.536915 -0.411948 2.294789,
        -1.574764 -0.355576 2.294789,
        -1.606882 -0.295753 2.294789,
        -1.632959 -0.233060 2.294789,
        -1.652742 -0.168106 2.294789,
        -1.666038 -0.101520 2.294789,
        -1.672718 -0.033950 2.294789,
        -1.672718 0.033950 2.294789,
        -1.666038 0.101520 2.294789,
        -1.652742 0.168106 2.294789,
        -1.632959 0.233060 2.294789,
        -1.606882 0.295753 2.294789,
        -1.574764 0.355576 2.294789,
        -1.536915 0.411948 2.294789,
        -1.493704 0.464324 2.294789,
        -1.445550 0.512194 2.294789,
        -1.392919 0.555094 2.294789,
        -1.336323 0.592608 2.294789,
        -1.276311 0.624372 2.294789,
        -1.213465 0.650077 2.294789,
        -0.836614 0.733317 1.988189,
        -0.906061 0.743934 1.988189,
        -0.836614 0.367551 1.988189,
        -1.010358 0.747576 1.988189,
        -1.131890 0.367551 1.988189,
        -1.114146 0.736667 1.988189,
        -1.131890 0.733317 1.988189,
        -1.131890 -0.733317 1.988189,
        -1.114146 -0.736667 1.988189,
        -1.131890 -0.367551 1.988189,
        -1.010358 -0.747576 1.988189,
        -0.836614 -0.367551 1.988189,
        -0.906061 -0.743934 1.988189,
        -0.836614 -0.733317 1.988189,
        -0.387869 -0.147638 2.303150,
        -0.387869 0.147638 2.303150,
        -1.580635 0.147638 2.303150,
        -1.580635 -0.147638 2.303150,
        -1.346163 -0.303679 1.712598,
        -1.393398 -0.236220 1.712598,
        -1.428201 -0.161584 1.712598,
        -0.902213 0.465263 1.712598,
        -0.822668 0.443949 1.712598,
        -0.748031 0.409146 1.712598,
        -0.984252 0.472441 1.712598,
        -1.449515 0.082039 1.712598,
        -1.428201 0.161584 1.712598,
        -1.393398 0.236220 1.712598,
        -1.456693 0.000000 1.712598,
        -1.066291 -0.465263 1.712598,
        -1.145836 -0.443949 1.712598,
        -1.220472 -0.409146 1.712598,
        -0.622341 0.303679 1.712598,
        -0.680573 0.361911 1.712598,
        -1.066291 0.465263 1.712598,
        -1.287931 0.361911 1.712598,
        -1.220472 0.409146 1.712598,
        -1.145836 0.443949 1.712598,
        -1.346163 0.303679 1.712598,
        -1.449515 -0.082039 1.712598,
        -1.287931 -0.361911 1.712598,
        -0.518989 -0.082039 1.712598,
        -0.540303 -0.161584 1.712598,
        -0.575106 -0.236220 1.712598,
        -0.511811 0.000000 1.712598,
        -0.984252 -0.472441 1.712598,
        -0.518989 0.082039 1.712598,
        -0.540303 0.161584 1.712598,
        -0.575106 0.236220 1.712598,
        -0.902213 -0.465263 1.712598,
        -0.680573 -0.361911 1.712598,
        -0.748031 -0.409146 1.712598,
        -0.822668 -0.443949 1.712598,
        -0.622341 -0.303679 1.712598,
        -0.984252 0.000000 0.216535,
      ]
    }
    coordIndex [
      52, 53, 54, -1,
      55, 56, 57, -1,
      55, 58, 59, -1,
      59, 58, 60, -1,
      59, 60, 61, -1,
      62, 63, 64, -1,
      64, 63, 65, -1,
      64, 65, 66, -1,
      66, 65, 67, -1,
      66, 67, 68, -1,
      68, 67, 69, -1,
      68, 69, 60, -1,
      60, 69, 70, -1,
      60, 70, 61, -1,
      62, 64, 71, -1,
      71, 64, 72, -1,
      71, 72, 73, -1,
      73, 72, 74, -1,
      73, 74, 75, -1,
      75, 74, 76, -1,
      75, 76, 77, -1,
      77, 76, 78, -1,
      78, 76, 79, -1,
      78, 79, 80, -1,
      80, 79, 81, -1,
      81, 79, 82, -1,
      81, 82, 83, -1,
      83, 82, 84, -1,
      84, 82, 85, -1,
      84, 85, 86, -1,
      86, 85, 87, -1,
      86, 87, 88, -1,
      89, 90, 91, -1,
      91, 90, 92, -1,
      91, 92, 93, -1,
      93, 92, 94, -1,
      93, 94, 95, -1,
      95, 94, 96, -1,
      95, 96, 87, -1,
      87, 96, 97, -1,
      87, 97, 88, -1,
      89, 91, 98, -1,
      98, 91, 99, -1,
      98, 99, 100, -1,
      100, 99, 101, -1,
      100, 101, 102, -1,
      102, 101, 103, -1,
      102, 103, 104, -1,
      104, 103, 105, -1,
      105, 103, 106, -1,
      105, 106, 107, -1,
      108, 109, 110, -1,
      110, 109, 111, -1,
      110, 111, 112, -1,
      112, 111, 113, -1,
      112, 113, 114, -1,
      114, 113, 115, -1,
      114, 115, 106, -1,
      106, 115, 116, -1,
      106, 116, 107, -1,
      108, 110, 117, -1,
      117, 110, 118, -1,
      117, 118, 119, -1,
      119, 118, 120, -1,
      119, 120, 121, -1,
      121, 120, 122, -1,
      121, 122, 123, -1,
      123, 122, 124, -1,
      124, 122, 125, -1,
      124, 125, 126, -1,
      126, 125, 127, -1,
      127, 125, 128, -1,
      127, 128, 129, -1,
      129, 128, 130, -1,
      130, 128, 131, -1,
      130, 131, 132, -1,
      132, 131, 133, -1,
      132, 133, 134, -1,
      135, 136, 137, -1,
      137, 136, 138, -1,
      139, 140, 141, -1,
      142, 143, 144, -1,
      144, 143, 145, -1,
      146, 147, 148, -1,
      149, 150, 151, -1,
      151, 150, 152, -1,
      153, 154, 149, -1,
      149, 151, 153, -1,
      153, 151, 155, -1,
      153, 155, 156, -1,
      156, 155, 157, -1,
      156, 157, 158, -1,
      158, 157, 159, -1,
      158, 159, 160, -1,
      160, 159, 161, -1,
      160, 161, 162, -1,
      162, 161, 163, -1,
      162, 163, 164, -1,
      164, 163, 165, -1,
      164, 165, 166, -1,
      166, 165, 167, -1,
      166, 167, 168, -1,
      168, 167, 169, -1,
      168, 169, 170, -1,
      170, 169, 171, -1,
      170, 171, 172, -1,
      172, 171, 173, -1,
      172, 173, 174, -1,
      174, 173, 175, -1,
      174, 175, 176, -1,
      176, 175, 177, -1,
      176, 177, 178, -1,
      178, 177, 179, -1,
      178, 179, 180, -1,
      180, 179, 181, -1,
      180, 181, 182, -1,
      182, 181, 183, -1,
      182, 183, 184, -1,
      184, 183, 185, -1,
      184, 185, 186, -1,
      186, 185, 187, -1,
      186, 187, 188, -1,
      188, 187, 189, -1,
      188, 189, 190, -1,
      190, 189, 191, -1,
      190, 191, 192, -1,
      192, 191, 193, -1,
      192, 193, 194, -1,
      194, 193, 195, -1,
      194, 195, 196, -1,
      196, 195, 197, -1,
      196, 197, 198, -1,
      198, 197, 199, -1,
      198, 199, 200, -1,
      200, 199, 201, -1,
      200, 201, 202, -1,
      202, 201, 203, -1,
      202, 203, 204, -1,
      204, 203, 205, -1,
      204, 205, 206, -1,
      206, 205, 54, -1,
      206, 54, 207, -1,
      207, 54, 53, -1,
      207, 53, 208, -1,
      209, 210, 211, -1,
      211, 210, 212, -1,
      211, 212, 52, -1,
      213, 214, 215, -1,
      215, 214, 209, -1,
      216, 217, 218, -1,
      218, 217, 219, -1,
      218, 219, 213, -1,
      220, 221, 222, -1,
      222, 221, 216, -1,
      55, 57, 58, -1,
      58, 57, 223, -1,
      58, 223, 220, -1,
      220, 222, 58, -1,
      58, 222, 224, -1,
      58, 224, 60, -1,
      60, 224, 225, -1,
      60, 225, 68, -1,
      68, 225, 226, -1,
      68, 226, 66, -1,
      66, 226, 227, -1,
      66, 227, 64, -1,
      64, 227, 228, -1,
      64, 228, 72, -1,
      72, 228, 229, -1,
      72, 229, 74, -1,
      74, 229, 230, -1,
      74, 230, 76, -1,
      76, 230, 231, -1,
      76, 231, 79, -1,
      79, 231, 232, -1,
      79, 232, 82, -1,
      82, 232, 233, -1,
      82, 233, 85, -1,
      85, 233, 234, -1,
      85, 234, 87, -1,
      87, 234, 235, -1,
      87, 235, 95, -1,
      95, 235, 236, -1,
      95, 236, 93, -1,
      93, 236, 237, -1,
      93, 237, 91, -1,
      91, 237, 238, -1,
      91, 238, 99, -1,
      99, 238, 239, -1,
      99, 239, 101, -1,
      101, 239, 240, -1,
      101, 240, 103, -1,
      103, 240, 241, -1,
      103, 241, 106, -1,
      106, 241, 242, -1,
      106, 242, 114, -1,
      114, 242, 243, -1,
      114, 243, 112, -1,
      112, 243, 244, -1,
      112, 244, 110, -1,
      110, 244, 245, -1,
      110, 245, 118, -1,
      118, 245, 246, -1,
      118, 246, 120, -1,
      120, 246, 247, -1,
      120, 247, 122, -1,
      122, 247, 248, -1,
      122, 248, 125, -1,
      125, 248, 249, -1,
      125, 249, 128, -1,
      128, 249, 137, -1,
      128, 137, 131, -1,
      131, 137, 138, -1,
      131, 138, 133, -1,
      216, 218, 222, -1,
      222, 218, 250, -1,
      222, 250, 224, -1,
      224, 250, 251, -1,
      224, 251, 225, -1,
      225, 251, 252, -1,
      225, 252, 226, -1,
      226, 252, 253, -1,
      226, 253, 227, -1,
      227, 253, 254, -1,
      227, 254, 228, -1,
      228, 254, 255, -1,
      228, 255, 229, -1,
      229, 255, 256, -1,
      229, 256, 230, -1,
      230, 256, 257, -1,
      230, 257, 231, -1,
      231, 257, 258, -1,
      231, 258, 232, -1,
      232, 258, 259, -1,
      232, 259, 233, -1,
      233, 259, 260, -1,
      233, 260, 234, -1,
      234, 260, 261, -1,
      234, 261, 235, -1,
      235, 261, 262, -1,
      235, 262, 236, -1,
      236, 262, 263, -1,
      236, 263, 237, -1,
      237, 263, 264, -1,
      237, 264, 238, -1,
      238, 264, 265, -1,
      238, 265, 239, -1,
      239, 265, 266, -1,
      239, 266, 240, -1,
      240, 266, 267, -1,
      240, 267, 241, -1,
      241, 267, 268, -1,
      241, 268, 242, -1,
      242, 268, 269, -1,
      242, 269, 243, -1,
      243, 269, 270, -1,
      243, 270, 244, -1,
      244, 270, 271, -1,
      244, 271, 245, -1,
      245, 271, 272, -1,
      245, 272, 246, -1,
      246, 272, 273, -1,
      246, 273, 247, -1,
      247, 273, 274, -1,
      247, 274, 248, -1,
      248, 274, 275, -1,
      248, 275, 249, -1,
      249, 275, 139, -1,
      249, 139, 137, -1,
      137, 139, 141, -1,
      137, 141, 135, -1,
      213, 215, 218, -1,
      218, 215, 276, -1,
      218, 276, 250, -1,
      250, 276, 277, -1,
      250, 277, 251, -1,
      251, 277, 278, -1,
      251, 278, 252, -1,
      252, 278, 279, -1,
      252, 279, 253, -1,
      253, 279, 280, -1,
      253, 280, 254, -1,
      254, 280, 281, -1,
      254, 281, 255, -1,
      255, 281, 282, -1,
      255, 282, 256, -1,
      256, 282, 283, -1,
      256, 283, 257, -1,
      257, 283, 284, -1,
      257, 284, 258, -1,
      258, 284, 285, -1,
      258, 285, 259, -1,
      259, 285, 286, -1,
      259, 286, 260, -1,
      260, 286, 287, -1,
      260, 287, 261, -1,
      261, 287, 288, -1,
      261, 288, 262, -1,
      262, 288, 289, -1,
      262, 289, 263, -1,
      263, 289, 290, -1,
      263, 290, 264, -1,
      264, 290, 291, -1,
      264, 291, 265, -1,
      265, 291, 292, -1,
      265, 292, 266, -1,
      266, 292, 293, -1,
      266, 293, 267, -1,
      267, 293, 294, -1,
      267, 294, 268, -1,
      268, 294, 295, -1,
      268, 295, 269, -1,
      269, 295, 296, -1,
      269, 296, 270, -1,
      270, 296, 297, -1,
      270, 297, 271, -1,
      271, 297, 298, -1,
      271, 298, 272, -1,
      272, 298, 299, -1,
      272, 299, 273, -1,
      273, 299, 300, -1,
      273, 300, 274, -1,
      274, 300, 301, -1,
      274, 301, 275, -1,
      275, 301, 144, -1,
      275, 144, 139, -1,
      139, 144, 145, -1,
      139, 145, 140, -1,
      209, 211, 215, -1,
      215, 211, 302, -1,
      215, 302, 276, -1,
      276, 302, 303, -1,
      276, 303, 277, -1,
      277, 303, 304, -1,
      277, 304, 278, -1,
      278, 304, 305, -1,
      278, 305, 279, -1,
      279, 305, 306, -1,
      279, 306, 280, -1,
      280, 306, 307, -1,
      280, 307, 281, -1,
      281, 307, 308, -1,
      281, 308, 282, -1,
      282, 308, 309, -1,
      282, 309, 283, -1,
      283, 309, 310, -1,
      283, 310, 284, -1,
      284, 310, 311, -1,
      284, 311, 285, -1,
      285, 311, 312, -1,
      285, 312, 286, -1,
      286, 312, 313, -1,
      286, 313, 287, -1,
      287, 313, 314, -1,
      287, 314, 288, -1,
      288, 314, 315, -1,
      288, 315, 289, -1,
      289, 315, 316, -1,
      289, 316, 290, -1,
      290, 316, 317, -1,
      290, 317, 291, -1,
      291, 317, 318, -1,
      291, 318, 292, -1,
      292, 318, 319, -1,
      292, 319, 293, -1,
      293, 319, 320, -1,
      293, 320, 294, -1,
      294, 320, 321, -1,
      294, 321, 295, -1,
      295, 321, 322, -1,
      295, 322, 296, -1,
      296, 322, 323, -1,
      296, 323, 297, -1,
      297, 323, 324, -1,
      297, 324, 298, -1,
      298, 324, 325, -1,
      298, 325, 299, -1,
      299, 325, 326, -1,
      299, 326, 300, -1,
      300, 326, 327, -1,
      300, 327, 301, -1,
      301, 327, 146, -1,
      301, 146, 144, -1,
      144, 146, 148, -1,
      144, 148, 142, -1,
      52, 54, 211, -1,
      211, 54, 205, -1,
      211, 205, 302, -1,
      302, 205, 203, -1,
      302, 203, 303, -1,
      303, 203, 201, -1,
      303, 201, 304, -1,
      304, 201, 199, -1,
      304, 199, 305, -1,
      305, 199, 197, -1,
      305, 197, 306, -1,
      306, 197, 195, -1,
      306, 195, 307, -1,
      307, 195, 193, -1,
      307, 193, 308, -1,
      308, 193, 191, -1,
      308, 191, 309, -1,
      309, 191, 189, -1,
      309, 189, 310, -1,
      310, 189, 187, -1,
      310, 187, 311, -1,
      311, 187, 185, -1,
      311, 185, 312, -1,
      312, 185, 183, -1,
      312, 183, 313, -1,
      313, 183, 181, -1,
      313, 181, 314, -1,
      314, 181, 179, -1,
      314, 179, 315, -1,
      315, 179, 177, -1,
      315, 177, 316, -1,
      316, 177, 175, -1,
      316, 175, 317, -1,
      317, 175, 173, -1,
      317, 173, 318, -1,
      318, 173, 171, -1,
      318, 171, 319, -1,
      319, 171, 169, -1,
      319, 169, 320, -1,
      320, 169, 167, -1,
      320, 167, 321, -1,
      321, 167, 165, -1,
      321, 165, 322, -1,
      322, 165, 163, -1,
      322, 163, 323, -1,
      323, 163, 161, -1,
      323, 161, 324, -1,
      324, 161, 159, -1,
      324, 159, 325, -1,
      325, 159, 157, -1,
      325, 157, 326, -1,
      326, 157, 155, -1,
      326, 155, 327, -1,
      327, 155, 151, -1,
      327, 151, 146, -1,
      146, 151, 152, -1,
      146, 152, 147, -1,
      328, 329, 330, -1,
      331, 332, 333, -1,
      334, 335, 336, -1,
      337, 338, 339, -1,
      340, 341, 342, -1,
      343, 344, 345, -1,
      346, 347, 348, -1,
      349, 350, 351, -1,
      352, 353, 354, -1,
      355, 356, 357, -1,
      358, 359, 360, -1,
      361, 362, 363, -1,
      364, 365, 366, -1,
      367, 368, 369, -1,
      370, 371, 372, -1,
      373, 374, 375, -1,
      376, 377, 378, -1,
      379, 380, 381, -1,
      382, 383, 384, -1,
      385, 386, 387, -1,
      388, 389, 390, -1,
      391, 392, 393, -1,
      394, 395, 396, -1,
      397, 398, 399, -1,
      400, 401, 402, -1,
      403, 404, 405, -1,
      406, 407, 408, -1,
      409, 410, 411, -1,
      412, 413, 414, -1,
      415, 416, 417, -1,
      418, 419, 420, -1,
      421, 422, 423, -1,
      423, 422, 424, -1,
      423, 424, 425, -1,
      425, 424, 426, -1,
      425, 426, 427, -1,
      427, 426, 428, -1,
      427, 428, 429, -1,
      429, 428, 430, -1,
      429, 430, 431, -1,
      431, 430, 420, -1,
      432, 433, 434, -1,
      434, 433, 435, -1,
      434, 435, 436, -1,
      436, 435, 437, -1,
      436, 437, 438, -1,
      438, 437, 439, -1,
      438, 439, 440, -1,
      440, 439, 441, -1,
      440, 441, 442, -1,
      442, 441, 417, -1,
      443, 444, 445, -1,
      445, 444, 446, -1,
      445, 446, 447, -1,
      447, 446, 448, -1,
      447, 448, 449, -1,
      449, 448, 450, -1,
      449, 450, 451, -1,
      451, 450, 452, -1,
      451, 452, 453, -1,
      453, 452, 405, -1,
      454, 455, 456, -1,
      456, 455, 457, -1,
      456, 457, 458, -1,
      458, 457, 459, -1,
      458, 459, 460, -1,
      460, 459, 461, -1,
      460, 461, 462, -1,
      462, 461, 463, -1,
      462, 463, 464, -1,
      464, 463, 402, -1,
      465, 466, 467, -1,
      467, 466, 468, -1,
      467, 468, 469, -1,
      469, 468, 470, -1,
      469, 470, 471, -1,
      471, 470, 472, -1,
      471, 472, 473, -1,
      473, 472, 474, -1,
      473, 474, 475, -1,
      475, 474, 396, -1,
      476, 477, 478, -1,
      478, 477, 479, -1,
      478, 479, 480, -1,
      480, 479, 481, -1,
      480, 481, 482, -1,
      482, 481, 483, -1,
      482, 483, 484, -1,
      484, 483, 485, -1,
      484, 485, 486, -1,
      486, 485, 393, -1,
      487, 488, 489, -1,
      489, 488, 490, -1,
      489, 490, 491, -1,
      491, 490, 492, -1,
      491, 492, 493, -1,
      493, 492, 494, -1,
      493, 494, 495, -1,
      495, 494, 496, -1,
      495, 496, 497, -1,
      497, 496, 381, -1,
      498, 499, 500, -1,
      500, 499, 501, -1,
      500, 501, 502, -1,
      502, 501, 503, -1,
      502, 503, 504, -1,
      504, 503, 505, -1,
      504, 505, 506, -1,
      506, 505, 507, -1,
      506, 507, 508, -1,
      508, 507, 378, -1,
      509, 510, 511, -1,
      511, 510, 512, -1,
      511, 512, 513, -1,
      513, 512, 514, -1,
      513, 514, 515, -1,
      515, 514, 516, -1,
      515, 516, 517, -1,
      517, 516, 518, -1,
      517, 518, 519, -1,
      519, 518, 366, -1,
      520, 521, 522, -1,
      522, 521, 523, -1,
      522, 523, 524, -1,
      524, 523, 525, -1,
      524, 525, 526, -1,
      526, 525, 527, -1,
      526, 527, 528, -1,
      528, 527, 529, -1,
      528, 529, 530, -1,
      530, 529, 363, -1,
      531, 532, 533, -1,
      533, 532, 534, -1,
      533, 534, 535, -1,
      535, 534, 536, -1,
      535, 536, 537, -1,
      537, 536, 538, -1,
      537, 538, 539, -1,
      539, 538, 540, -1,
      539, 540, 541, -1,
      541, 540, 351, -1,
      542, 543, 544, -1,
      544, 543, 545, -1,
      544, 545, 546, -1,
      546, 545, 547, -1,
      546, 547, 548, -1,
      548, 547, 549, -1,
      548, 549, 550, -1,
      550, 549, 551, -1,
      550, 551, 552, -1,
      552, 551, 339, -1,
      553, 554, 555, -1,
      555, 554, 556, -1,
      555, 556, 557, -1,
      557, 556, 558, -1,
      557, 558, 559, -1,
      559, 558, 560, -1,
      559, 560, 561, -1,
      561, 560, 562, -1,
      561, 562, 563, -1,
      563, 562, 336, -1,
      564, 421, 565, -1,
      565, 421, 423, -1,
      565, 423, 566, -1,
      566, 423, 425, -1,
      566, 425, 567, -1,
      567, 425, 427, -1,
      567, 427, 568, -1,
      568, 427, 429, -1,
      568, 429, 569, -1,
      569, 429, 431, -1,
      569, 431, 570, -1,
      570, 431, 571, -1,
      420, 419, 431, -1,
      431, 419, 572, -1,
      431, 572, 571, -1,
      573, 418, 574, -1,
      574, 418, 420, -1,
      574, 420, 575, -1,
      575, 420, 430, -1,
      575, 430, 576, -1,
      576, 430, 428, -1,
      576, 428, 577, -1,
      577, 428, 426, -1,
      577, 426, 578, -1,
      578, 426, 424, -1,
      578, 424, 579, -1,
      579, 424, 422, -1,
      579, 432, 578, -1,
      578, 432, 434, -1,
      578, 434, 577, -1,
      577, 434, 436, -1,
      577, 436, 576, -1,
      576, 436, 438, -1,
      576, 438, 575, -1,
      575, 438, 440, -1,
      575, 440, 574, -1,
      574, 440, 442, -1,
      574, 442, 573, -1,
      573, 442, 580, -1,
      417, 416, 442, -1,
      442, 416, 581, -1,
      442, 581, 580, -1,
      582, 415, 583, -1,
      583, 415, 417, -1,
      583, 417, 584, -1,
      584, 417, 441, -1,
      584, 441, 585, -1,
      585, 441, 439, -1,
      585, 439, 586, -1,
      586, 439, 437, -1,
      586, 437, 587, -1,
      587, 437, 435, -1,
      587, 435, 588, -1,
      588, 435, 433, -1,
      588, 589, 587, -1,
      587, 589, 590, -1,
      587, 590, 586, -1,
      586, 590, 591, -1,
      586, 591, 585, -1,
      585, 591, 592, -1,
      585, 592, 584, -1,
      584, 592, 593, -1,
      584, 593, 583, -1,
      583, 593, 414, -1,
      583, 414, 582, -1,
      582, 414, 413, -1,
      410, 412, 411, -1,
      411, 412, 414, -1,
      411, 414, 594, -1,
      594, 414, 593, -1,
      594, 593, 595, -1,
      595, 593, 592, -1,
      595, 592, 596, -1,
      596, 592, 591, -1,
      596, 591, 597, -1,
      597, 591, 590, -1,
      597, 590, 598, -1,
      598, 590, 589, -1,
      407, 409, 408, -1,
      408, 409, 411, -1,
      408, 411, 599, -1,
      599, 411, 594, -1,
      599, 594, 600, -1,
      600, 594, 595, -1,
      600, 595, 601, -1,
      601, 595, 596, -1,
      601, 596, 602, -1,
      602, 596, 597, -1,
      602, 597, 603, -1,
      603, 597, 598, -1,
      604, 406, 605, -1,
      605, 406, 408, -1,
      605, 408, 606, -1,
      606, 408, 599, -1,
      606, 599, 607, -1,
      607, 599, 600, -1,
      607, 600, 608, -1,
      608, 600, 601, -1,
      608, 601, 609, -1,
      609, 601, 602, -1,
      609, 602, 610, -1,
      610, 602, 603, -1,
      610, 443, 609, -1,
      609, 443, 445, -1,
      609, 445, 608, -1,
      608, 445, 447, -1,
      608, 447, 607, -1,
      607, 447, 449, -1,
      607, 449, 606, -1,
      606, 449, 451, -1,
      606, 451, 605, -1,
      605, 451, 453, -1,
      605, 453, 604, -1,
      604, 453, 611, -1,
      405, 404, 453, -1,
      453, 404, 612, -1,
      453, 612, 611, -1,
      613, 403, 614, -1,
      614, 403, 405, -1,
      614, 405, 615, -1,
      615, 405, 452, -1,
      615, 452, 616, -1,
      616, 452, 450, -1,
      616, 450, 617, -1,
      617, 450, 448, -1,
      617, 448, 618, -1,
      618, 448, 446, -1,
      618, 446, 619, -1,
      619, 446, 444, -1,
      619, 454, 618, -1,
      618, 454, 456, -1,
      618, 456, 617, -1,
      617, 456, 458, -1,
      617, 458, 616, -1,
      616, 458, 460, -1,
      616, 460, 615, -1,
      615, 460, 462, -1,
      615, 462, 614, -1,
      614, 462, 464, -1,
      614, 464, 613, -1,
      613, 464, 620, -1,
      402, 401, 464, -1,
      464, 401, 621, -1,
      464, 621, 620, -1,
      622, 400, 623, -1,
      623, 400, 402, -1,
      623, 402, 624, -1,
      624, 402, 463, -1,
      624, 463, 625, -1,
      625, 463, 461, -1,
      625, 461, 626, -1,
      626, 461, 459, -1,
      626, 459, 627, -1,
      627, 459, 457, -1,
      627, 457, 628, -1,
      628, 457, 455, -1,
      628, 629, 627, -1,
      627, 629, 630, -1,
      627, 630, 626, -1,
      626, 630, 631, -1,
      626, 631, 625, -1,
      625, 631, 632, -1,
      625, 632, 624, -1,
      624, 632, 633, -1,
      624, 633, 623, -1,
      623, 633, 399, -1,
      623, 399, 622, -1,
      622, 399, 398, -1,
      634, 397, 475, -1,
      475, 397, 399, -1,
      475, 399, 473, -1,
      473, 399, 633, -1,
      473, 633, 471, -1,
      471, 633, 632, -1,
      471, 632, 469, -1,
      469, 632, 631, -1,
      469, 631, 467, -1,
      467, 631, 630, -1,
      467, 630, 465, -1,
      465, 630, 629, -1,
      396, 395, 475, -1,
      475, 395, 635, -1,
      475, 635, 634, -1,
      636, 394, 637, -1,
      637, 394, 396, -1,
      637, 396, 638, -1,
      638, 396, 474, -1,
      638, 474, 639, -1,
      639, 474, 472, -1,
      639, 472, 640, -1,
      640, 472, 470, -1,
      640, 470, 641, -1,
      641, 470, 468, -1,
      641, 468, 642, -1,
      642, 468, 466, -1,
      642, 476, 641, -1,
      641, 476, 478, -1,
      641, 478, 640, -1,
      640, 478, 480, -1,
      640, 480, 639, -1,
      639, 480, 482, -1,
      639, 482, 638, -1,
      638, 482, 484, -1,
      638, 484, 637, -1,
      637, 484, 486, -1,
      637, 486, 636, -1,
      636, 486, 643, -1,
      393, 392, 486, -1,
      486, 392, 644, -1,
      486, 644, 643, -1,
      645, 391, 646, -1,
      646, 391, 393, -1,
      646, 393, 647, -1,
      647, 393, 485, -1,
      647, 485, 648, -1,
      648, 485, 483, -1,
      648, 483, 649, -1,
      649, 483, 481, -1,
      649, 481, 650, -1,
      650, 481, 479, -1,
      650, 479, 651, -1,
      651, 479, 477, -1,
      651, 652, 650, -1,
      650, 652, 653, -1,
      650, 653, 649, -1,
      649, 653, 654, -1,
      649, 654, 648, -1,
      648, 654, 655, -1,
      648, 655, 647, -1,
      647, 655, 656, -1,
      647, 656, 646, -1,
      646, 656, 390, -1,
      646, 390, 645, -1,
      645, 390, 389, -1,
      386, 388, 387, -1,
      387, 388, 390, -1,
      387, 390, 657, -1,
      657, 390, 656, -1,
      657, 656, 658, -1,
      658, 656, 655, -1,
      658, 655, 659, -1,
      659, 655, 654, -1,
      659, 654, 660, -1,
      660, 654, 653, -1,
      660, 653, 661, -1,
      661, 653, 652, -1,
      662, 385, 663, -1,
      663, 385, 387, -1,
      663, 387, 664, -1,
      664, 387, 657, -1,
      664, 657, 665, -1,
      665, 657, 658, -1,
      665, 658, 666, -1,
      666, 658, 659, -1,
      666, 659, 667, -1,
      667, 659, 660, -1,
      667, 660, 668, -1,
      668, 660, 661, -1,
      668, 669, 667, -1,
      667, 669, 670, -1,
      667, 670, 666, -1,
      666, 670, 671, -1,
      666, 671, 665, -1,
      665, 671, 672, -1,
      665, 672, 664, -1,
      664, 672, 673, -1,
      664, 673, 663, -1,
      663, 673, 384, -1,
      663, 384, 662, -1,
      662, 384, 383, -1,
      674, 382, 497, -1,
      497, 382, 384, -1,
      497, 384, 495, -1,
      495, 384, 673, -1,
      495, 673, 493, -1,
      493, 673, 672, -1,
      493, 672, 491, -1,
      491, 672, 671, -1,
      491, 671, 489, -1,
      489, 671, 670, -1,
      489, 670, 487, -1,
      487, 670, 669, -1,
      381, 380, 497, -1,
      497, 380, 675, -1,
      497, 675, 674, -1,
      676, 379, 677, -1,
      677, 379, 381, -1,
      677, 381, 678, -1,
      678, 381, 496, -1,
      678, 496, 679, -1,
      679, 496, 494, -1,
      679, 494, 680, -1,
      680, 494, 492, -1,
      680, 492, 681, -1,
      681, 492, 490, -1,
      681, 490, 682, -1,
      682, 490, 488, -1,
      682, 498, 681, -1,
      681, 498, 500, -1,
      681, 500, 680, -1,
      680, 500, 502, -1,
      680, 502, 679, -1,
      679, 502, 504, -1,
      679, 504, 678, -1,
      678, 504, 506, -1,
      678, 506, 677, -1,
      677, 506, 508, -1,
      677, 508, 676, -1,
      676, 508, 683, -1,
      378, 377, 508, -1,
      508, 377, 684, -1,
      508, 684, 683, -1,
      685, 376, 686, -1,
      686, 376, 378, -1,
      686, 378, 687, -1,
      687, 378, 507, -1,
      687, 507, 688, -1,
      688, 507, 505, -1,
      688, 505, 689, -1,
      689, 505, 503, -1,
      689, 503, 690, -1,
      690, 503, 501, -1,
      690, 501, 691, -1,
      691, 501, 499, -1,
      691, 692, 690, -1,
      690, 692, 693, -1,
      690, 693, 689, -1,
      689, 693, 694, -1,
      689, 694, 688, -1,
      688, 694, 695, -1,
      688, 695, 687, -1,
      687, 695, 696, -1,
      687, 696, 686, -1,
      686, 696, 375, -1,
      686, 375, 685, -1,
      685, 375, 374, -1,
      371, 373, 372, -1,
      372, 373, 375, -1,
      372, 375, 697, -1,
      697, 375, 696, -1,
      697, 696, 698, -1,
      698, 696, 695, -1,
      698, 695, 699, -1,
      699, 695, 694, -1,
      699, 694, 700, -1,
      700, 694, 693, -1,
      700, 693, 701, -1,
      701, 693, 692, -1,
      368, 370, 369, -1,
      369, 370, 372, -1,
      369, 372, 702, -1,
      702, 372, 697, -1,
      702, 697, 703, -1,
      703, 697, 698, -1,
      703, 698, 704, -1,
      704, 698, 699, -1,
      704, 699, 705, -1,
      705, 699, 700, -1,
      705, 700, 706, -1,
      706, 700, 701, -1,
      707, 367, 708, -1,
      708, 367, 369, -1,
      708, 369, 709, -1,
      709, 369, 702, -1,
      709, 702, 710, -1,
      710, 702, 703, -1,
      710, 703, 711, -1,
      711, 703, 704, -1,
      711, 704, 712, -1,
      712, 704, 705, -1,
      712, 705, 713, -1,
      713, 705, 706, -1,
      713, 509, 712, -1,
      712, 509, 511, -1,
      712, 511, 711, -1,
      711, 511, 513, -1,
      711, 513, 710, -1,
      710, 513, 515, -1,
      710, 515, 709, -1,
      709, 515, 517, -1,
      709, 517, 708, -1,
      708, 517, 519, -1,
      708, 519, 707, -1,
      707, 519, 714, -1,
      366, 365, 519, -1,
      519, 365, 715, -1,
      519, 715, 714, -1,
      716, 364, 717, -1,
      717, 364, 366, -1,
      717, 366, 718, -1,
      718, 366, 518, -1,
      718, 518, 719, -1,
      719, 518, 516, -1,
      719, 516, 720, -1,
      720, 516, 514, -1,
      720, 514, 721, -1,
      721, 514, 512, -1,
      721, 512, 722, -1,
      722, 512, 510, -1,
      722, 520, 721, -1,
      721, 520, 522, -1,
      721, 522, 720, -1,
      720, 522, 524, -1,
      720, 524, 719, -1,
      719, 524, 526, -1,
      719, 526, 718, -1,
      718, 526, 528, -1,
      718, 528, 717, -1,
      717, 528, 530, -1,
      717, 530, 716, -1,
      716, 530, 723, -1,
      363, 362, 530, -1,
      530, 362, 724, -1,
      530, 724, 723, -1,
      725, 361, 726, -1,
      726, 361, 363, -1,
      726, 363, 727, -1,
      727, 363, 529, -1,
      727, 529, 728, -1,
      728, 529, 527, -1,
      728, 527, 729, -1,
      729, 527, 525, -1,
      729, 525, 730, -1,
      730, 525, 523, -1,
      730, 523, 731, -1,
      731, 523, 521, -1,
      731, 732, 730, -1,
      730, 732, 733, -1,
      730, 733, 729, -1,
      729, 733, 734, -1,
      729, 734, 728, -1,
      728, 734, 735, -1,
      728, 735, 727, -1,
      727, 735, 736, -1,
      727, 736, 726, -1,
      726, 736, 360, -1,
      726, 360, 725, -1,
      725, 360, 359, -1,
      356, 358, 357, -1,
      357, 358, 360, -1,
      357, 360, 737, -1,
      737, 360, 736, -1,
      737, 736, 738, -1,
      738, 736, 735, -1,
      738, 735, 739, -1,
      739, 735, 734, -1,
      739, 734, 740, -1,
      740, 734, 733, -1,
      740, 733, 741, -1,
      741, 733, 732, -1,
      353, 355, 354, -1,
      354, 355, 357, -1,
      354, 357, 742, -1,
      742, 357, 737, -1,
      742, 737, 743, -1,
      743, 737, 738, -1,
      743, 738, 744, -1,
      744, 738, 739, -1,
      744, 739, 745, -1,
      745, 739, 740, -1,
      745, 740, 746, -1,
      746, 740, 741, -1,
      747, 352, 748, -1,
      748, 352, 354, -1,
      748, 354, 749, -1,
      749, 354, 742, -1,
      749, 742, 750, -1,
      750, 742, 743, -1,
      750, 743, 751, -1,
      751, 743, 744, -1,
      751, 744, 752, -1,
      752, 744, 745, -1,
      752, 745, 753, -1,
      753, 745, 746, -1,
      753, 531, 752, -1,
      752, 531, 533, -1,
      752, 533, 751, -1,
      751, 533, 535, -1,
      751, 535, 750, -1,
      750, 535, 537, -1,
      750, 537, 749, -1,
      749, 537, 539, -1,
      749, 539, 748, -1,
      748, 539, 541, -1,
      748, 541, 747, -1,
      747, 541, 754, -1,
      351, 350, 541, -1,
      541, 350, 755, -1,
      541, 755, 754, -1,
      756, 349, 757, -1,
      757, 349, 351, -1,
      757, 351, 758, -1,
      758, 351, 540, -1,
      758, 540, 759, -1,
      759, 540, 538, -1,
      759, 538, 760, -1,
      760, 538, 536, -1,
      760, 536, 761, -1,
      761, 536, 534, -1,
      761, 534, 762, -1,
      762, 534, 532, -1,
      762, 763, 761, -1,
      761, 763, 764, -1,
      761, 764, 760, -1,
      760, 764, 765, -1,
      760, 765, 759, -1,
      759, 765, 766, -1,
      759, 766, 758, -1,
      758, 766, 767, -1,
      758, 767, 757, -1,
      757, 767, 348, -1,
      757, 348, 756, -1,
      756, 348, 347, -1,
      344, 346, 345, -1,
      345, 346, 348, -1,
      345, 348, 768, -1,
      768, 348, 767, -1,
      768, 767, 769, -1,
      769, 767, 766, -1,
      769, 766, 770, -1,
      770, 766, 765, -1,
      770, 765, 771, -1,
      771, 765, 764, -1,
      771, 764, 772, -1,
      772, 764, 763, -1,
      773, 343, 774, -1,
      774, 343, 345, -1,
      774, 345, 775, -1,
      775, 345, 768, -1,
      775, 768, 776, -1,
      776, 768, 769, -1,
      776, 769, 777, -1,
      777, 769, 770, -1,
      777, 770, 778, -1,
      778, 770, 771, -1,
      778, 771, 779, -1,
      779, 771, 772, -1,
      779, 780, 778, -1,
      778, 780, 781, -1,
      778, 781, 777, -1,
      777, 781, 782, -1,
      777, 782, 776, -1,
      776, 782, 783, -1,
      776, 783, 775, -1,
      775, 783, 784, -1,
      775, 784, 774, -1,
      774, 784, 342, -1,
      774, 342, 773, -1,
      773, 342, 341, -1,
      785, 340, 552, -1,
      552, 340, 342, -1,
      552, 342, 550, -1,
      550, 342, 784, -1,
      550, 784, 548, -1,
      548, 784, 783, -1,
      548, 783, 546, -1,
      546, 783, 782, -1,
      546, 782, 544, -1,
      544, 782, 781, -1,
      544, 781, 542, -1,
      542, 781, 780, -1,
      339, 338, 552, -1,
      552, 338, 786, -1,
      552, 786, 785, -1,
      787, 337, 788, -1,
      788, 337, 339, -1,
      788, 339, 789, -1,
      789, 339, 551, -1,
      789, 551, 790, -1,
      790, 551, 549, -1,
      790, 549, 791, -1,
      791, 549, 547, -1,
      791, 547, 792, -1,
      792, 547, 545, -1,
      792, 545, 793, -1,
      793, 545, 543, -1,
      793, 553, 792, -1,
      792, 553, 555, -1,
      792, 555, 791, -1,
      791, 555, 557, -1,
      791, 557, 790, -1,
      790, 557, 559, -1,
      790, 559, 789, -1,
      789, 559, 561, -1,
      789, 561, 788, -1,
      788, 561, 563, -1,
      788, 563, 787, -1,
      787, 563, 794, -1,
      336, 335, 563, -1,
      563, 335, 795, -1,
      563, 795, 794, -1,
      796, 334, 797, -1,
      797, 334, 336, -1,
      797, 336, 798, -1,
      798, 336, 562, -1,
      798, 562, 799, -1,
      799, 562, 560, -1,
      799, 560, 800, -1,
      800, 560, 558, -1,
      800, 558, 801, -1,
      801, 558, 556, -1,
      801, 556, 802, -1,
      802, 556, 554, -1,
      802, 803, 801, -1,
      801, 803, 804, -1,
      801, 804, 800, -1,
      800, 804, 805, -1,
      800, 805, 799, -1,
      799, 805, 806, -1,
      799, 806, 798, -1,
      798, 806, 807, -1,
      798, 807, 797, -1,
      797, 807, 333, -1,
      797, 333, 796, -1,
      796, 333, 332, -1,
      329, 331, 330, -1,
      330, 331, 333, -1,
      330, 333, 808, -1,
      808, 333, 807, -1,
      808, 807, 809, -1,
      809, 807, 806, -1,
      809, 806, 810, -1,
      810, 806, 805, -1,
      810, 805, 811, -1,
      811, 805, 804, -1,
      811, 804, 812, -1,
      812, 804, 803, -1,
      813, 328, 814, -1,
      814, 328, 330, -1,
      814, 330, 815, -1,
      815, 330, 808, -1,
      815, 808, 816, -1,
      816, 808, 809, -1,
      816, 809, 817, -1,
      817, 809, 810, -1,
      817, 810, 818, -1,
      818, 810, 811, -1,
      818, 811, 819, -1,
      819, 811, 812, -1,
      819, 564, 818, -1,
      818, 564, 565, -1,
      818, 565, 817, -1,
      817, 565, 566, -1,
      817, 566, 816, -1,
      816, 566, 567, -1,
      816, 567, 815, -1,
      815, 567, 568, -1,
      815, 568, 814, -1,
      814, 568, 569, -1,
      814, 569, 813, -1,
      813, 569, 570, -1,
      820, 821, 822, -1,
      823, 824, 825, -1,
      823, 826, 827, -1,
      827, 826, 828, -1,
      827, 828, 829, -1,
      829, 828, 830, -1,
      829, 830, 831, -1,
      831, 830, 832, -1,
      832, 830, 833, -1,
      833, 830, 834, -1,
      833, 834, 835, -1,
      835, 834, 836, -1,
      835, 836, 837, -1,
      837, 836, 838, -1,
      838, 836, 839, -1,
      838, 839, 840, -1,
      840, 839, 841, -1,
      840, 841, 842, -1,
      843, 844, 845, -1,
      845, 844, 846, -1,
      845, 846, 847, -1,
      847, 846, 848, -1,
      847, 848, 849, -1,
      849, 848, 850, -1,
      849, 850, 841, -1,
      841, 850, 851, -1,
      841, 851, 842, -1,
      843, 845, 852, -1,
      852, 845, 853, -1,
      852, 853, 854, -1,
      854, 853, 855, -1,
      854, 855, 856, -1,
      856, 855, 857, -1,
      856, 857, 858, -1,
      858, 857, 859, -1,
      859, 857, 860, -1,
      859, 860, 861, -1,
      861, 860, 862, -1,
      862, 860, 863, -1,
      862, 863, 864, -1,
      864, 863, 865, -1,
      865, 863, 866, -1,
      865, 866, 867, -1,
      867, 866, 868, -1,
      867, 868, 869, -1,
      870, 871, 872, -1,
      872, 871, 873, -1,
      872, 873, 874, -1,
      874, 873, 875, -1,
      874, 875, 876, -1,
      876, 875, 877, -1,
      876, 877, 868, -1,
      868, 877, 878, -1,
      868, 878, 869, -1,
      870, 872, 879, -1,
      879, 872, 880, -1,
      879, 880, 881, -1,
      881, 880, 882, -1,
      881, 882, 883, -1,
      883, 882, 884, -1,
      883, 884, 885, -1,
      885, 884, 886, -1,
      886, 884, 887, -1,
      886, 887, 888, -1,
      889, 890, 891, -1,
      891, 890, 892, -1,
      891, 892, 893, -1,
      893, 892, 894, -1,
      893, 894, 887, -1,
      887, 894, 895, -1,
      887, 895, 888, -1,
      896, 897, 889, -1,
      889, 897, 898, -1,
      889, 898, 890, -1,
      889, 899, 896, -1,
      896, 899, 900, -1,
      896, 900, 901, -1,
      902, 903, 904, -1,
      904, 903, 905, -1,
      906, 907, 908, -1,
      909, 910, 911, -1,
      911, 910, 912, -1,
      913, 914, 915, -1,
      916, 917, 918, -1,
      918, 917, 919, -1,
      920, 921, 916, -1,
      916, 918, 920, -1,
      920, 918, 922, -1,
      920, 922, 923, -1,
      923, 922, 924, -1,
      923, 924, 925, -1,
      925, 924, 926, -1,
      925, 926, 927, -1,
      927, 926, 928, -1,
      927, 928, 929, -1,
      929, 928, 930, -1,
      929, 930, 931, -1,
      931, 930, 932, -1,
      931, 932, 933, -1,
      933, 932, 934, -1,
      933, 934, 935, -1,
      935, 934, 936, -1,
      935, 936, 937, -1,
      937, 936, 938, -1,
      937, 938, 939, -1,
      939, 938, 940, -1,
      939, 940, 941, -1,
      941, 940, 942, -1,
      941, 942, 943, -1,
      943, 942, 944, -1,
      943, 944, 945, -1,
      945, 944, 946, -1,
      945, 946, 947, -1,
      947, 946, 948, -1,
      947, 948, 949, -1,
      949, 948, 950, -1,
      949, 950, 951, -1,
      951, 950, 952, -1,
      951, 952, 953, -1,
      953, 952, 954, -1,
      953, 954, 955, -1,
      955, 954, 956, -1,
      955, 956, 957, -1,
      957, 956, 958, -1,
      957, 958, 959, -1,
      959, 958, 960, -1,
      959, 960, 961, -1,
      961, 960, 962, -1,
      961, 962, 963, -1,
      963, 962, 964, -1,
      963, 964, 965, -1,
      965, 964, 966, -1,
      965, 966, 967, -1,
      967, 966, 968, -1,
      967, 968, 969, -1,
      969, 968, 970, -1,
      969, 970, 971, -1,
      971, 970, 972, -1,
      971, 972, 973, -1,
      973, 972, 822, -1,
      973, 822, 974, -1,
      974, 822, 821, -1,
      974, 821, 975, -1,
      976, 977, 978, -1,
      978, 977, 979, -1,
      978, 979, 820, -1,
      980, 981, 982, -1,
      982, 981, 976, -1,
      983, 984, 985, -1,
      985, 984, 986, -1,
      985, 986, 980, -1,
      987, 988, 989, -1,
      989, 988, 983, -1,
      823, 825, 826, -1,
      826, 825, 990, -1,
      826, 990, 987, -1,
      987, 989, 826, -1,
      826, 989, 991, -1,
      826, 991, 828, -1,
      828, 991, 992, -1,
      828, 992, 830, -1,
      830, 992, 993, -1,
      830, 993, 834, -1,
      834, 993, 994, -1,
      834, 994, 836, -1,
      836, 994, 995, -1,
      836, 995, 839, -1,
      839, 995, 996, -1,
      839, 996, 841, -1,
      841, 996, 997, -1,
      841, 997, 849, -1,
      849, 997, 998, -1,
      849, 998, 847, -1,
      847, 998, 999, -1,
      847, 999, 845, -1,
      845, 999, 1000, -1,
      845, 1000, 853, -1,
      853, 1000, 1001, -1,
      853, 1001, 855, -1,
      855, 1001, 1002, -1,
      855, 1002, 857, -1,
      857, 1002, 1003, -1,
      857, 1003, 860, -1,
      860, 1003, 1004, -1,
      860, 1004, 863, -1,
      863, 1004, 1005, -1,
      863, 1005, 866, -1,
      866, 1005, 1006, -1,
      866, 1006, 868, -1,
      868, 1006, 1007, -1,
      868, 1007, 876, -1,
      876, 1007, 1008, -1,
      876, 1008, 874, -1,
      874, 1008, 1009, -1,
      874, 1009, 872, -1,
      872, 1009, 1010, -1,
      872, 1010, 880, -1,
      880, 1010, 1011, -1,
      880, 1011, 882, -1,
      882, 1011, 1012, -1,
      882, 1012, 884, -1,
      884, 1012, 1013, -1,
      884, 1013, 887, -1,
      887, 1013, 1014, -1,
      887, 1014, 893, -1,
      893, 1014, 1015, -1,
      893, 1015, 891, -1,
      891, 1015, 1016, -1,
      891, 1016, 889, -1,
      889, 1016, 904, -1,
      889, 904, 899, -1,
      899, 904, 905, -1,
      899, 905, 900, -1,
      983, 985, 989, -1,
      989, 985, 1017, -1,
      989, 1017, 991, -1,
      991, 1017, 1018, -1,
      991, 1018, 992, -1,
      992, 1018, 1019, -1,
      992, 1019, 993, -1,
      993, 1019, 1020, -1,
      993, 1020, 994, -1,
      994, 1020, 1021, -1,
      994, 1021, 995, -1,
      995, 1021, 1022, -1,
      995, 1022, 996, -1,
      996, 1022, 1023, -1,
      996, 1023, 997, -1,
      997, 1023, 1024, -1,
      997, 1024, 998, -1,
      998, 1024, 1025, -1,
      998, 1025, 999, -1,
      999, 1025, 1026, -1,
      999, 1026, 1000, -1,
      1000, 1026, 1027, -1,
      1000, 1027, 1001, -1,
      1001, 1027, 1028, -1,
      1001, 1028, 1002, -1,
      1002, 1028, 1029, -1,
      1002, 1029, 1003, -1,
      1003, 1029, 1030, -1,
      1003, 1030, 1004, -1,
      1004, 1030, 1031, -1,
      1004, 1031, 1005, -1,
      1005, 1031, 1032, -1,
      1005, 1032, 1006, -1,
      1006, 1032, 1033, -1,
      1006, 1033, 1007, -1,
      1007, 1033, 1034, -1,
      1007, 1034, 1008, -1,
      1008, 1034, 1035, -1,
      1008, 1035, 1009, -1,
      1009, 1035, 1036, -1,
      1009, 1036, 1010, -1,
      1010, 1036, 1037, -1,
      1010, 1037, 1011, -1,
      1011, 1037, 1038, -1,
      1011, 1038, 1012, -1,
      1012, 1038, 1039, -1,
      1012, 1039, 1013, -1,
      1013, 1039, 1040, -1,
      1013, 1040, 1014, -1,
      1014, 1040, 1041, -1,
      1014, 1041, 1015, -1,
      1015, 1041, 1042, -1,
      1015, 1042, 1016, -1,
      1016, 1042, 906, -1,
      1016, 906, 904, -1,
      904, 906, 908, -1,
      904, 908, 902, -1,
      980, 982, 985, -1,
      985, 982, 1043, -1,
      985, 1043, 1017, -1,
      1017, 1043, 1044, -1,
      1017, 1044, 1018, -1,
      1018, 1044, 1045, -1,
      1018, 1045, 1019, -1,
      1019, 1045, 1046, -1,
      1019, 1046, 1020, -1,
      1020, 1046, 1047, -1,
      1020, 1047, 1021, -1,
      1021, 1047, 1048, -1,
      1021, 1048, 1022, -1,
      1022, 1048, 1049, -1,
      1022, 1049, 1023, -1,
      1023, 1049, 1050, -1,
      1023, 1050, 1024, -1,
      1024, 1050, 1051, -1,
      1024, 1051, 1025, -1,
      1025, 1051, 1052, -1,
      1025, 1052, 1026, -1,
      1026, 1052, 1053, -1,
      1026, 1053, 1027, -1,
      1027, 1053, 1054, -1,
      1027, 1054, 1028, -1,
      1028, 1054, 1055, -1,
      1028, 1055, 1029, -1,
      1029, 1055, 1056, -1,
      1029, 1056, 1030, -1,
      1030, 1056, 1057, -1,
      1030, 1057, 1031, -1,
      1031, 1057, 1058, -1,
      1031, 1058, 1032, -1,
      1032, 1058, 1059, -1,
      1032, 1059, 1033, -1,
      1033, 1059, 1060, -1,
      1033, 1060, 1034, -1,
      1034, 1060, 1061, -1,
      1034, 1061, 1035, -1,
      1035, 1061, 1062, -1,
      1035, 1062, 1036, -1,
      1036, 1062, 1063, -1,
      1036, 1063, 1037, -1,
      1037, 1063, 1064, -1,
      1037, 1064, 1038, -1,
      1038, 1064, 1065, -1,
      1038, 1065, 1039, -1,
      1039, 1065, 1066, -1,
      1039, 1066, 1040, -1,
      1040, 1066, 1067, -1,
      1040, 1067, 1041, -1,
      1041, 1067, 1068, -1,
      1041, 1068, 1042, -1,
      1042, 1068, 911, -1,
      1042, 911, 906, -1,
      906, 911, 912, -1,
      906, 912, 907, -1,
      976, 978, 982, -1,
      982, 978, 1069, -1,
      982, 1069, 1043, -1,
      1043, 1069, 1070, -1,
      1043, 1070, 1044, -1,
      1044, 1070, 1071, -1,
      1044, 1071, 1045, -1,
      1045, 1071, 1072, -1,
      1045, 1072, 1046, -1,
      1046, 1072, 1073, -1,
      1046, 1073, 1047, -1,
      1047, 1073, 1074, -1,
      1047, 1074, 1048, -1,
      1048, 1074, 1075, -1,
      1048, 1075, 1049, -1,
      1049, 1075, 1076, -1,
      1049, 1076, 1050, -1,
      1050, 1076, 1077, -1,
      1050, 1077, 1051, -1,
      1051, 1077, 1078, -1,
      1051, 1078, 1052, -1,
      1052, 1078, 1079, -1,
      1052, 1079, 1053, -1,
      1053, 1079, 1080, -1,
      1053, 1080, 1054, -1,
      1054, 1080, 1081, -1,
      1054, 1081, 1055, -1,
      1055, 1081, 1082, -1,
      1055, 1082, 1056, -1,
      1056, 1082, 1083, -1,
      1056, 1083, 1057, -1,
      1057, 1083, 1084, -1,
      1057, 1084, 1058, -1,
      1058, 1084, 1085, -1,
      1058, 1085, 1059, -1,
      1059, 1085, 1086, -1,
      1059, 1086, 1060, -1,
      1060, 1086, 1087, -1,
      1060, 1087, 1061, -1,
      1061, 1087, 1088, -1,
      1061, 1088, 1062, -1,
      1062, 1088, 1089, -1,
      1062, 1089, 1063, -1,
      1063, 1089, 1090, -1,
      1063, 1090, 1064, -1,
      1064, 1090, 1091, -1,
      1064, 1091, 1065, -1,
      1065, 1091, 1092, -1,
      1065, 1092, 1066, -1,
      1066, 1092, 1093, -1,
      1066, 1093, 1067, -1,
      1067, 1093, 1094, -1,
      1067, 1094, 1068, -1,
      1068, 1094, 913, -1,
      1068, 913, 911, -1,
      911, 913, 915, -1,
      911, 915, 909, -1,
      820, 822, 978, -1,
      978, 822, 972, -1,
      978, 972, 1069, -1,
      1069, 972, 970, -1,
      1069, 970, 1070, -1,
      1070, 970, 968, -1,
      1070, 968, 1071, -1,
      1071, 968, 966, -1,
      1071, 966, 1072, -1,
      1072, 966, 964, -1,
      1072, 964, 1073, -1,
      1073, 964, 962, -1,
      1073, 962, 1074, -1,
      1074, 962, 960, -1,
      1074, 960, 1075, -1,
      1075, 960, 958, -1,
      1075, 958, 1076, -1,
      1076, 958, 956, -1,
      1076, 956, 1077, -1,
      1077, 956, 954, -1,
      1077, 954, 1078, -1,
      1078, 954, 952, -1,
      1078, 952, 1079, -1,
      1079, 952, 950, -1,
      1079, 950, 1080, -1,
      1080, 950, 948, -1,
      1080, 948, 1081, -1,
      1081, 948, 946, -1,
      1081, 946, 1082, -1,
      1082, 946, 944, -1,
      1082, 944, 1083, -1,
      1083, 944, 942, -1,
      1083, 942, 1084, -1,
      1084, 942, 940, -1,
      1084, 940, 1085, -1,
      1085, 940, 938, -1,
      1085, 938, 1086, -1,
      1086, 938, 936, -1,
      1086, 936, 1087, -1,
      1087, 936, 934, -1,
      1087, 934, 1088, -1,
      1088, 934, 932, -1,
      1088, 932, 1089, -1,
      1089, 932, 930, -1,
      1089, 930, 1090, -1,
      1090, 930, 928, -1,
      1090, 928, 1091, -1,
      1091, 928, 926, -1,
      1091, 926, 1092, -1,
      1092, 926, 924, -1,
      1092, 924, 1093, -1,
      1093, 924, 922, -1,
      1093, 922, 1094, -1,
      1094, 922, 918, -1,
      1094, 918, 913, -1,
      913, 918, 919, -1,
      913, 919, 914, -1,
      1095, 1096, 1097, -1,
      1097, 1096, 1098, -1,
      1097, 1098, 1099, -1,
      1099, 1098, 1100, -1,
      1099, 1100, 1101, -1,
      1102, 1103, 1104, -1,
      1104, 1103, 1105, -1,
      1104, 1105, 1106, -1,
      1106, 1105, 1107, -1,
      1106, 1107, 1108, -1,
      7, 14, 6, -1,
      6, 14, 15, -1,
      6, 15, 3, -1,
      3, 15, 10, -1,
      3, 10, 2, -1,
      2, 10, 11, -1,
      4, 6, 1106, -1,
      152, 150, 1106, -1,
      1106, 1108, 134, -1,
      150, 149, 1106, -1,
      1106, 149, 154, -1,
      1106, 154, 4, -1,
      134, 133, 1106, -1,
      1106, 133, 138, -1,
      1106, 138, 136, -1,
      136, 135, 1106, -1,
      1106, 135, 141, -1,
      1106, 141, 140, -1,
      140, 145, 1106, -1,
      1106, 145, 143, -1,
      1106, 143, 142, -1,
      142, 148, 1106, -1,
      1106, 148, 147, -1,
      1106, 147, 152, -1,
      7, 5, 1109, -1,
      14, 7, 1110, -1,
      1110, 7, 1109, -1,
      12, 14, 1110, -1,
      1097, 15, 13, -1,
      220, 223, 53, -1,
      1097, 13, 1095, -1,
      1095, 13, 208, -1,
      1095, 208, 53, -1,
      212, 210, 221, -1,
      223, 57, 53, -1,
      53, 57, 56, -1,
      53, 56, 1095, -1,
      220, 53, 221, -1,
      221, 53, 52, -1,
      221, 52, 212, -1,
      210, 209, 221, -1,
      221, 209, 214, -1,
      221, 214, 213, -1,
      213, 219, 221, -1,
      221, 219, 217, -1,
      221, 217, 216, -1,
      8, 10, 1099, -1,
      919, 917, 1099, -1,
      1099, 1101, 901, -1,
      917, 916, 1099, -1,
      1099, 916, 921, -1,
      1099, 921, 8, -1,
      901, 900, 1099, -1,
      1099, 900, 905, -1,
      1099, 905, 903, -1,
      903, 902, 1099, -1,
      1099, 902, 908, -1,
      1099, 908, 907, -1,
      907, 912, 1099, -1,
      1099, 912, 910, -1,
      1099, 910, 909, -1,
      909, 915, 1099, -1,
      1099, 915, 914, -1,
      1099, 914, 919, -1,
      11, 9, 1111, -1,
      2, 11, 1112, -1,
      1112, 11, 1111, -1,
      0, 2, 1112, -1,
      3, 1, 1104, -1,
      1104, 1, 975, -1,
      1104, 975, 821, -1,
      987, 990, 1104, -1,
      981, 1104, 976, -1,
      976, 1104, 977, -1,
      981, 980, 1104, -1,
      1104, 980, 986, -1,
      1104, 986, 984, -1,
      821, 820, 1104, -1,
      1104, 820, 979, -1,
      1104, 979, 977, -1,
      984, 983, 1104, -1,
      1104, 983, 988, -1,
      1104, 988, 987, -1,
      990, 825, 1104, -1,
      1104, 825, 824, -1,
      1104, 824, 1102, -1,
      1113, 588, 1114, -1,
      1114, 588, 433, -1,
      1114, 433, 1115, -1,
      1116, 741, 1117, -1,
      1117, 741, 732, -1,
      1117, 732, 1118, -1,
      1119, 753, 1116, -1,
      1116, 753, 746, -1,
      1116, 746, 741, -1,
      1120, 803, 1121, -1,
      1121, 803, 802, -1,
      1121, 802, 1122, -1,
      1123, 819, 1120, -1,
      1120, 819, 812, -1,
      1120, 812, 803, -1,
      1124, 619, 1125, -1,
      1125, 619, 444, -1,
      1125, 444, 1126, -1,
      722, 1127, 1128, -1,
      1129, 532, 1119, -1,
      1119, 532, 531, -1,
      1119, 531, 753, -1,
      1130, 780, 1131, -1,
      1131, 780, 779, -1,
      1131, 779, 1132, -1,
      1133, 543, 1130, -1,
      1130, 543, 542, -1,
      1130, 542, 780, -1,
      1134, 421, 1123, -1,
      1123, 421, 564, -1,
      1123, 564, 819, -1,
      433, 432, 1115, -1,
      1115, 432, 579, -1,
      1115, 579, 1134, -1,
      1134, 579, 422, -1,
      1134, 422, 421, -1,
      1135, 598, 1113, -1,
      1113, 598, 589, -1,
      1113, 589, 588, -1,
      444, 443, 1126, -1,
      1126, 443, 610, -1,
      1126, 610, 1135, -1,
      1135, 610, 603, -1,
      1135, 603, 598, -1,
      1136, 488, 1137, -1,
      1137, 488, 487, -1,
      1137, 487, 1138, -1,
      1139, 498, 1136, -1,
      1136, 498, 682, -1,
      1136, 682, 488, -1,
      779, 772, 1132, -1,
      1132, 772, 763, -1,
      1132, 763, 1129, -1,
      1129, 763, 762, -1,
      1129, 762, 532, -1,
      802, 554, 1122, -1,
      1122, 554, 553, -1,
      1122, 553, 1133, -1,
      1133, 553, 793, -1,
      1133, 793, 543, -1,
      1140, 455, 1124, -1,
      1124, 455, 454, -1,
      1124, 454, 619, -1,
      1141, 691, 1139, -1,
      1139, 691, 499, -1,
      1139, 499, 498, -1,
      1142, 701, 1141, -1,
      1141, 701, 692, -1,
      1141, 692, 691, -1,
      722, 510, 1127, -1,
      1127, 510, 509, -1,
      1127, 509, 1143, -1,
      1143, 509, 713, -1,
      1143, 713, 1142, -1,
      1142, 713, 706, -1,
      1142, 706, 701, -1,
      732, 731, 1118, -1,
      1118, 731, 521, -1,
      1118, 521, 1128, -1,
      1128, 521, 520, -1,
      1128, 520, 722, -1,
      1144, 629, 1140, -1,
      1140, 629, 628, -1,
      1140, 628, 455, -1,
      1145, 477, 1146, -1,
      1146, 477, 476, -1,
      1146, 476, 1147, -1,
      476, 642, 1147, -1,
      1147, 642, 466, -1,
      1147, 466, 1144, -1,
      1144, 466, 465, -1,
      1144, 465, 629, -1,
      1148, 652, 1145, -1,
      1145, 652, 651, -1,
      1145, 651, 477, -1,
      487, 669, 1138, -1,
      1138, 669, 668, -1,
      1138, 668, 1148, -1,
      1148, 668, 661, -1,
      1148, 661, 652, -1,
      352, 1096, 353, -1,
      353, 1096, 1095, -1,
      353, 1095, 355, -1,
      352, 747, 1096, -1,
      1096, 747, 754, -1,
      1096, 754, 1098, -1,
      347, 346, 1101, -1,
      1101, 346, 896, -1,
      1101, 896, 901, -1,
      754, 755, 1098, -1,
      1098, 755, 350, -1,
      1098, 350, 1100, -1,
      1100, 350, 349, -1,
      1100, 349, 1101, -1,
      1101, 349, 756, -1,
      1101, 756, 347, -1,
      1102, 613, 620, -1,
      1102, 620, 1103, -1,
      613, 1102, 403, -1,
      403, 1102, 824, -1,
      403, 824, 823, -1,
      400, 1105, 401, -1,
      401, 1105, 1103, -1,
      401, 1103, 621, -1,
      621, 1103, 620, -1,
      400, 622, 1105, -1,
      1105, 622, 398, -1,
      1105, 398, 1107, -1,
      132, 134, 1108, -1,
      130, 132, 635, -1,
      635, 132, 1108, -1,
      635, 1108, 634, -1,
      634, 1108, 1107, -1,
      634, 1107, 397, -1,
      397, 1107, 398, -1,
      840, 412, 410, -1,
      840, 410, 838, -1,
      823, 827, 403, -1,
      403, 827, 829, -1,
      403, 829, 404, -1,
      404, 829, 831, -1,
      404, 831, 612, -1,
      612, 831, 832, -1,
      612, 832, 611, -1,
      611, 832, 833, -1,
      611, 833, 604, -1,
      604, 833, 835, -1,
      604, 835, 406, -1,
      406, 835, 837, -1,
      406, 837, 407, -1,
      407, 837, 838, -1,
      407, 838, 409, -1,
      409, 838, 410, -1,
      130, 635, 129, -1,
      129, 635, 395, -1,
      129, 395, 127, -1,
      127, 395, 394, -1,
      127, 394, 126, -1,
      117, 119, 391, -1,
      391, 119, 121, -1,
      391, 121, 392, -1,
      392, 121, 123, -1,
      392, 123, 644, -1,
      644, 123, 124, -1,
      644, 124, 643, -1,
      643, 124, 126, -1,
      643, 126, 636, -1,
      636, 126, 394, -1,
      115, 113, 385, -1,
      385, 113, 111, -1,
      385, 111, 386, -1,
      386, 111, 109, -1,
      386, 109, 388, -1,
      388, 109, 108, -1,
      388, 108, 389, -1,
      389, 108, 117, -1,
      389, 117, 645, -1,
      645, 117, 391, -1,
      98, 100, 379, -1,
      379, 100, 102, -1,
      379, 102, 380, -1,
      380, 102, 104, -1,
      380, 104, 675, -1,
      675, 104, 105, -1,
      675, 105, 674, -1,
      674, 105, 107, -1,
      674, 107, 382, -1,
      382, 107, 116, -1,
      382, 116, 383, -1,
      383, 116, 115, -1,
      383, 115, 662, -1,
      662, 115, 385, -1,
      379, 676, 98, -1,
      98, 676, 683, -1,
      98, 683, 89, -1,
      89, 683, 684, -1,
      89, 684, 90, -1,
      90, 684, 377, -1,
      90, 377, 92, -1,
      92, 377, 376, -1,
      92, 376, 94, -1,
      94, 376, 685, -1,
      94, 685, 96, -1,
      96, 685, 374, -1,
      96, 374, 97, -1,
      97, 374, 373, -1,
      97, 373, 88, -1,
      88, 373, 371, -1,
      88, 371, 86, -1,
      86, 371, 370, -1,
      86, 370, 84, -1,
      84, 370, 368, -1,
      84, 368, 83, -1,
      83, 368, 367, -1,
      83, 367, 81, -1,
      81, 367, 80, -1,
      367, 707, 80, -1,
      80, 707, 714, -1,
      80, 714, 78, -1,
      78, 714, 715, -1,
      78, 715, 77, -1,
      77, 715, 365, -1,
      77, 365, 75, -1,
      75, 365, 364, -1,
      75, 364, 73, -1,
      73, 364, 716, -1,
      73, 716, 71, -1,
      71, 716, 723, -1,
      71, 723, 62, -1,
      62, 723, 724, -1,
      62, 724, 63, -1,
      63, 724, 362, -1,
      63, 362, 65, -1,
      65, 362, 361, -1,
      65, 361, 67, -1,
      67, 361, 725, -1,
      67, 725, 69, -1,
      69, 725, 359, -1,
      69, 359, 70, -1,
      70, 359, 358, -1,
      70, 358, 61, -1,
      61, 358, 356, -1,
      61, 356, 59, -1,
      59, 356, 355, -1,
      59, 355, 55, -1,
      55, 355, 1095, -1,
      55, 1095, 56, -1,
      894, 892, 343, -1,
      343, 892, 890, -1,
      343, 890, 344, -1,
      344, 890, 898, -1,
      344, 898, 346, -1,
      346, 898, 897, -1,
      346, 897, 896, -1,
      879, 881, 337, -1,
      337, 881, 883, -1,
      337, 883, 338, -1,
      338, 883, 885, -1,
      338, 885, 786, -1,
      786, 885, 886, -1,
      786, 886, 785, -1,
      785, 886, 888, -1,
      785, 888, 340, -1,
      340, 888, 895, -1,
      340, 895, 341, -1,
      341, 895, 894, -1,
      341, 894, 773, -1,
      773, 894, 343, -1,
      877, 875, 334, -1,
      334, 875, 873, -1,
      334, 873, 335, -1,
      335, 873, 871, -1,
      335, 871, 795, -1,
      795, 871, 870, -1,
      795, 870, 794, -1,
      794, 870, 879, -1,
      794, 879, 787, -1,
      787, 879, 337, -1,
      328, 867, 329, -1,
      329, 867, 869, -1,
      329, 869, 331, -1,
      331, 869, 878, -1,
      331, 878, 332, -1,
      332, 878, 877, -1,
      332, 877, 796, -1,
      796, 877, 334, -1,
      840, 842, 412, -1,
      412, 842, 851, -1,
      412, 851, 413, -1,
      413, 851, 850, -1,
      413, 850, 582, -1,
      582, 850, 848, -1,
      582, 848, 415, -1,
      415, 848, 846, -1,
      415, 846, 416, -1,
      416, 846, 844, -1,
      416, 844, 581, -1,
      581, 844, 843, -1,
      581, 843, 580, -1,
      580, 843, 852, -1,
      580, 852, 573, -1,
      573, 852, 854, -1,
      573, 854, 418, -1,
      418, 854, 856, -1,
      418, 856, 419, -1,
      419, 856, 858, -1,
      419, 858, 572, -1,
      572, 858, 859, -1,
      572, 859, 571, -1,
      571, 859, 861, -1,
      571, 861, 570, -1,
      570, 861, 862, -1,
      570, 862, 813, -1,
      813, 862, 864, -1,
      813, 864, 328, -1,
      328, 864, 865, -1,
      328, 865, 867, -1,
      35, 34, 1149, -1,
      1149, 34, 33, -1,
      1149, 33, 32, -1,
      38, 37, 1149, -1,
      1149, 37, 36, -1,
      1149, 36, 35, -1,
      41, 40, 1149, -1,
      1149, 40, 39, -1,
      1149, 39, 38, -1,
      44, 43, 1149, -1,
      1149, 43, 42, -1,
      1149, 42, 41, -1,
      47, 46, 1149, -1,
      1149, 46, 45, -1,
      1149, 45, 44, -1,
      50, 49, 1149, -1,
      1149, 49, 48, -1,
      1149, 48, 47, -1,
      17, 16, 1149, -1,
      1149, 16, 51, -1,
      1149, 51, 50, -1,
      20, 19, 1149, -1,
      1149, 19, 18, -1,
      1149, 18, 17, -1,
      23, 22, 1149, -1,
      1149, 22, 21, -1,
      1149, 21, 20, -1,
      26, 25, 1149, -1,
      1149, 25, 24, -1,
      1149, 24, 23, -1,
      29, 28, 1149, -1,
      1149, 28, 27, -1,
      1149, 27, 26, -1,
      32, 31, 1149, -1,
      1149, 31, 30, -1,
      1149, 30, 29, -1,
    ]
  }
}

Shape {
  appearance Appearance {
    material Material {
      diffuseColor 0.6392 0.6667 0.6863
      specularColor 0.6392 0.6667 0.6863
      ambientIntensity 0.2
      transparency 0.0000
      shininess 0.5
    }
  }
  geometry IndexedFaceSet {
    ccw TRUE
    solid FALSE
    coord DEF co Coordinate {
      point [
        -0.511811 0.000000 0.531496,
        -0.518989 0.082039 0.531496,
        -0.540303 0.161584 0.531496,
        -0.575106 0.236220 0.531496,
        -0.622341 0.303679 0.531496,
        -0.680573 0.361911 0.531496,
        -0.748031 0.409146 0.531496,
        -0.822668 0.443949 0.531496,
        -0.902213 0.465263 0.531496,
        -0.984252 0.472441 0.531496,
        -1.066291 0.465263 0.531496,
        -1.145836 0.443949 0.531496,
        -1.220472 0.409146 0.531496,
        -1.287931 0.361911 0.531496,
        -1.346163 0.303679 0.531496,
        -1.393398 0.236220 0.531496,
        -1.428201 0.161584 0.531496,
        -1.449515 0.082039 0.531496,
        -1.456693 0.000000 0.531496,
        -1.449515 -0.082039 0.531496,
        -1.428201 -0.161584 0.531496,
        -1.393398 -0.236220 0.531496,
        -1.346163 -0.303679 0.531496,
        -1.287931 -0.361911 0.531496,
        -1.220472 -0.409146 0.531496,
        -1.145836 -0.443949 0.531496,
        -1.066291 -0.465263 0.531496,
        -0.984252 -0.472441 0.531496,
        -0.902213 -0.465263 0.531496,
        -0.822668 -0.443949 0.531496,
        -0.748031 -0.409146 0.531496,
        -0.680573 -0.361911 0.531496,
        -0.622341 -0.303679 0.531496,
        -0.575106 -0.236220 0.531496,
        -0.540303 -0.161584 0.531496,
        -0.518989 -0.082039 0.531496,
        -1.346163 -0.303679 1.712598,
        -1.393398 -0.236220 1.712598,
        -1.428201 -0.161584 1.712598,
        -0.902213 0.465263 1.712598,
        -0.822668 0.443949 1.712598,
        -0.748031 0.409146 1.712598,
        -0.984252 0.472441 1.712598,
        -1.449515 0.082039 1.712598,
        -1.428201 0.161584 1.712598,
        -1.393398 0.236220 1.712598,
        -1.456693 0.000000 1.712598,
        -1.066291 -0.465263 1.712598,
        -1.145836 -0.443949 1.712598,
        -1.220472 -0.409146 1.712598,
        -0.622341 0.303679 1.712598,
        -0.680573 0.361911 1.712598,
        -1.066291 0.465263 1.712598,
        -1.287931 0.361911 1.712598,
        -1.220472 0.409146 1.712598,
        -1.145836 0.443949 1.712598,
        -1.346163 0.303679 1.712598,
        -1.449515 -0.082039 1.712598,
        -1.287931 -0.361911 1.712598,
        -0.518989 -0.082039 1.712598,
        -0.540303 -0.161584 1.712598,
        -0.575106 -0.236220 1.712598,
        -0.511811 0.000000 1.712598,
        -0.984252 -0.472441 1.712598,
        -0.518989 0.082039 1.712598,
        -0.540303 0.161584 1.712598,
        -0.575106 0.236220 1.712598,
        -0.902213 -0.465263 1.712598,
        -0.680573 -0.361911 1.712598,
        -0.748031 -0.409146 1.712598,
        -0.822668 -0.443949 1.712598,
        -0.622341 -0.303679 1.712598,
      ]
    }
    coordIndex [
      18, 43, 17, -1,
      17, 43, 44, -1,
      17, 44, 16, -1,
      16, 44, 45, -1,
      16, 45, 15, -1,
      15, 45, 56, -1,
      15, 56, 14, -1,
      14, 56, 53, -1,
      14, 53, 13, -1,
      13, 53, 54, -1,
      13, 54, 12, -1,
      12, 54, 55, -1,
      12, 55, 11, -1,
      11, 55, 52, -1,
      11, 52, 10, -1,
      10, 52, 42, -1,
      10, 42, 9, -1,
      9, 42, 39, -1,
      9, 39, 8, -1,
      8, 39, 40, -1,
      8, 40, 7, -1,
      7, 40, 41, -1,
      7, 41, 6, -1,
      6, 41, 51, -1,
      6, 51, 5, -1,
      5, 51, 50, -1,
      5, 50, 4, -1,
      4, 50, 66, -1,
      4, 66, 3, -1,
      3, 66, 65, -1,
      3, 65, 2, -1,
      2, 65, 64, -1,
      2, 64, 1, -1,
      1, 64, 62, -1,
      1, 62, 0, -1,
      0, 62, 59, -1,
      0, 59, 35, -1,
      35, 59, 60, -1,
      35, 60, 34, -1,
      34, 60, 61, -1,
      34, 61, 33, -1,
      33, 61, 71, -1,
      33, 71, 32, -1,
      32, 71, 68, -1,
      32, 68, 31, -1,
      31, 68, 69, -1,
      31, 69, 30, -1,
      30, 69, 70, -1,
      30, 70, 29, -1,
      29, 70, 67, -1,
      29, 67, 28, -1,
      28, 67, 63, -1,
      28, 63, 27, -1,
      27, 63, 47, -1,
      27, 47, 26, -1,
      26, 47, 48, -1,
      26, 48, 25, -1,
      25, 48, 49, -1,
      25, 49, 24, -1,
      24, 49, 58, -1,
      24, 58, 23, -1,
      23, 58, 36, -1,
      23, 36, 22, -1,
      22, 36, 37, -1,
      22, 37, 21, -1,
      21, 37, 38, -1,
      21, 38, 20, -1,
      20, 38, 57, -1,
      20, 57, 19, -1,
      19, 57, 46, -1,
      19, 46, 18, -1,
      18, 46, 43, -1,
    ]
  }
}

Shape {
  appearance Appearance {
    material Material {
      diffuseColor 0.7373 0.7765 0.8000
      specularColor 0.7373 0.7765 0.8000
      ambientIntensity 0.2
      transparency 0.0000
      shininess 0.5
    }
  }
  geometry IndexedFaceSet {
    ccw TRUE
    solid FALSE
    coord DEF co Coordinate {
      point [
        -1.151575 -0.147638 2.303150,
        -1.131890 -0.167323 2.303150,
        -1.131890 -0.167323 1.712598,
        -0.836614 -0.167323 2.303150,
        -0.816929 -0.147638 2.303150,
        -0.836614 -0.167323 1.712598,
        -1.131890 0.167323 2.303150,
        -1.151575 0.147638 2.303150,
        -1.131890 0.167323 1.712598,
        -0.816929 0.147638 2.303150,
        -0.836614 0.167323 2.303150,
        -0.836614 0.167323 1.712598,
        -0.829562 -0.630919 2.303150,
        -0.836614 -0.632607 2.303150,
        -0.768239 -0.612639 2.303150,
        -0.709013 -0.588415 2.303150,
        -0.652456 -0.558480 2.303150,
        -0.599120 -0.523127 2.303150,
        -0.549520 -0.482697 2.303150,
        -0.504139 -0.437584 2.303150,
        -0.463416 -0.388225 2.303150,
        -0.427747 -0.335098 2.303150,
        -0.397478 -0.278720 2.303150,
        -0.372903 -0.219638 2.303150,
        -0.354260 -0.158425 2.303150,
        -0.341730 -0.095674 2.303150,
        -0.335434 -0.031995 2.303150,
        -0.335434 0.031995 2.303150,
        -0.341730 0.095674 2.303150,
        -0.354260 0.158425 2.303150,
        -0.372903 0.219638 2.303150,
        -0.397478 0.278720 2.303150,
        -0.427747 0.335098 2.303150,
        -0.463416 0.388225 2.303150,
        -0.504139 0.437584 2.303150,
        -0.549520 0.482697 2.303150,
        -0.599120 0.523127 2.303150,
        -0.652456 0.558480 2.303150,
        -0.709013 0.588415 2.303150,
        -0.768239 0.612639 2.303150,
        -0.829562 0.630919 2.303150,
        -0.836614 0.632607 2.303150,
        -1.138942 0.630919 2.303150,
        -1.131890 0.632607 2.303150,
        -1.200265 0.612639 2.303150,
        -1.259491 0.588415 2.303150,
        -1.316048 0.558480 2.303150,
        -1.369384 0.523127 2.303150,
        -1.418984 0.482697 2.303150,
        -1.464365 0.437584 2.303150,
        -1.505088 0.388225 2.303150,
        -1.540757 0.335098 2.303150,
        -1.571026 0.278720 2.303150,
        -1.595601 0.219638 2.303150,
        -1.614244 0.158425 2.303150,
        -1.626774 0.095674 2.303150,
        -1.633070 0.031995 2.303150,
        -1.633070 -0.031995 2.303150,
        -1.626774 -0.095674 2.303150,
        -1.614244 -0.158425 2.303150,
        -1.595601 -0.219638 2.303150,
        -1.571026 -0.278720 2.303150,
        -1.540757 -0.335098 2.303150,
        -1.505088 -0.388225 2.303150,
        -1.464365 -0.437584 2.303150,
        -1.418984 -0.482697 2.303150,
        -1.369384 -0.523127 2.303150,
        -1.316048 -0.558480 2.303150,
        -1.259491 -0.588415 2.303150,
        -1.200265 -0.612639 2.303150,
        -1.138942 -0.630919 2.303150,
        -1.131890 -0.632607 2.303150,
        -0.836614 0.367551 1.988189,
        -1.131890 0.367551 1.988189,
        -1.131890 -0.367551 1.988189,
        -0.836614 -0.367551 1.988189,
        -0.387869 -0.147638 2.303150,
        -0.387869 0.147638 2.303150,
        -1.580635 0.147638 2.303150,
        -1.580635 -0.147638 2.303150,
      ]
    }
    coordIndex [
      6, 43, 42, -1,
      68, 1, 67, -1,
      67, 1, 66, -1,
      68, 69, 1, -1,
      1, 69, 70, -1,
      1, 70, 71, -1,
      79, 57, 58, -1,
      58, 59, 79, -1,
      79, 59, 60, -1,
      79, 60, 0, -1,
      0, 60, 61, -1,
      0, 61, 62, -1,
      57, 79, 56, -1,
      56, 79, 78, -1,
      56, 78, 55, -1,
      62, 63, 0, -1,
      0, 63, 64, -1,
      0, 64, 1, -1,
      1, 64, 65, -1,
      1, 65, 66, -1,
      42, 44, 6, -1,
      6, 44, 45, -1,
      6, 45, 46, -1,
      46, 47, 6, -1,
      6, 47, 48, -1,
      6, 48, 7, -1,
      48, 49, 7, -1,
      7, 49, 50, -1,
      7, 50, 51, -1,
      51, 52, 7, -1,
      7, 52, 53, -1,
      7, 53, 78, -1,
      78, 53, 54, -1,
      78, 54, 55, -1,
      75, 5, 74, -1,
      74, 5, 2, -1,
      73, 8, 72, -1,
      72, 8, 11, -1,
      40, 41, 10, -1,
      3, 13, 12, -1,
      37, 38, 10, -1,
      10, 38, 39, -1,
      10, 39, 40, -1,
      76, 25, 26, -1,
      20, 21, 4, -1,
      32, 33, 9, -1,
      12, 14, 3, -1,
      3, 14, 15, -1,
      3, 15, 16, -1,
      76, 26, 77, -1,
      77, 26, 27, -1,
      77, 27, 28, -1,
      21, 22, 4, -1,
      4, 22, 23, -1,
      4, 23, 76, -1,
      76, 23, 24, -1,
      76, 24, 25, -1,
      28, 29, 77, -1,
      77, 29, 30, -1,
      77, 30, 9, -1,
      9, 30, 31, -1,
      9, 31, 32, -1,
      16, 17, 3, -1,
      3, 17, 18, -1,
      3, 18, 4, -1,
      4, 18, 19, -1,
      4, 19, 20, -1,
      33, 34, 9, -1,
      9, 34, 35, -1,
      9, 35, 10, -1,
      10, 35, 36, -1,
      10, 36, 37, -1,
    ]
  }
}

Shape {
  appearance Appearance {
    material Material {
      diffuseColor 0.6980 0.6980 0.6980
      specularColor 0.6157 0.6157 0.6157
      ambientIntensity 0.2
      transparency 0.0000
      shininess 0.5
    }
  }
  geometry IndexedFaceSet {
    ccw TRUE
    solid FALSE
    coord DEF co Coordinate {
      point [
        -0.440945 -0.030709 0.925197,
        -0.440945 -0.030709 1.003937,
        -0.447610 0.053975 0.925197,
        -0.447610 0.053975 1.003937,
        -0.467440 0.136574 0.925197,
        -0.467440 0.136574 1.003937,
        -0.499947 0.215054 0.925197,
        -0.499947 0.215054 1.003937,
        -0.544331 0.287482 0.925197,
        -0.544331 0.287482 1.003937,
        -0.599499 0.352076 0.925197,
        -0.599499 0.352076 1.003937,
        -0.664093 0.407243 0.925197,
        -0.664093 0.407243 1.003937,
        -0.736521 0.451628 0.925197,
        -0.736521 0.451628 1.003937,
        -0.815001 0.484135 0.925197,
        -0.815001 0.484135 1.003937,
        -0.897599 0.503965 0.925197,
        -0.897599 0.503965 1.003937,
        -0.982283 0.510630 0.925197,
        -0.982283 0.510630 1.003937,
        -1.066968 0.503965 0.925197,
        -1.066968 0.503965 1.003937,
        -1.149566 0.484135 0.925197,
        -1.149566 0.484135 1.003937,
        -1.228046 0.451628 0.925197,
        -1.228046 0.451628 1.003937,
        -1.300474 0.407243 0.925197,
        -1.300474 0.407243 1.003937,
        -1.365068 0.352076 0.925197,
        -1.365068 0.352076 1.003937,
        -1.420235 0.287482 0.925197,
        -1.420235 0.287482 1.003937,
        -1.464620 0.215054 0.925197,
        -1.464620 0.215054 1.003937,
        -1.497127 0.136574 0.925197,
        -1.497127 0.136574 1.003937,
        -1.516957 0.053975 0.925197,
        -1.516957 0.053975 1.003937,
        -1.523622 -0.030709 0.925197,
        -1.523622 -0.030709 1.003937,
        -1.516957 -0.115393 0.925197,
        -1.516957 -0.115393 1.003937,
        -1.497127 -0.197991 0.925197,
        -1.497127 -0.197991 1.003937,
        -1.464620 -0.276471 0.925197,
        -1.464620 -0.276471 1.003937,
        -1.420235 -0.348900 0.925197,
        -1.420235 -0.348900 1.003937,
        -1.365068 -0.413493 0.925197,
        -1.365068 -0.413493 1.003937,
        -1.300474 -0.468661 0.925197,
        -1.300474 -0.468661 1.003937,
        -1.228046 -0.513045 0.925197,
        -1.228046 -0.513045 1.003937,
        -1.149566 -0.545552 0.925197,
        -1.149566 -0.545552 1.003937,
        -1.066968 -0.565383 0.925197,
        -1.066968 -0.565383 1.003937,
        -0.982283 -0.572047 0.925197,
        -0.982283 -0.572047 1.003937,
        -0.897599 -0.565383 0.925197,
        -0.897599 -0.565383 1.003937,
        -0.815001 -0.545552 0.925197,
        -0.815001 -0.545552 1.003937,
        -0.736521 -0.513045 0.925197,
        -0.736521 -0.513045 1.003937,
        -0.664093 -0.468661 0.925197,
        -0.664093 -0.468661 1.003937,
        -0.599499 -0.413493 0.925197,
        -0.599499 -0.413493 1.003937,
        -0.544331 -0.348900 0.925197,
        -0.544331 -0.348900 1.003937,
        -0.499947 -0.276471 0.925197,
        -0.499947 -0.276471 1.003937,
        -0.467440 -0.197991 0.925197,
        -0.467440 -0.197991 1.003937,
        -0.447610 -0.115393 0.925197,
        -0.447610 -0.115393 1.003937,
        -1.277559 1.170079 0.832161,
        -1.277559 1.135727 0.761309,
        -1.297939 1.133313 0.762480,
        -1.297939 1.167665 0.833331,
        -1.316929 1.126235 0.765911,
        -1.316929 1.160587 0.836763,
        -1.333237 1.114975 0.771371,
        -1.333237 1.149327 0.842222,
        -1.345750 1.100301 0.778485,
        -1.345750 1.134653 0.849337,
        -1.353616 1.083213 0.786770,
        -1.353616 1.117565 0.857622,
        -1.356299 1.064875 0.795661,
        -1.356299 1.099227 0.866513,
        -0.687008 1.135727 0.761309,
        -0.687008 1.170079 0.832161,
        -0.666628 1.167665 0.833331,
        -0.666628 1.133313 0.762480,
        -0.647638 1.160587 0.836763,
        -0.647638 1.126235 0.765911,
        -0.631330 1.149327 0.842222,
        -0.631330 1.114975 0.771371,
        -0.618817 1.134653 0.849337,
        -0.618817 1.100301 0.778485,
        -0.610951 1.117565 0.857622,
        -0.610951 1.083213 0.786770,
        -0.608268 1.099227 0.866513,
        -0.608268 1.064875 0.795661,
        -0.519685 -0.798425 1.003937,
        -0.519685 -0.798425 0.925197,
        -0.459658 -0.790731 0.925197,
        -0.459658 -0.790731 1.003937,
        -0.402210 -0.771699 0.925197,
        -0.402210 -0.771699 1.003937,
        -0.349463 -0.742031 0.925197,
        -0.349463 -0.742031 1.003937,
        -0.303364 -0.702822 0.925197,
        -0.303364 -0.702822 1.003937,
        -0.265615 -0.655520 0.925197,
        -0.265615 -0.655520 1.003937,
        -0.237609 -0.601871 0.925197,
        -0.237609 -0.601871 1.003937,
        -0.220381 -0.543857 0.925197,
        -0.220381 -0.543857 1.003937,
        -0.214567 -0.483619 0.925197,
        -0.214567 -0.483619 1.003937,
        -1.444882 -0.798425 0.925197,
        -1.444882 -0.798425 1.003937,
        -1.504909 -0.790731 1.003937,
        -1.504909 -0.790731 0.925197,
        -1.562357 -0.771699 1.003937,
        -1.562357 -0.771699 0.925197,
        -1.615104 -0.742031 1.003937,
        -1.615104 -0.742031 0.925197,
        -1.661203 -0.702822 1.003937,
        -1.661203 -0.702822 0.925197,
        -1.698952 -0.655520 1.003937,
        -1.698952 -0.655520 0.925197,
        -1.726958 -0.601871 1.003937,
        -1.726958 -0.601871 0.925197,
        -1.744186 -0.543857 1.003937,
        -1.744186 -0.543857 0.925197,
        -1.750000 -0.483619 1.003937,
        -1.750000 -0.483619 0.925197,
        -0.529528 0.737008 0.925197,
        -0.529528 0.737008 1.003937,
        -0.468082 0.730956 1.003937,
        -0.468082 0.730956 0.925197,
        -0.408997 0.713033 1.003937,
        -0.408997 0.713033 0.925197,
        -0.354545 0.683928 1.003937,
        -0.354545 0.683928 0.925197,
        -0.306817 0.644758 1.003937,
        -0.306817 0.644758 0.925197,
        -0.267647 0.597030 1.003937,
        -0.267647 0.597030 0.925197,
        -0.238542 0.542578 1.003937,
        -0.238542 0.542578 0.925197,
        -0.220619 0.483493 1.003937,
        -0.220619 0.483493 0.925197,
        -0.214567 0.422047 1.003937,
        -0.214567 0.422047 0.925197,
        -1.435039 0.737008 1.003937,
        -1.435039 0.737008 0.925197,
        -1.496485 0.730956 0.925197,
        -1.496485 0.730956 1.003937,
        -1.555570 0.713033 0.925197,
        -1.555570 0.713033 1.003937,
        -1.610022 0.683928 0.925197,
        -1.610022 0.683928 1.003937,
        -1.657750 0.644758 0.925197,
        -1.657750 0.644758 1.003937,
        -1.696920 0.597030 0.925197,
        -1.696920 0.597030 1.003937,
        -1.726025 0.542578 0.925197,
        -1.726025 0.542578 1.003937,
        -1.743948 0.483493 0.925197,
        -1.743948 0.483493 1.003937,
        -1.750000 0.422047 0.925197,
        -1.750000 0.422047 1.003937,
        -0.519685 -0.808615 0.923855,
        -0.519685 -0.828994 0.999913,
        -0.519685 -0.818110 0.919922,
        -0.519685 -0.857480 0.988113,
        -0.519685 -0.826264 0.913666,
        -0.519685 -0.881942 0.969343,
        -0.519685 -0.832521 0.905512,
        -0.519685 -0.900712 0.944882,
        -0.519685 -0.836454 0.896017,
        -0.519685 -0.912511 0.916396,
        -0.519685 -0.837795 0.885827,
        -0.519685 -0.916535 0.885827,
        -0.519685 -0.837795 0.216323,
        -0.519685 -0.916535 0.216323,
        -0.519685 -0.836554 0.206514,
        -0.519685 -0.912811 0.186896,
        -0.519685 -0.832908 0.197324,
        -0.519685 -0.901873 0.159326,
        -0.519685 -0.827087 0.189332,
        -0.519685 -0.884411 0.135350,
        -0.519685 -0.819459 0.183042,
        -0.519685 -0.861526 0.116481,
        -0.519685 -0.810504 0.178851,
        -0.519685 -0.834661 0.103908,
        -0.519685 -0.800787 0.177024,
        -0.519685 -0.805512 0.098425,
        -0.519685 1.164170 0.058913,
        -0.519685 1.159446 -0.019685,
        -1.444882 1.164170 0.058913,
        -1.444882 1.159446 -0.019685,
        -1.444882 -0.800787 0.177024,
        -1.444882 -0.805512 0.098425,
        -1.444882 -0.810504 0.178851,
        -1.444882 -0.834661 0.103908,
        -1.444882 -0.819459 0.183042,
        -1.444882 -0.861526 0.116481,
        -1.444882 -0.827087 0.189332,
        -1.444882 -0.884411 0.135350,
        -1.444882 -0.832908 0.197324,
        -1.444882 -0.901873 0.159326,
        -1.444882 -0.836554 0.206514,
        -1.444882 -0.912811 0.186896,
        -1.444882 -0.837795 0.216323,
        -1.444882 -0.916535 0.216323,
        -1.444882 -0.837795 0.885827,
        -1.444882 -0.916535 0.885827,
        -1.444882 -0.836454 0.896017,
        -1.444882 -0.912511 0.916396,
        -1.444882 -0.832521 0.905512,
        -1.444882 -0.900712 0.944882,
        -1.444882 -0.826264 0.913666,
        -1.444882 -0.881942 0.969343,
        -1.444882 -0.818110 0.919922,
        -1.444882 -0.857480 0.988113,
        -1.444882 -0.808615 0.923855,
        -1.444882 -0.828994 0.999913,
        -0.608268 0.737008 0.925197,
        -0.608268 0.737008 1.003937,
        -0.608268 0.788437 1.000060,
        -0.608268 0.796165 0.918492,
        -0.608268 0.852320 0.898717,
        -0.608268 0.886672 0.969569,
        -0.608268 0.838704 0.988517,
        -1.356299 0.796165 0.918492,
        -1.356299 0.737008 0.925197,
        -1.356299 0.737008 1.003937,
        -1.356299 0.886672 0.969569,
        -1.356299 0.852320 0.898717,
        -1.356299 0.838704 0.988517,
        -1.356299 0.788437 1.000060,
      ]
    }
    coordIndex [
      0, 1, 2, -1,
      2, 1, 3, -1,
      2, 3, 4, -1,
      4, 3, 5, -1,
      4, 5, 6, -1,
      6, 5, 7, -1,
      6, 7, 8, -1,
      8, 7, 9, -1,
      8, 9, 10, -1,
      10, 9, 11, -1,
      10, 11, 12, -1,
      12, 11, 13, -1,
      12, 13, 14, -1,
      14, 13, 15, -1,
      14, 15, 16, -1,
      16, 15, 17, -1,
      16, 17, 18, -1,
      18, 17, 19, -1,
      18, 19, 20, -1,
      20, 19, 21, -1,
      20, 21, 22, -1,
      22, 21, 23, -1,
      22, 23, 24, -1,
      24, 23, 25, -1,
      24, 25, 26, -1,
      26, 25, 27, -1,
      26, 27, 28, -1,
      28, 27, 29, -1,
      28, 29, 30, -1,
      30, 29, 31, -1,
      30, 31, 32, -1,
      32, 31, 33, -1,
      32, 33, 34, -1,
      34, 33, 35, -1,
      34, 35, 36, -1,
      36, 35, 37, -1,
      36, 37, 38, -1,
      38, 37, 39, -1,
      38, 39, 40, -1,
      40, 39, 41, -1,
      40, 41, 42, -1,
      42, 41, 43, -1,
      42, 43, 44, -1,
      44, 43, 45, -1,
      44, 45, 46, -1,
      46, 45, 47, -1,
      46, 47, 48, -1,
      48, 47, 49, -1,
      48, 49, 50, -1,
      50, 49, 51, -1,
      50, 51, 52, -1,
      52, 51, 53, -1,
      52, 53, 54, -1,
      54, 53, 55, -1,
      54, 55, 56, -1,
      56, 55, 57, -1,
      56, 57, 58, -1,
      58, 57, 59, -1,
      58, 59, 60, -1,
      60, 59, 61, -1,
      60, 61, 62, -1,
      62, 61, 63, -1,
      62, 63, 64, -1,
      64, 63, 65, -1,
      64, 65, 66, -1,
      66, 65, 67, -1,
      66, 67, 68, -1,
      68, 67, 69, -1,
      68, 69, 70, -1,
      70, 69, 71, -1,
      70, 71, 72, -1,
      72, 71, 73, -1,
      72, 73, 74, -1,
      74, 73, 75, -1,
      74, 75, 76, -1,
      76, 75, 77, -1,
      76, 77, 78, -1,
      78, 77, 79, -1,
      78, 79, 0, -1,
      0, 79, 1, -1,
      80, 81, 82, -1,
      80, 82, 83, -1,
      83, 82, 84, -1,
      83, 84, 85, -1,
      85, 84, 86, -1,
      85, 86, 87, -1,
      87, 86, 88, -1,
      87, 88, 89, -1,
      89, 88, 90, -1,
      89, 90, 91, -1,
      91, 90, 92, -1,
      91, 92, 93, -1,
      94, 95, 96, -1,
      94, 96, 97, -1,
      97, 96, 98, -1,
      97, 98, 99, -1,
      99, 98, 100, -1,
      99, 100, 101, -1,
      101, 100, 102, -1,
      101, 102, 103, -1,
      103, 102, 104, -1,
      103, 104, 105, -1,
      105, 104, 106, -1,
      105, 106, 107, -1,
      108, 109, 110, -1,
      108, 110, 111, -1,
      111, 110, 112, -1,
      111, 112, 113, -1,
      113, 112, 114, -1,
      113, 114, 115, -1,
      115, 114, 116, -1,
      115, 116, 117, -1,
      117, 116, 118, -1,
      117, 118, 119, -1,
      119, 118, 120, -1,
      119, 120, 121, -1,
      121, 120, 122, -1,
      121, 122, 123, -1,
      123, 122, 124, -1,
      123, 124, 125, -1,
      126, 127, 128, -1,
      126, 128, 129, -1,
      129, 128, 130, -1,
      129, 130, 131, -1,
      131, 130, 132, -1,
      131, 132, 133, -1,
      133, 132, 134, -1,
      133, 134, 135, -1,
      135, 134, 136, -1,
      135, 136, 137, -1,
      137, 136, 138, -1,
      137, 138, 139, -1,
      139, 138, 140, -1,
      139, 140, 141, -1,
      141, 140, 142, -1,
      141, 142, 143, -1,
      144, 145, 146, -1,
      144, 146, 147, -1,
      147, 146, 148, -1,
      147, 148, 149, -1,
      149, 148, 150, -1,
      149, 150, 151, -1,
      151, 150, 152, -1,
      151, 152, 153, -1,
      153, 152, 154, -1,
      153, 154, 155, -1,
      155, 154, 156, -1,
      155, 156, 157, -1,
      157, 156, 158, -1,
      157, 158, 159, -1,
      159, 158, 160, -1,
      159, 160, 161, -1,
      162, 163, 164, -1,
      162, 164, 165, -1,
      165, 164, 166, -1,
      165, 166, 167, -1,
      167, 166, 168, -1,
      167, 168, 169, -1,
      169, 168, 170, -1,
      169, 170, 171, -1,
      171, 170, 172, -1,
      171, 172, 173, -1,
      173, 172, 174, -1,
      173, 174, 175, -1,
      175, 174, 176, -1,
      175, 176, 177, -1,
      177, 176, 178, -1,
      177, 178, 179, -1,
      109, 108, 180, -1,
      180, 108, 181, -1,
      180, 181, 182, -1,
      182, 181, 183, -1,
      182, 183, 184, -1,
      184, 183, 185, -1,
      184, 185, 186, -1,
      186, 185, 187, -1,
      186, 187, 188, -1,
      188, 187, 189, -1,
      188, 189, 190, -1,
      190, 189, 191, -1,
      190, 191, 192, -1,
      192, 191, 193, -1,
      192, 193, 194, -1,
      194, 193, 195, -1,
      194, 195, 196, -1,
      196, 195, 197, -1,
      196, 197, 198, -1,
      198, 197, 199, -1,
      198, 199, 200, -1,
      200, 199, 201, -1,
      200, 201, 202, -1,
      202, 201, 203, -1,
      202, 203, 204, -1,
      204, 203, 205, -1,
      204, 205, 206, -1,
      206, 205, 207, -1,
      208, 209, 210, -1,
      210, 209, 211, -1,
      210, 211, 212, -1,
      212, 211, 213, -1,
      212, 213, 214, -1,
      214, 213, 215, -1,
      214, 215, 216, -1,
      216, 215, 217, -1,
      216, 217, 218, -1,
      218, 217, 219, -1,
      218, 219, 220, -1,
      220, 219, 221, -1,
      220, 221, 222, -1,
      222, 221, 223, -1,
      222, 223, 224, -1,
      224, 223, 225, -1,
      224, 225, 226, -1,
      226, 225, 227, -1,
      226, 227, 228, -1,
      228, 227, 229, -1,
      228, 229, 230, -1,
      230, 229, 231, -1,
      230, 231, 232, -1,
      232, 231, 233, -1,
      232, 233, 234, -1,
      234, 233, 235, -1,
      234, 235, 126, -1,
      126, 235, 127, -1,
      144, 236, 145, -1,
      145, 236, 237, -1,
      237, 236, 238, -1,
      238, 236, 239, -1,
      107, 106, 240, -1,
      240, 106, 241, -1,
      240, 241, 239, -1,
      239, 241, 242, -1,
      239, 242, 238, -1,
      243, 244, 245, -1,
      93, 92, 246, -1,
      246, 92, 247, -1,
      246, 247, 248, -1,
      248, 247, 243, -1,
      248, 243, 249, -1,
      249, 243, 245, -1,
      162, 245, 163, -1,
      163, 245, 244, -1,
      247, 240, 243, -1,
      243, 240, 239, -1,
      243, 239, 244, -1,
      244, 239, 236, -1,
      240, 247, 107, -1,
      107, 247, 92, -1,
      84, 92, 86, -1,
      86, 92, 90, -1,
      86, 90, 88, -1,
      84, 82, 92, -1,
      92, 82, 81, -1,
      92, 81, 107, -1,
      107, 81, 94, -1,
      107, 94, 97, -1,
      103, 105, 101, -1,
      101, 105, 107, -1,
      101, 107, 99, -1,
      99, 107, 97, -1,
      245, 237, 238, -1,
      245, 238, 249, -1,
      249, 238, 242, -1,
      249, 242, 248, -1,
      248, 242, 241, -1,
      248, 241, 246, -1,
      241, 106, 95, -1,
      95, 106, 104, -1,
      95, 104, 102, -1,
      102, 100, 95, -1,
      95, 100, 98, -1,
      95, 98, 96, -1,
      241, 95, 246, -1,
      246, 95, 80, -1,
      246, 80, 93, -1,
      93, 80, 83, -1,
      93, 83, 85, -1,
      85, 87, 93, -1,
      93, 87, 89, -1,
      93, 89, 91, -1,
      94, 81, 95, -1,
      95, 81, 80, -1,
      178, 143, 179, -1,
      179, 143, 142, -1,
      222, 192, 220, -1,
      220, 192, 194, -1,
      220, 194, 218, -1,
      218, 194, 196, -1,
      218, 196, 216, -1,
      216, 196, 198, -1,
      216, 198, 214, -1,
      214, 198, 200, -1,
      214, 200, 212, -1,
      212, 200, 202, -1,
      212, 202, 210, -1,
      210, 202, 204, -1,
      192, 222, 190, -1,
      190, 222, 224, -1,
      126, 109, 234, -1,
      234, 109, 180, -1,
      234, 180, 232, -1,
      232, 180, 182, -1,
      232, 182, 230, -1,
      230, 182, 184, -1,
      230, 184, 228, -1,
      228, 184, 186, -1,
      228, 186, 226, -1,
      226, 186, 188, -1,
      226, 188, 224, -1,
      224, 188, 190, -1,
      211, 205, 203, -1,
      211, 203, 213, -1,
      213, 203, 201, -1,
      213, 201, 215, -1,
      215, 201, 199, -1,
      215, 199, 217, -1,
      217, 199, 197, -1,
      217, 197, 219, -1,
      219, 197, 195, -1,
      219, 195, 221, -1,
      221, 195, 193, -1,
      221, 193, 223, -1,
      225, 223, 191, -1,
      191, 223, 193, -1,
      225, 191, 189, -1,
      225, 189, 227, -1,
      227, 189, 187, -1,
      227, 187, 229, -1,
      229, 187, 185, -1,
      229, 185, 231, -1,
      231, 185, 183, -1,
      231, 183, 233, -1,
      233, 183, 181, -1,
      233, 181, 235, -1,
      235, 181, 108, -1,
      235, 108, 127, -1,
      160, 125, 161, -1,
      161, 125, 124, -1,
      209, 207, 211, -1,
      211, 207, 205, -1,
      207, 209, 206, -1,
      206, 209, 208, -1,
      208, 210, 206, -1,
      206, 210, 204, -1,
      54, 56, 126, -1,
      74, 76, 124, -1,
      124, 76, 78, -1,
      124, 78, 161, -1,
      161, 78, 0, -1,
      161, 0, 2, -1,
      147, 149, 12, -1,
      12, 149, 151, -1,
      12, 151, 10, -1,
      236, 14, 16, -1,
      178, 34, 36, -1,
      36, 38, 178, -1,
      178, 38, 40, -1,
      178, 40, 143, -1,
      143, 40, 42, -1,
      62, 109, 60, -1,
      60, 109, 126, -1,
      60, 126, 58, -1,
      58, 126, 56, -1,
      116, 70, 118, -1,
      118, 70, 72, -1,
      118, 72, 120, -1,
      74, 124, 72, -1,
      72, 124, 122, -1,
      72, 122, 120, -1,
      14, 236, 12, -1,
      12, 236, 144, -1,
      12, 144, 147, -1,
      22, 244, 20, -1,
      20, 244, 236, -1,
      20, 236, 18, -1,
      18, 236, 16, -1,
      2, 4, 161, -1,
      161, 4, 6, -1,
      161, 6, 159, -1,
      159, 6, 8, -1,
      151, 153, 10, -1,
      10, 153, 155, -1,
      10, 155, 8, -1,
      8, 155, 157, -1,
      8, 157, 159, -1,
      174, 172, 32, -1,
      32, 172, 30, -1,
      42, 44, 143, -1,
      143, 44, 46, -1,
      143, 46, 141, -1,
      141, 46, 48, -1,
      62, 64, 109, -1,
      109, 64, 66, -1,
      109, 66, 110, -1,
      110, 66, 68, -1,
      110, 68, 112, -1,
      112, 68, 70, -1,
      112, 70, 114, -1,
      114, 70, 116, -1,
      166, 28, 168, -1,
      168, 28, 30, -1,
      168, 30, 170, -1,
      170, 30, 172, -1,
      34, 178, 32, -1,
      32, 178, 176, -1,
      32, 176, 174, -1,
      133, 135, 50, -1,
      50, 135, 137, -1,
      50, 137, 48, -1,
      48, 137, 139, -1,
      48, 139, 141, -1,
      54, 126, 52, -1,
      52, 126, 129, -1,
      52, 129, 50, -1,
      50, 129, 131, -1,
      50, 131, 133, -1,
      22, 24, 244, -1,
      244, 24, 26, -1,
      244, 26, 163, -1,
      163, 26, 28, -1,
      163, 28, 164, -1,
      164, 28, 166, -1,
      160, 1, 125, -1,
      125, 1, 79, -1,
      7, 5, 160, -1,
      160, 5, 3, -1,
      160, 3, 1, -1,
      148, 146, 13, -1,
      13, 146, 145, -1,
      13, 145, 15, -1,
      15, 145, 237, -1,
      15, 237, 17, -1,
      148, 13, 150, -1,
      150, 13, 11, -1,
      150, 11, 152, -1,
      152, 11, 154, -1,
      154, 11, 9, -1,
      154, 9, 156, -1,
      79, 77, 125, -1,
      125, 77, 75, -1,
      125, 75, 123, -1,
      123, 75, 73, -1,
      108, 67, 65, -1,
      245, 21, 237, -1,
      237, 21, 19, -1,
      237, 19, 17, -1,
      7, 160, 9, -1,
      9, 160, 158, -1,
      9, 158, 156, -1,
      115, 117, 71, -1,
      71, 117, 119, -1,
      71, 119, 73, -1,
      73, 119, 121, -1,
      73, 121, 123, -1,
      67, 108, 69, -1,
      69, 108, 111, -1,
      69, 111, 71, -1,
      71, 111, 113, -1,
      71, 113, 115, -1,
      27, 25, 245, -1,
      245, 25, 23, -1,
      245, 23, 21, -1,
      39, 37, 179, -1,
      179, 37, 35, -1,
      179, 35, 177, -1,
      177, 35, 33, -1,
      31, 173, 33, -1,
      33, 173, 175, -1,
      33, 175, 177, -1,
      165, 167, 29, -1,
      29, 167, 169, -1,
      29, 169, 31, -1,
      31, 169, 171, -1,
      31, 171, 173, -1,
      65, 63, 108, -1,
      108, 63, 61, -1,
      108, 61, 127, -1,
      127, 61, 59, -1,
      47, 45, 142, -1,
      142, 45, 43, -1,
      142, 43, 179, -1,
      179, 43, 41, -1,
      179, 41, 39, -1,
      27, 245, 29, -1,
      29, 245, 162, -1,
      29, 162, 165, -1,
      134, 51, 136, -1,
      136, 51, 49, -1,
      136, 49, 138, -1,
      47, 142, 49, -1,
      49, 142, 140, -1,
      49, 140, 138, -1,
      59, 57, 127, -1,
      127, 57, 55, -1,
      127, 55, 128, -1,
      128, 55, 53, -1,
      128, 53, 130, -1,
      130, 53, 51, -1,
      130, 51, 132, -1,
      132, 51, 134, -1,
    ]
  }
}

Shape {
  appearance Appearance {
    material Material {
      diffuseColor 0.6980 0.6980 0.6980
      specularColor 0.6980 0.6980 0.6980
      ambientIntensity 0.2
      transparency 0.0000
      shininess 0.5
    }
  }
  geometry IndexedFaceSet {
    ccw TRUE
    solid FALSE
    coord DEF co Coordinate {
      point [
        -1.102362 -0.116535 -3.011811,
        -0.866142 -0.116535 -3.011811,
        -0.866142 -0.147105 -3.007787,
        -1.102362 -0.147105 -3.007787,
        -0.866142 -0.175591 -2.995987,
        -1.102362 -0.175591 -2.995987,
        -0.866142 -0.200052 -2.977217,
        -1.102362 -0.200052 -2.977217,
        -0.866142 -0.218822 -2.952756,
        -1.102362 -0.218822 -2.952756,
        -0.866142 -0.230621 -2.924270,
        -1.102362 -0.230621 -2.924270,
        -0.866142 -0.234646 -2.893701,
        -1.102362 -0.234646 -2.893701,
        -1.102362 0.157480 -2.893701,
        -0.866142 0.157480 -2.893701,
        -0.866142 0.153456 -2.924270,
        -1.102362 0.153456 -2.924270,
        -0.866142 0.141657 -2.952756,
        -1.102362 0.141657 -2.952756,
        -0.866142 0.122887 -2.977217,
        -1.102362 0.122887 -2.977217,
        -0.866142 0.098425 -2.995987,
        -1.102362 0.098425 -2.995987,
        -0.866142 0.069939 -3.007787,
        -1.102362 0.069939 -3.007787,
        -0.866142 0.039370 -3.011811,
        -1.102362 0.039370 -3.011811,
        -0.866142 -0.234646 -1.086614,
        -0.866142 0.157480 -1.086614,
        -0.866007 -0.234646 -1.085595,
        -0.866007 0.157480 -1.085595,
        -0.865614 -0.234646 -1.084646,
        -0.865614 0.157480 -1.084646,
        -0.864989 -0.234646 -1.083830,
        -0.864989 0.157480 -1.083830,
        -0.864173 -0.234646 -1.083205,
        -0.864173 0.157480 -1.083205,
        -0.863224 -0.234646 -1.082811,
        -0.863224 0.157480 -1.082811,
        -0.862205 -0.234646 -1.082677,
        -0.862205 0.157480 -1.082677,
        -0.862205 -0.234646 -0.846457,
        -0.862205 0.157480 -0.846457,
        -0.924362 0.157480 -0.854640,
        -0.924362 -0.234646 -0.854640,
        -0.982283 0.157480 -0.878632,
        -0.982283 -0.234646 -0.878632,
        -1.032022 0.157480 -0.916797,
        -1.032022 -0.234646 -0.916797,
        -1.070187 0.157480 -0.966535,
        -1.070187 -0.234646 -0.966535,
        -1.094179 0.157480 -1.024457,
        -1.094179 -0.234646 -1.024457,
        -1.102362 0.157480 -1.086614,
        -1.102362 -0.234646 -1.086614,
        -1.527559 0.158268 0.374016,
        -1.763780 0.158268 0.374016,
        -1.527559 0.158268 -0.842520,
        -1.763780 0.158268 -0.842520,
        -1.527425 0.158268 -0.843539,
        -1.755596 0.158268 -0.904677,
        -1.527031 0.158268 -0.844488,
        -1.731605 0.158268 -0.962598,
        -1.526406 0.158268 -0.845304,
        -1.693439 0.158268 -1.012337,
        -1.525591 0.158268 -0.845929,
        -1.643701 0.158268 -1.050502,
        -1.524641 0.158268 -0.846322,
        -1.585780 0.158268 -1.074494,
        -1.523622 0.158268 -0.846457,
        -1.523622 0.158268 -1.082677,
        -0.862205 0.158268 -0.846457,
        -0.862205 0.158268 -1.082677,
        -1.763780 -0.235433 0.374016,
        -1.527559 -0.235433 0.374016,
        -0.862205 -0.235433 -0.846457,
        -0.862205 -0.235433 -1.082677,
        -1.523622 -0.235433 -0.846457,
        -1.523622 -0.235433 -1.082677,
        -1.524641 -0.235433 -0.846322,
        -1.585780 -0.235433 -1.074494,
        -1.525591 -0.235433 -0.845929,
        -1.643701 -0.235433 -1.050502,
        -1.526406 -0.235433 -0.845304,
        -1.693439 -0.235433 -1.012337,
        -1.527031 -0.235433 -0.844488,
        -1.731605 -0.235433 -0.962598,
        -1.527425 -0.235433 -0.843539,
        -1.755596 -0.235433 -0.904677,
        -1.527559 -0.235433 -0.842520,
        -1.763780 -0.235433 -0.842520,
      ]
    }
    coordIndex [
      0, 1, 2, -1,
      0, 2, 3, -1,
      3, 2, 4, -1,
      3, 4, 5, -1,
      5, 4, 6, -1,
      5, 6, 7, -1,
      7, 6, 8, -1,
      7, 8, 9, -1,
      9, 8, 10, -1,
      9, 10, 11, -1,
      11, 10, 12, -1,
      11, 12, 13, -1,
      14, 15, 16, -1,
      14, 16, 17, -1,
      17, 16, 18, -1,
      17, 18, 19, -1,
      19, 18, 20, -1,
      19, 20, 21, -1,
      21, 20, 22, -1,
      21, 22, 23, -1,
      23, 22, 24, -1,
      23, 24, 25, -1,
      25, 24, 26, -1,
      25, 26, 27, -1,
      28, 29, 30, -1,
      30, 29, 31, -1,
      30, 31, 32, -1,
      32, 31, 33, -1,
      32, 33, 34, -1,
      34, 33, 35, -1,
      34, 35, 36, -1,
      36, 35, 37, -1,
      36, 37, 38, -1,
      38, 37, 39, -1,
      38, 39, 40, -1,
      40, 39, 41, -1,
      42, 43, 44, -1,
      42, 44, 45, -1,
      45, 44, 46, -1,
      45, 46, 47, -1,
      47, 46, 48, -1,
      47, 48, 49, -1,
      49, 48, 50, -1,
      49, 50, 51, -1,
      51, 50, 52, -1,
      51, 52, 53, -1,
      53, 52, 54, -1,
      53, 54, 55, -1,
      0, 27, 1, -1,
      1, 27, 26, -1,
      2, 1, 12, -1,
      12, 1, 15, -1,
      12, 15, 28, -1,
      28, 15, 29, -1,
      10, 8, 6, -1,
      10, 6, 12, -1,
      12, 6, 4, -1,
      12, 4, 2, -1,
      1, 26, 15, -1,
      15, 26, 24, -1,
      15, 24, 22, -1,
      22, 20, 15, -1,
      15, 20, 18, -1,
      15, 18, 16, -1,
      25, 27, 14, -1,
      55, 54, 13, -1,
      13, 54, 14, -1,
      17, 19, 21, -1,
      14, 27, 13, -1,
      13, 27, 0, -1,
      13, 0, 3, -1,
      17, 21, 14, -1,
      14, 21, 23, -1,
      14, 23, 25, -1,
      3, 5, 13, -1,
      13, 5, 7, -1,
      13, 7, 11, -1,
      11, 7, 9, -1,
      15, 14, 29, -1,
      29, 14, 54, -1,
      29, 54, 31, -1,
      31, 54, 52, -1,
      31, 52, 33, -1,
      33, 52, 50, -1,
      33, 50, 35, -1,
      35, 50, 48, -1,
      35, 48, 37, -1,
      37, 48, 46, -1,
      37, 46, 39, -1,
      39, 46, 44, -1,
      39, 44, 41, -1,
      41, 44, 43, -1,
      40, 42, 38, -1,
      38, 42, 45, -1,
      38, 45, 36, -1,
      36, 45, 47, -1,
      36, 47, 34, -1,
      34, 47, 49, -1,
      34, 49, 32, -1,
      32, 49, 51, -1,
      32, 51, 30, -1,
      30, 51, 53, -1,
      30, 53, 28, -1,
      28, 53, 55, -1,
      28, 55, 12, -1,
      12, 55, 13, -1,
      56, 57, 58, -1,
      58, 57, 59, -1,
      58, 59, 60, -1,
      60, 59, 61, -1,
      60, 61, 62, -1,
      62, 61, 63, -1,
      62, 63, 64, -1,
      64, 63, 65, -1,
      64, 65, 66, -1,
      66, 65, 67, -1,
      66, 67, 68, -1,
      68, 67, 69, -1,
      68, 69, 70, -1,
      70, 69, 71, -1,
      70, 71, 72, -1,
      72, 71, 73, -1,
      74, 57, 75, -1,
      75, 57, 56, -1,
      76, 77, 78, -1,
      78, 77, 79, -1,
      78, 79, 80, -1,
      80, 79, 81, -1,
      80, 81, 82, -1,
      82, 81, 83, -1,
      82, 83, 84, -1,
      84, 83, 85, -1,
      84, 85, 86, -1,
      86, 85, 87, -1,
      86, 87, 88, -1,
      88, 87, 89, -1,
      88, 89, 90, -1,
      90, 89, 91, -1,
      90, 91, 75, -1,
      75, 91, 74, -1,
    ]
  }
}

Shape {
  appearance Appearance {
    material Material {
      diffuseColor 0.1843 0.7490 0.5804
      specularColor 0.1843 0.7490 0.5804
      ambientIntensity 0.2
      transparency 0.0000
      shininess 0.5
    }
  }
  geometry IndexedFaceSet {
    ccw TRUE
    solid FALSE
    coord DEF co Coordinate {
      point [
        -1.363382 0.082206 0.925197,
        -1.379255 -0.007817 0.925197,
        -1.379255 -0.007817 0.688976,
        -1.379921 -0.030709 0.925197,
        -1.373940 -0.099074 0.688976,
        -1.373940 -0.099074 0.925197,
        -1.347723 -0.186646 0.688976,
        -1.347723 -0.186646 0.925197,
        -1.302017 -0.265811 0.688976,
        -1.302017 -0.265811 0.925197,
        -1.239287 -0.332301 0.688976,
        -1.239287 -0.332301 0.925197,
        -1.162913 -0.382533 0.688976,
        -1.162913 -0.382533 0.925197,
        -1.077014 -0.413797 0.688976,
        -1.077014 -0.413797 0.925197,
        -0.986220 -0.424409 0.688976,
        -0.986220 -0.424409 0.925197,
        -0.895427 -0.413797 0.688976,
        -0.895427 -0.413797 0.925197,
        -0.809528 -0.382533 0.688976,
        -0.809528 -0.382533 0.925197,
        -0.733154 -0.332301 0.688976,
        -0.733154 -0.332301 0.925197,
        -0.670424 -0.265811 0.688976,
        -0.670424 -0.265811 0.925197,
        -0.624718 -0.186646 0.688976,
        -0.624718 -0.186646 0.925197,
        -0.598501 -0.099074 0.688976,
        -0.598501 -0.099074 0.925197,
        -0.593186 -0.007817 0.688976,
        -0.593186 -0.007817 0.925197,
        -0.609059 0.082206 0.688976,
        -0.609059 0.082206 0.925197,
        -0.645266 0.166142 0.688976,
        -0.645266 0.166142 0.925197,
        -0.699853 0.239465 0.688976,
        -0.699853 0.239465 0.925197,
        -0.769878 0.298224 0.688976,
        -0.769878 0.298224 0.925197,
        -0.851567 0.339249 0.688976,
        -0.851567 0.339249 0.925197,
        -0.940515 0.360330 0.688976,
        -0.940515 0.360330 0.925197,
        -1.031926 0.360330 0.688976,
        -1.031926 0.360330 0.925197,
        -1.120874 0.339249 0.688976,
        -1.120874 0.339249 0.925197,
        -1.202563 0.298224 0.688976,
        -1.202563 0.298224 0.925197,
        -1.272588 0.239465 0.688976,
        -1.272588 0.239465 0.925197,
        -1.327175 0.166142 0.688976,
        -1.327175 0.166142 0.925197,
        -1.363382 0.082206 0.688976,
        -1.347723 -0.186646 0.448819,
        -1.373940 -0.099074 0.448819,
        -1.373940 -0.099074 0.685039,
        -1.379921 -0.030709 0.448819,
        -1.379255 -0.007817 0.685039,
        -1.379255 -0.007817 0.448819,
        -1.363382 0.082206 0.685039,
        -1.363382 0.082206 0.448819,
        -1.327175 0.166142 0.685039,
        -1.327175 0.166142 0.448819,
        -1.272588 0.239465 0.685039,
        -1.272588 0.239465 0.448819,
        -1.202563 0.298224 0.685039,
        -1.202563 0.298224 0.448819,
        -1.120874 0.339249 0.685039,
        -1.120874 0.339249 0.448819,
        -1.031926 0.360330 0.685039,
        -1.031926 0.360330 0.448819,
        -0.940515 0.360330 0.685039,
        -0.940515 0.360330 0.448819,
        -0.851567 0.339249 0.685039,
        -0.851567 0.339249 0.448819,
        -0.769878 0.298224 0.685039,
        -0.769878 0.298224 0.448819,
        -0.699853 0.239465 0.685039,
        -0.699853 0.239465 0.448819,
        -0.645266 0.166142 0.685039,
        -0.645266 0.166142 0.448819,
        -0.609059 0.082206 0.685039,
        -0.609059 0.082206 0.448819,
        -0.593186 -0.007817 0.685039,
        -0.593186 -0.007817 0.448819,
        -0.598501 -0.099074 0.685039,
        -0.598501 -0.099074 0.448819,
        -0.624718 -0.186646 0.685039,
        -0.624718 -0.186646 0.448819,
        -0.670424 -0.265811 0.685039,
        -0.670424 -0.265811 0.448819,
        -0.733154 -0.332301 0.685039,
        -0.733154 -0.332301 0.448819,
        -0.809528 -0.382533 0.685039,
        -0.809528 -0.382533 0.448819,
        -0.895427 -0.413797 0.685039,
        -0.895427 -0.413797 0.448819,
        -0.986220 -0.424409 0.685039,
        -0.986220 -0.424409 0.448819,
        -1.077014 -0.413797 0.685039,
        -1.077014 -0.413797 0.448819,
        -1.162913 -0.382533 0.685039,
        -1.162913 -0.382533 0.448819,
        -1.239287 -0.332301 0.685039,
        -1.239287 -0.332301 0.448819,
        -1.302017 -0.265811 0.685039,
        -1.302017 -0.265811 0.448819,
        -1.347723 -0.186646 0.685039,
      ]
    }
    coordIndex [
      0, 1, 2, -1,
      2, 1, 3, -1,
      2, 3, 4, -1,
      4, 3, 5, -1,
      4, 5, 6, -1,
      6, 5, 7, -1,
      6, 7, 8, -1,
      8, 7, 9, -1,
      8, 9, 10, -1,
      10, 9, 11, -1,
      10, 11, 12, -1,
      12, 11, 13, -1,
      12, 13, 14, -1,
      14, 13, 15, -1,
      14, 15, 16, -1,
      16, 15, 17, -1,
      16, 17, 18, -1,
      18, 17, 19, -1,
      18, 19, 20, -1,
      20, 19, 21, -1,
      20, 21, 22, -1,
      22, 21, 23, -1,
      22, 23, 24, -1,
      24, 23, 25, -1,
      24, 25, 26, -1,
      26, 25, 27, -1,
      26, 27, 28, -1,
      28, 27, 29, -1,
      28, 29, 30, -1,
      30, 29, 31, -1,
      30, 31, 32, -1,
      32, 31, 33, -1,
      32, 33, 34, -1,
      34, 33, 35, -1,
      34, 35, 36, -1,
      36, 35, 37, -1,
      36, 37, 38, -1,
      38, 37, 39, -1,
      38, 39, 40, -1,
      40, 39, 41, -1,
      40, 41, 42, -1,
      42, 41, 43, -1,
      42, 43, 44, -1,
      44, 43, 45, -1,
      44, 45, 46, -1,
      46, 45, 47, -1,
      46, 47, 48, -1,
      48, 47, 49, -1,
      48, 49, 50, -1,
      50, 49, 51, -1,
      50, 51, 52, -1,
      52, 51, 53, -1,
      52, 53, 54, -1,
      54, 53, 0, -1,
      54, 0, 2, -1,
      55, 56, 57, -1,
      57, 56, 58, -1,
      57, 58, 59, -1,
      59, 58, 60, -1,
      59, 60, 61, -1,
      61, 60, 62, -1,
      61, 62, 63, -1,
      63, 62, 64, -1,
      63, 64, 65, -1,
      65, 64, 66, -1,
      65, 66, 67, -1,
      67, 66, 68, -1,
      67, 68, 69, -1,
      69, 68, 70, -1,
      69, 70, 71, -1,
      71, 70, 72, -1,
      71, 72, 73, -1,
      73, 72, 74, -1,
      73, 74, 75, -1,
      75, 74, 76, -1,
      75, 76, 77, -1,
      77, 76, 78, -1,
      77, 78, 79, -1,
      79, 78, 80, -1,
      79, 80, 81, -1,
      81, 80, 82, -1,
      81, 82, 83, -1,
      83, 82, 84, -1,
      83, 84, 85, -1,
      85, 84, 86, -1,
      85, 86, 87, -1,
      87, 86, 88, -1,
      87, 88, 89, -1,
      89, 88, 90, -1,
      89, 90, 91, -1,
      91, 90, 92, -1,
      91, 92, 93, -1,
      93, 92, 94, -1,
      93, 94, 95, -1,
      95, 94, 96, -1,
      95, 96, 97, -1,
      97, 96, 98, -1,
      97, 98, 99, -1,
      99, 98, 100, -1,
      99, 100, 101, -1,
      101, 100, 102, -1,
      101, 102, 103, -1,
      103, 102, 104, -1,
      103, 104, 105, -1,
      105, 104, 106, -1,
      105, 106, 107, -1,
      107, 106, 108, -1,
      107, 108, 109, -1,
      109, 108, 55, -1,
      109, 55, 57, -1,
    ]
  }
}

Shape {
  appearance Appearance {
    material Material {
      diffuseColor 0.6980 0.6980 0.6980
      specularColor 0.6980 0.6980 0.6980
      ambientIntensity 0.2
      transparency 0.0000
      shininess 0.5
    }
  }
  geometry IndexedFaceSet {
    ccw TRUE
    solid FALSE
    coord DEF co Coordinate {
      point [
        -0.862205 -0.234646 -1.082677,
        -0.862205 0.157480 -1.082677,
        -0.862205 -0.234646 -0.846457,
        -0.862205 0.157480 -0.846457,
        -1.527559 0.158268 0.374016,
        -1.763780 0.158268 0.374016,
        -1.527559 0.158268 -0.842520,
        -1.763780 0.158268 -0.842520,
        -1.527425 0.158268 -0.843539,
        -1.755596 0.158268 -0.904677,
        -1.527031 0.158268 -0.844488,
        -1.731605 0.158268 -0.962598,
        -1.526406 0.158268 -0.845304,
        -1.693439 0.158268 -1.012337,
        -1.525591 0.158268 -0.845929,
        -1.643701 0.158268 -1.050502,
        -1.524641 0.158268 -0.846322,
        -1.585780 0.158268 -1.074494,
        -1.523622 0.158268 -0.846457,
        -1.523622 0.158268 -1.082677,
        -0.862205 0.158268 -0.846457,
        -0.862205 0.158268 -1.082677,
        -1.763780 -0.235433 0.374016,
        -1.527559 -0.235433 0.374016,
        -0.862205 -0.235433 -0.846457,
        -0.862205 -0.235433 -1.082677,
        -1.523622 -0.235433 -0.846457,
        -1.523622 -0.235433 -1.082677,
        -1.524641 -0.235433 -0.846322,
        -1.585780 -0.235433 -1.074494,
        -1.525591 -0.235433 -0.845929,
        -1.643701 -0.235433 -1.050502,
        -1.526406 -0.235433 -0.845304,
        -1.693439 -0.235433 -1.012337,
        -1.527031 -0.235433 -0.844488,
        -1.731605 -0.235433 -0.962598,
        -1.527425 -0.235433 -0.843539,
        -1.755596 -0.235433 -0.904677,
        -1.527559 -0.235433 -0.842520,
        -1.763780 -0.235433 -0.842520,
        -1.363382 0.082206 0.925197,
        -1.379255 -0.007817 0.925197,
        -1.379255 -0.007817 0.688976,
        -1.379921 -0.030709 0.925197,
        -1.373940 -0.099074 0.688976,
        -1.373940 -0.099074 0.925197,
        -1.347723 -0.186646 0.688976,
        -1.347723 -0.186646 0.925197,
        -1.302017 -0.265811 0.688976,
        -1.302017 -0.265811 0.925197,
        -1.239287 -0.332301 0.688976,
        -1.239287 -0.332301 0.925197,
        -1.162913 -0.382533 0.688976,
        -1.162913 -0.382533 0.925197,
        -1.077014 -0.413797 0.688976,
        -1.077014 -0.413797 0.925197,
        -0.986220 -0.424409 0.688976,
        -0.986220 -0.424409 0.925197,
        -0.895427 -0.413797 0.688976,
        -0.895427 -0.413797 0.925197,
        -0.809528 -0.382533 0.688976,
        -0.809528 -0.382533 0.925197,
        -0.733154 -0.332301 0.688976,
        -0.733154 -0.332301 0.925197,
        -0.670424 -0.265811 0.688976,
        -0.670424 -0.265811 0.925197,
        -0.624718 -0.186646 0.688976,
        -0.624718 -0.186646 0.925197,
        -0.598501 -0.099074 0.688976,
        -0.598501 -0.099074 0.925197,
        -0.593186 -0.007817 0.688976,
        -0.593186 -0.007817 0.925197,
        -0.609059 0.082206 0.688976,
        -0.609059 0.082206 0.925197,
        -0.645266 0.166142 0.688976,
        -0.645266 0.166142 0.925197,
        -0.699853 0.239465 0.688976,
        -0.699853 0.239465 0.925197,
        -0.769878 0.298224 0.688976,
        -0.769878 0.298224 0.925197,
        -0.851567 0.339249 0.688976,
        -0.851567 0.339249 0.925197,
        -0.940515 0.360330 0.688976,
        -0.940515 0.360330 0.925197,
        -1.031926 0.360330 0.688976,
        -1.031926 0.360330 0.925197,
        -1.120874 0.339249 0.688976,
        -1.120874 0.339249 0.925197,
        -1.202563 0.298224 0.688976,
        -1.202563 0.298224 0.925197,
        -1.272588 0.239465 0.688976,
        -1.272588 0.239465 0.925197,
        -1.327175 0.166142 0.688976,
        -1.327175 0.166142 0.925197,
        -1.363382 0.082206 0.688976,
        -1.347723 -0.186646 0.448819,
        -1.373940 -0.099074 0.448819,
        -1.373940 -0.099074 0.685039,
        -1.379921 -0.030709 0.448819,
        -1.379255 -0.007817 0.685039,
        -1.379255 -0.007817 0.448819,
        -1.363382 0.082206 0.685039,
        -1.363382 0.082206 0.448819,
        -1.327175 0.166142 0.685039,
        -1.327175 0.166142 0.448819,
        -1.272588 0.239465 0.685039,
        -1.272588 0.239465 0.448819,
        -1.202563 0.298224 0.685039,
        -1.202563 0.298224 0.448819,
        -1.120874 0.339249 0.685039,
        -1.120874 0.339249 0.448819,
        -1.031926 0.360330 0.685039,
        -1.031926 0.360330 0.448819,
        -0.940515 0.360330 0.685039,
        -0.940515 0.360330 0.448819,
        -0.851567 0.339249 0.685039,
        -0.851567 0.339249 0.448819,
        -0.769878 0.298224 0.685039,
        -0.769878 0.298224 0.448819,
        -0.699853 0.239465 0.685039,
        -0.699853 0.239465 0.448819,
        -0.645266 0.166142 0.685039,
        -0.645266 0.166142 0.448819,
        -0.609059 0.082206 0.685039,
        -0.609059 0.082206 0.448819,
        -0.593186 -0.007817 0.685039,
        -0.593186 -0.007817 0.448819,
        -0.598501 -0.099074 0.685039,
        -0.598501 -0.099074 0.448819,
        -0.624718 -0.186646 0.685039,
        -0.624718 -0.186646 0.448819,
        -0.670424 -0.265811 0.685039,
        -0.670424 -0.265811 0.448819,
        -0.733154 -0.332301 0.685039,
        -0.733154 -0.332301 0.448819,
        -0.809528 -0.382533 0.685039,
        -0.809528 -0.382533 0.448819,
        -0.895427 -0.413797 0.685039,
        -0.895427 -0.413797 0.448819,
        -0.986220 -0.424409 0.685039,
        -0.986220 -0.424409 0.448819,
        -1.077014 -0.413797 0.685039,
        -1.077014 -0.413797 0.448819,
        -1.162913 -0.382533 0.685039,
        -1.162913 -0.382533 0.448819,
        -1.239287 -0.332301 0.685039,
        -1.239287 -0.332301 0.448819,
        -1.302017 -0.265811 0.685039,
        -1.302017 -0.265811 0.448819,
        -1.347723 -0.186646 0.685039,
        -1.523622 0.788189 0.448819,
        -1.523622 -0.786614 0.448819,
        -1.524641 0.788189 0.448685,
        -1.524641 -0.786614 0.448685,
        -1.525591 0.788189 0.448291,
        -1.525591 -0.786614 0.448291,
        -1.526406 0.788189 0.447666,
        -1.526406 -0.786614 0.447666,
        -1.527031 0.788189 0.446850,
        -1.527031 -0.786614 0.446850,
        -1.527425 0.788189 0.445901,
        -1.527425 -0.786614 0.445901,
        -1.527559 0.788189 0.444882,
        -1.527559 -0.786614 0.444882,
        -0.448819 0.788189 -0.846457,
        -0.448819 -0.786614 -0.846457,
        -0.447800 0.788189 -0.846322,
        -0.447800 -0.786614 -0.846322,
        -0.446850 0.788189 -0.845929,
        -0.446850 -0.786614 -0.845929,
        -0.446035 0.788189 -0.845304,
        -0.446035 -0.786614 -0.845304,
        -0.445409 0.788189 -0.844488,
        -0.445409 -0.786614 -0.844488,
        -0.445016 0.788189 -0.843539,
        -0.445016 -0.786614 -0.843539,
        -0.444882 0.788189 -0.842520,
        -0.444882 -0.786614 -0.842520,
        -0.444882 0.788189 0.685039,
        -0.444882 -0.786614 0.685039,
        -0.445016 0.788189 0.686058,
        -0.445016 -0.786614 0.686058,
        -0.445409 0.788189 0.687008,
        -0.445409 -0.786614 0.687008,
        -0.446035 0.788189 0.687823,
        -0.446035 -0.786614 0.687823,
        -0.446850 0.788189 0.688449,
        -0.446850 -0.786614 0.688449,
        -0.447800 0.788189 0.688842,
        -0.447800 -0.786614 0.688842,
        -0.448819 0.788189 0.688976,
        -0.448819 -0.786614 0.688976,
        -1.763780 0.788189 0.444882,
        -1.763780 -0.786614 0.444882,
        -1.755596 -0.786614 0.507039,
        -1.755596 0.788189 0.507039,
        -1.731605 -0.786614 0.564961,
        -1.731605 0.788189 0.564961,
        -1.693439 -0.786614 0.614699,
        -1.693439 0.788189 0.614699,
        -1.643701 -0.786614 0.652864,
        -1.643701 0.788189 0.652864,
        -1.585780 -0.786614 0.676856,
        -1.585780 0.788189 0.676856,
        -1.523622 -0.786614 0.685039,
        -1.523622 0.788189 0.685039,
        -0.208661 0.788189 -0.842520,
        -0.208661 -0.786614 -0.842520,
        -0.216844 -0.786614 -0.904677,
        -0.216844 0.788189 -0.904677,
        -0.240836 -0.786614 -0.962598,
        -0.240836 0.788189 -0.962598,
        -0.279002 -0.786614 -1.012337,
        -0.279002 0.788189 -1.012337,
        -0.328740 -0.786614 -1.050502,
        -0.328740 0.788189 -1.050502,
        -0.386661 -0.786614 -1.074494,
        -0.386661 0.788189 -1.074494,
        -0.448819 -0.786614 -1.082677,
        -0.448819 0.788189 -1.082677,
        -0.208661 0.788189 0.685039,
        -0.208661 -0.786614 0.685039,
        -0.448819 0.788189 0.925197,
        -0.448819 -0.786614 0.925197,
        -0.386661 -0.786614 0.917014,
        -0.386661 0.788189 0.917014,
        -0.328740 -0.786614 0.893022,
        -0.328740 0.788189 0.893022,
        -0.279002 -0.786614 0.854856,
        -0.279002 0.788189 0.854856,
        -0.240836 -0.786614 0.805118,
        -0.240836 0.788189 0.805118,
        -0.216844 -0.786614 0.747197,
        -0.216844 0.788189 0.747197,
        -1.763780 -0.786614 0.925197,
        -1.763780 0.788189 0.925197,
        -1.763780 -0.786614 0.688976,
        -1.763780 0.788189 0.688976,
        -0.448819 -0.786614 0.448819,
        -0.448819 -0.786614 0.685039,
        -1.527559 -0.786614 -0.842520,
        -1.763780 -0.786614 -0.842520,
        -1.527425 -0.786614 -0.843539,
        -1.755596 -0.786614 -0.904677,
        -1.527031 -0.786614 -0.844488,
        -1.731605 -0.786614 -0.962598,
        -1.526406 -0.786614 -0.845304,
        -1.693439 -0.786614 -1.012337,
        -1.525591 -0.786614 -0.845929,
        -1.643701 -0.786614 -1.050502,
        -1.524641 -0.786614 -0.846322,
        -1.585780 -0.786614 -1.074494,
        -1.523622 -0.786614 -0.846457,
        -1.523622 -0.786614 -1.082677,
        -0.448819 0.788189 0.685039,
        -0.448819 0.788189 0.448819,
        -1.523622 0.788189 -0.846457,
        -1.523622 0.788189 -1.082677,
        -1.524641 0.788189 -0.846322,
        -1.585780 0.788189 -1.074494,
        -1.525591 0.788189 -0.845929,
        -1.643701 0.788189 -1.050502,
        -1.526406 0.788189 -0.845304,
        -1.693439 0.788189 -1.012337,
        -1.527031 0.788189 -0.844488,
        -1.731605 0.788189 -0.962598,
        -1.527425 0.788189 -0.843539,
        -1.755596 0.788189 -0.904677,
        -1.527559 0.788189 -0.842520,
        -1.763780 0.788189 -0.842520,
      ]
    }
    coordIndex [
      150, 151, 152, -1,
      152, 151, 153, -1,
      152, 153, 154, -1,
      154, 153, 155, -1,
      154, 155, 156, -1,
      156, 155, 157, -1,
      156, 157, 158, -1,
      158, 157, 159, -1,
      158, 159, 160, -1,
      160, 159, 161, -1,
      160, 161, 162, -1,
      162, 161, 163, -1,
      164, 165, 166, -1,
      166, 165, 167, -1,
      166, 167, 168, -1,
      168, 167, 169, -1,
      168, 169, 170, -1,
      170, 169, 171, -1,
      170, 171, 172, -1,
      172, 171, 173, -1,
      172, 173, 174, -1,
      174, 173, 175, -1,
      174, 175, 176, -1,
      176, 175, 177, -1,
      178, 176, 179, -1,
      179, 176, 177, -1,
      178, 179, 180, -1,
      180, 179, 181, -1,
      180, 181, 182, -1,
      182, 181, 183, -1,
      182, 183, 184, -1,
      184, 183, 185, -1,
      184, 185, 186, -1,
      186, 185, 187, -1,
      186, 187, 188, -1,
      188, 187, 189, -1,
      188, 189, 190, -1,
      190, 189, 191, -1,
      192, 193, 194, -1,
      192, 194, 195, -1,
      195, 194, 196, -1,
      195, 196, 197, -1,
      197, 196, 198, -1,
      197, 198, 199, -1,
      199, 198, 200, -1,
      199, 200, 201, -1,
      201, 200, 202, -1,
      201, 202, 203, -1,
      203, 202, 204, -1,
      203, 204, 205, -1,
      206, 207, 208, -1,
      206, 208, 209, -1,
      209, 208, 210, -1,
      209, 210, 211, -1,
      211, 210, 212, -1,
      211, 212, 213, -1,
      213, 212, 214, -1,
      213, 214, 215, -1,
      215, 214, 216, -1,
      215, 216, 217, -1,
      217, 216, 218, -1,
      217, 218, 219, -1,
      206, 220, 207, -1,
      207, 220, 221, -1,
      222, 223, 224, -1,
      222, 224, 225, -1,
      225, 224, 226, -1,
      225, 226, 227, -1,
      227, 226, 228, -1,
      227, 228, 229, -1,
      229, 228, 230, -1,
      229, 230, 231, -1,
      231, 230, 232, -1,
      231, 232, 233, -1,
      233, 232, 221, -1,
      233, 221, 220, -1,
      234, 235, 236, -1,
      236, 235, 237, -1,
      238, 239, 151, -1,
      151, 239, 204, -1,
      151, 204, 153, -1,
      153, 204, 202, -1,
      153, 202, 155, -1,
      155, 202, 200, -1,
      155, 200, 157, -1,
      157, 200, 198, -1,
      157, 198, 159, -1,
      159, 198, 196, -1,
      159, 196, 161, -1,
      161, 196, 194, -1,
      161, 194, 163, -1,
      163, 194, 193, -1,
      163, 193, 240, -1,
      240, 193, 241, -1,
      240, 241, 242, -1,
      242, 241, 243, -1,
      242, 243, 244, -1,
      244, 243, 245, -1,
      244, 245, 246, -1,
      246, 245, 247, -1,
      246, 247, 248, -1,
      248, 247, 249, -1,
      248, 249, 250, -1,
      250, 249, 251, -1,
      250, 251, 252, -1,
      252, 251, 253, -1,
      252, 253, 165, -1,
      165, 253, 218, -1,
      165, 218, 167, -1,
      167, 218, 216, -1,
      167, 216, 169, -1,
      169, 216, 214, -1,
      169, 214, 171, -1,
      171, 214, 212, -1,
      171, 212, 173, -1,
      173, 212, 210, -1,
      173, 210, 175, -1,
      175, 210, 208, -1,
      175, 208, 177, -1,
      177, 208, 207, -1,
      177, 207, 179, -1,
      179, 207, 221, -1,
      179, 221, 181, -1,
      181, 221, 232, -1,
      181, 232, 183, -1,
      183, 232, 230, -1,
      183, 230, 185, -1,
      185, 230, 228, -1,
      185, 228, 187, -1,
      187, 228, 226, -1,
      187, 226, 189, -1,
      189, 226, 224, -1,
      189, 224, 191, -1,
      191, 224, 223, -1,
      191, 223, 236, -1,
      236, 223, 234, -1,
      239, 238, 254, -1,
      254, 238, 255, -1,
      237, 235, 190, -1,
      190, 235, 222, -1,
      190, 222, 188, -1,
      188, 222, 225, -1,
      188, 225, 186, -1,
      186, 225, 227, -1,
      186, 227, 184, -1,
      184, 227, 229, -1,
      184, 229, 182, -1,
      182, 229, 231, -1,
      182, 231, 180, -1,
      180, 231, 233, -1,
      180, 233, 178, -1,
      178, 233, 220, -1,
      178, 220, 176, -1,
      176, 220, 206, -1,
      176, 206, 174, -1,
      174, 206, 209, -1,
      174, 209, 172, -1,
      172, 209, 211, -1,
      172, 211, 170, -1,
      170, 211, 213, -1,
      170, 213, 168, -1,
      168, 213, 215, -1,
      168, 215, 166, -1,
      166, 215, 217, -1,
      166, 217, 164, -1,
      164, 217, 219, -1,
      164, 219, 256, -1,
      256, 219, 257, -1,
      256, 257, 258, -1,
      258, 257, 259, -1,
      258, 259, 260, -1,
      260, 259, 261, -1,
      260, 261, 262, -1,
      262, 261, 263, -1,
      262, 263, 264, -1,
      264, 263, 265, -1,
      264, 265, 266, -1,
      266, 265, 267, -1,
      266, 267, 268, -1,
      268, 267, 269, -1,
      268, 269, 162, -1,
      162, 269, 192, -1,
      162, 192, 160, -1,
      160, 192, 195, -1,
      160, 195, 158, -1,
      158, 195, 197, -1,
      158, 197, 156, -1,
      156, 197, 199, -1,
      156, 199, 154, -1,
      154, 199, 201, -1,
      154, 201, 152, -1,
      152, 201, 203, -1,
      152, 203, 150, -1,
      150, 203, 205, -1,
      150, 205, 255, -1,
      255, 205, 254, -1,
      104, 102, 150, -1,
      95, 148, 151, -1,
      151, 148, 146, -1,
      151, 146, 144, -1,
      110, 108, 150, -1,
      150, 108, 106, -1,
      150, 106, 104, -1,
      102, 100, 150, -1,
      150, 100, 98, -1,
      150, 98, 151, -1,
      151, 98, 96, -1,
      151, 96, 95, -1,
      144, 142, 151, -1,
      151, 142, 140, -1,
      151, 140, 238, -1,
      238, 140, 138, -1,
      238, 138, 136, -1,
      136, 134, 238, -1,
      238, 134, 132, -1,
      238, 132, 130, -1,
      130, 128, 238, -1,
      238, 128, 126, -1,
      238, 126, 255, -1,
      255, 126, 124, -1,
      124, 122, 255, -1,
      255, 122, 120, -1,
      255, 120, 118, -1,
      118, 116, 255, -1,
      255, 116, 114, -1,
      255, 114, 150, -1,
      150, 114, 112, -1,
      150, 112, 110, -1,
      191, 64, 66, -1,
      66, 68, 191, -1,
      191, 68, 70, -1,
      191, 70, 190, -1,
      190, 70, 72, -1,
      44, 46, 236, -1,
      236, 46, 48, -1,
      236, 48, 50, -1,
      72, 74, 190, -1,
      190, 74, 76, -1,
      190, 76, 78, -1,
      78, 80, 190, -1,
      190, 80, 82, -1,
      190, 82, 237, -1,
      44, 236, 42, -1,
      42, 236, 237, -1,
      42, 237, 94, -1,
      50, 52, 236, -1,
      236, 52, 54, -1,
      236, 54, 191, -1,
      191, 54, 56, -1,
      191, 56, 58, -1,
      82, 84, 237, -1,
      237, 84, 86, -1,
      237, 86, 88, -1,
      58, 60, 191, -1,
      191, 60, 62, -1,
      191, 62, 64, -1,
      88, 90, 237, -1,
      237, 90, 92, -1,
      237, 92, 94, -1,
      239, 139, 204, -1,
      204, 139, 141, -1,
      204, 141, 143, -1,
      143, 145, 204, -1,
      204, 145, 147, -1,
      204, 147, 149, -1,
      149, 97, 204, -1,
      204, 97, 99, -1,
      204, 99, 205, -1,
      205, 99, 101, -1,
      133, 239, 131, -1,
      131, 239, 129, -1,
      133, 135, 239, -1,
      239, 135, 137, -1,
      239, 137, 139, -1,
      101, 103, 205, -1,
      205, 103, 105, -1,
      205, 105, 107, -1,
      115, 117, 254, -1,
      254, 117, 119, -1,
      254, 119, 121, -1,
      121, 123, 254, -1,
      254, 123, 125, -1,
      254, 125, 239, -1,
      239, 125, 127, -1,
      239, 127, 129, -1,
      107, 109, 205, -1,
      205, 109, 111, -1,
      205, 111, 254, -1,
      254, 111, 113, -1,
      254, 113, 115, -1,
      67, 65, 223, -1,
      223, 65, 63, -1,
      223, 57, 234, -1,
      234, 57, 55, -1,
      234, 55, 53, -1,
      75, 73, 222, -1,
      222, 73, 71, -1,
      222, 71, 223, -1,
      223, 71, 69, -1,
      223, 69, 67, -1,
      63, 61, 223, -1,
      223, 61, 59, -1,
      223, 59, 57, -1,
      53, 51, 234, -1,
      234, 51, 49, -1,
      234, 49, 47, -1,
      40, 93, 235, -1,
      235, 93, 91, -1,
      235, 91, 89, -1,
      89, 87, 235, -1,
      235, 87, 85, -1,
      235, 85, 222, -1,
      222, 85, 83, -1,
      222, 83, 81, -1,
      47, 45, 234, -1,
      234, 45, 43, -1,
      234, 43, 235, -1,
      235, 43, 41, -1,
      235, 41, 40, -1,
      81, 79, 222, -1,
      222, 79, 77, -1,
      222, 77, 75, -1,
      4, 6, 268, -1,
      163, 240, 38, -1,
      38, 23, 163, -1,
      163, 23, 4, -1,
      163, 4, 162, -1,
      162, 4, 268, -1,
      268, 6, 266, -1,
      266, 6, 8, -1,
      266, 8, 264, -1,
      264, 8, 10, -1,
      264, 10, 262, -1,
      262, 10, 12, -1,
      262, 12, 260, -1,
      260, 12, 14, -1,
      260, 14, 258, -1,
      258, 14, 16, -1,
      258, 16, 256, -1,
      256, 16, 18, -1,
      38, 240, 36, -1,
      36, 240, 242, -1,
      36, 242, 34, -1,
      34, 242, 244, -1,
      34, 244, 32, -1,
      32, 244, 246, -1,
      32, 246, 30, -1,
      30, 246, 248, -1,
      30, 248, 28, -1,
      28, 248, 250, -1,
      28, 250, 26, -1,
      26, 250, 252, -1,
      39, 241, 22, -1,
      22, 241, 193, -1,
      22, 193, 5, -1,
      5, 193, 192, -1,
      5, 192, 7, -1,
      7, 192, 269, -1,
      257, 19, 17, -1,
      257, 17, 259, -1,
      259, 17, 15, -1,
      259, 15, 261, -1,
      261, 15, 13, -1,
      261, 13, 263, -1,
      263, 13, 11, -1,
      263, 11, 265, -1,
      265, 11, 9, -1,
      265, 9, 267, -1,
      267, 9, 7, -1,
      267, 7, 269, -1,
      27, 253, 251, -1,
      27, 251, 29, -1,
      29, 251, 249, -1,
      29, 249, 31, -1,
      31, 249, 247, -1,
      31, 247, 33, -1,
      33, 247, 245, -1,
      33, 245, 35, -1,
      35, 245, 243, -1,
      35, 243, 37, -1,
      37, 243, 241, -1,
      37, 241, 39, -1,
      19, 257, 21, -1,
      21, 257, 219, -1,
      21, 219, 1, -1,
      253, 27, 218, -1,
      218, 27, 25, -1,
      218, 25, 219, -1,
      219, 25, 0, -1,
      219, 0, 1, -1,
      26, 252, 24, -1,
      24, 252, 165, -1,
      24, 165, 2, -1,
      256, 18, 164, -1,
      164, 18, 20, -1,
      164, 20, 165, -1,
      165, 20, 3, -1,
      165, 3, 2, -1,
      20, 21, 3, -1,
      3, 21, 1, -1,
      25, 24, 0, -1,
      0, 24, 2, -1,
    ]
  }
}

Shape {
  appearance Appearance {
    material Material {
      diffuseColor 0.7373 0.7765 0.8000
      specularColor 0.7373 0.7765 0.8000
      ambientIntensity 0.2
      transparency 0.0000
      shininess 0.5
    }
  }
  geometry IndexedFaceSet {
    ccw TRUE
    solid FALSE
    coord DEF co Coordinate {
      point [
        0.816929 -0.147638 2.303150,
        0.836614 -0.167323 2.303150,
        0.816929 -0.147638 1.712598,
        0.836614 -0.167323 1.712598,
        1.131890 -0.167323 2.303150,
        1.151575 -0.147638 2.303150,
        1.131890 -0.167323 1.712598,
        1.151575 -0.147638 1.712598,
        0.836614 0.167323 2.303150,
        0.816929 0.147638 2.303150,
        0.836614 0.167323 1.712598,
        0.816929 0.147638 1.712598,
        1.151575 0.147638 2.303150,
        1.131890 0.167323 2.303150,
        1.151575 0.147638 1.712598,
        1.131890 0.167323 1.712598,
      ]
    }
    coordIndex [
      0, 1, 2, -1,
      2, 1, 3, -1,
      4, 5, 6, -1,
      6, 5, 7, -1,
      8, 9, 10, -1,
      10, 9, 11, -1,
      12, 13, 14, -1,
      14, 13, 15, -1,
    ]
  }
}

Shape {
  appearance Appearance {
    material Material {
      diffuseColor 0.6392 0.6667 0.6863
      specularColor 0.6392 0.6667 0.6863
      ambientIntensity 0.2
      transparency 0.0000
      shininess 0.5
    }
  }
  geometry IndexedFaceSet {
    ccw TRUE
    solid FALSE
    coord DEF co Coordinate {
      point [
        1.456693 0.000000 0.531496,
        1.294428 0.054693 0.216535,
        1.449515 0.082039 0.531496,
        1.280218 0.107723 0.216535,
        1.428201 0.161584 0.531496,
        1.257016 0.157480 0.216535,
        1.393398 0.236220 0.531496,
        1.225526 0.202453 0.216535,
        1.346163 0.303679 0.531496,
        1.186705 0.241274 0.216535,
        1.287931 0.361911 0.531496,
        1.141732 0.272764 0.216535,
        1.220472 0.409146 0.531496,
        1.091975 0.295966 0.216535,
        1.145836 0.443949 0.531496,
        1.038944 0.310176 0.216535,
        1.066291 0.465263 0.531496,
        0.984252 0.314961 0.216535,
        0.984252 0.472441 0.531496,
        0.929560 0.310176 0.216535,
        0.902213 0.465263 0.531496,
        0.876529 0.295966 0.216535,
        0.822668 0.443949 0.531496,
        0.826772 0.272764 0.216535,
        0.748031 0.409146 0.531496,
        0.781799 0.241274 0.216535,
        0.680573 0.361911 0.531496,
        0.742978 0.202453 0.216535,
        0.622341 0.303679 0.531496,
        0.711488 0.157480 0.216535,
        0.575106 0.236220 0.531496,
        0.688286 0.107723 0.216535,
        0.540303 0.161584 0.531496,
        0.674076 0.054693 0.216535,
        0.518989 0.082039 0.531496,
        0.669291 0.000000 0.216535,
        0.511811 0.000000 0.531496,
        0.674076 -0.054693 0.216535,
        0.518989 -0.082039 0.531496,
        0.688286 -0.107723 0.216535,
        0.540303 -0.161584 0.531496,
        0.711488 -0.157480 0.216535,
        0.575106 -0.236220 0.531496,
        0.742978 -0.202453 0.216535,
        0.622341 -0.303679 0.531496,
        0.781799 -0.241274 0.216535,
        0.680573 -0.361911 0.531496,
        0.826772 -0.272764 0.216535,
        0.748031 -0.409146 0.531496,
        0.876529 -0.295966 0.216535,
        0.822668 -0.443949 0.531496,
        0.929560 -0.310176 0.216535,
        0.902213 -0.465263 0.531496,
        0.984252 -0.314961 0.216535,
        0.984252 -0.472441 0.531496,
        1.038944 -0.310176 0.216535,
        1.066291 -0.465263 0.531496,
        1.091975 -0.295966 0.216535,
        1.145836 -0.443949 0.531496,
        1.141732 -0.272764 0.216535,
        1.220472 -0.409146 0.531496,
        1.186705 -0.241274 0.216535,
        1.287931 -0.361911 0.531496,
        1.225526 -0.202453 0.216535,
        1.346163 -0.303679 0.531496,
        1.257016 -0.157480 0.216535,
        1.393398 -0.236220 0.531496,
        1.280218 -0.107723 0.216535,
        1.428201 -0.161584 0.531496,
        1.294428 -0.054693 0.216535,
        1.449515 -0.082039 0.531496,
        1.299213 0.000000 0.216535,
      ]
    }
    coordIndex [
      0, 1, 2, -1,
      2, 1, 3, -1,
      2, 3, 4, -1,
      4, 3, 5, -1,
      4, 5, 6, -1,
      6, 5, 7, -1,
      6, 7, 8, -1,
      8, 7, 9, -1,
      8, 9, 10, -1,
      10, 9, 11, -1,
      10, 11, 12, -1,
      12, 11, 13, -1,
      12, 13, 14, -1,
      14, 13, 15, -1,
      14, 15, 16, -1,
      16, 15, 17, -1,
      16, 17, 18, -1,
      18, 17, 19, -1,
      18, 19, 20, -1,
      20, 19, 21, -1,
      20, 21, 22, -1,
      22, 21, 23, -1,
      22, 23, 24, -1,
      24, 23, 25, -1,
      24, 25, 26, -1,
      26, 25, 27, -1,
      26, 27, 28, -1,
      28, 27, 29, -1,
      28, 29, 30, -1,
      30, 29, 31, -1,
      30, 31, 32, -1,
      32, 31, 33, -1,
      32, 33, 34, -1,
      34, 33, 35, -1,
      34, 35, 36, -1,
      36, 35, 37, -1,
      36, 37, 38, -1,
      38, 37, 39, -1,
      38, 39, 40, -1,
      40, 39, 41, -1,
      40, 41, 42, -1,
      42, 41, 43, -1,
      42, 43, 44, -1,
      44, 43, 45, -1,
      44, 45, 46, -1,
      46, 45, 47, -1,
      46, 47, 48, -1,
      48, 47, 49, -1,
      48, 49, 50, -1,
      50, 49, 51, -1,
      50, 51, 52, -1,
      52, 51, 53, -1,
      52, 53, 54, -1,
      54, 53, 55, -1,
      54, 55, 56, -1,
      56, 55, 57, -1,
      56, 57, 58, -1,
      58, 57, 59, -1,
      58, 59, 60, -1,
      60, 59, 61, -1,
      60, 61, 62, -1,
      62, 61, 63, -1,
      62, 63, 64, -1,
      64, 63, 65, -1,
      64, 65, 66, -1,
      66, 65, 67, -1,
      66, 67, 68, -1,
      68, 67, 69, -1,
      68, 69, 70, -1,
      70, 69, 71, -1,
      70, 71, 0, -1,
      0, 71, 1, -1,
    ]
  }
}

Shape {
  appearance Appearance {
    material Material {
      diffuseColor 0.7373 0.7765 0.8000
      specularColor 0.7373 0.7765 0.8000
      ambientIntensity 0.2
      transparency 0.0000
      shininess 0.5
    }
  }
  geometry IndexedFaceSet {
    ccw TRUE
    solid FALSE
    coord DEF co Coordinate {
      point [
        0.816929 -0.147638 2.303150,
        0.836614 -0.167323 2.303150,
        0.816929 -0.147638 1.712598,
        0.836614 -0.167323 1.712598,
        1.131890 -0.167323 2.303150,
        1.151575 -0.147638 2.303150,
        1.131890 -0.167323 1.712598,
        1.151575 -0.147638 1.712598,
        0.836614 0.167323 2.303150,
        0.816929 0.147638 2.303150,
        0.836614 0.167323 1.712598,
        0.816929 0.147638 1.712598,
        1.151575 0.147638 2.303150,
        1.131890 0.167323 2.303150,
        1.151575 0.147638 1.712598,
        1.131890 0.167323 1.712598,
        1.294428 0.054693 0.216535,
        1.280218 0.107723 0.216535,
        1.257016 0.157480 0.216535,
        1.225526 0.202453 0.216535,
        1.186705 0.241274 0.216535,
        1.141732 0.272764 0.216535,
        1.091975 0.295966 0.216535,
        1.038944 0.310176 0.216535,
        0.984252 0.314961 0.216535,
        0.929560 0.310176 0.216535,
        0.876529 0.295966 0.216535,
        0.826772 0.272764 0.216535,
        0.781799 0.241274 0.216535,
        0.742978 0.202453 0.216535,
        0.711488 0.157480 0.216535,
        0.688286 0.107723 0.216535,
        0.674076 0.054693 0.216535,
        0.669291 0.000000 0.216535,
        0.674076 -0.054693 0.216535,
        0.688286 -0.107723 0.216535,
        0.711488 -0.157480 0.216535,
        0.742978 -0.202453 0.216535,
        0.781799 -0.241274 0.216535,
        0.826772 -0.272764 0.216535,
        0.876529 -0.295966 0.216535,
        0.929560 -0.310176 0.216535,
        0.984252 -0.314961 0.216535,
        1.038944 -0.310176 0.216535,
        1.091975 -0.295966 0.216535,
        1.141732 -0.272764 0.216535,
        1.186705 -0.241274 0.216535,
        1.225526 -0.202453 0.216535,
        1.257016 -0.157480 0.216535,
        1.280218 -0.107723 0.216535,
        1.294428 -0.054693 0.216535,
        1.299213 0.000000 0.216535,
        1.131890 0.650714 2.301510,
        1.131890 0.649501 2.301620,
        1.142868 0.646932 2.301759,
        1.162380 0.726513 2.204724,
        1.131890 0.733317 2.204724,
        1.131890 0.732652 2.216148,
        1.162048 0.725163 2.221211,
        1.165178 0.725679 2.204724,
        1.232531 0.704152 2.221211,
        1.232994 0.705463 2.204724,
        1.444313 0.588877 2.204724,
        1.427738 0.602388 2.204724,
        1.426913 0.601269 2.221211,
        1.366320 0.643098 2.204724,
        1.365609 0.641903 2.221211,
        1.358080 0.647459 2.204724,
        1.300605 0.676309 2.221211,
        1.301194 0.677568 2.204724,
        1.264128 0.692729 2.204724,
        1.484852 0.555833 2.204724,
        1.483922 0.554800 2.221211,
        1.521811 0.519093 2.204724,
        1.536082 0.502948 2.221211,
        1.537109 0.503884 2.204724,
        1.582887 0.446215 2.221211,
        1.584002 0.447046 2.204724,
        1.589094 0.439462 2.204724,
        1.623884 0.385154 2.221211,
        1.625076 0.385871 2.204724,
        1.643930 0.350753 2.204724,
        1.658674 0.320354 2.221211,
        1.659931 0.320951 2.204724,
        1.687036 0.255785 2.204724,
        1.686921 0.252446 2.221211,
        1.688230 0.252917 2.204724,
        1.708349 0.182089 2.221211,
        1.709697 0.182428 2.204724,
        1.729865 -0.052121 2.204724,
        1.731376 -0.036843 2.204724,
        1.729987 -0.036774 2.221211,
        1.731376 0.036843 2.204724,
        1.729987 0.036774 2.221211,
        1.729865 0.052121 2.204724,
        1.722750 0.109965 2.221211,
        1.724126 0.110170 2.204724,
        1.715103 0.155358 2.204724,
        1.724126 -0.110170 2.204724,
        1.722750 -0.109965 2.221211,
        1.715103 -0.155358 2.204724,
        1.708349 -0.182089 2.221211,
        1.709697 -0.182428 2.204724,
        1.686921 -0.252446 2.221211,
        1.688230 -0.252917 2.204724,
        1.687036 -0.255785 2.204724,
        1.658674 -0.320354 2.221211,
        1.659931 -0.320951 2.204724,
        1.521811 -0.519093 2.204724,
        1.537109 -0.503884 2.204724,
        1.536082 -0.502948 2.221211,
        1.584002 -0.447046 2.204724,
        1.582887 -0.446215 2.221211,
        1.589094 -0.439462 2.204724,
        1.623884 -0.385154 2.221211,
        1.625076 -0.385871 2.204724,
        1.643930 -0.350753 2.204724,
        1.484852 -0.555833 2.204724,
        1.483922 -0.554800 2.221211,
        1.444313 -0.588877 2.204724,
        1.426913 -0.601269 2.221211,
        1.427738 -0.602388 2.204724,
        1.365609 -0.641903 2.221211,
        1.366320 -0.643098 2.204724,
        1.358080 -0.647459 2.204724,
        1.300605 -0.676309 2.221211,
        1.301194 -0.677568 2.204724,
        1.264128 -0.692729 2.204724,
        1.232531 -0.704152 2.221211,
        1.232994 -0.705463 2.204724,
        1.165178 -0.725679 2.204724,
        1.162048 -0.725163 2.221211,
        1.162380 -0.726513 2.204724,
        1.131890 -0.731779 2.221201,
        1.131890 -0.733317 2.204724,
        1.131890 -0.724041 2.244056,
        1.131890 -0.726849 2.238657,
        1.160389 -0.718394 2.244421,
        1.131890 -0.731678 2.222286,
        1.157429 -0.706322 2.265224,
        1.131890 -0.710882 2.264331,
        1.131890 -0.718819 2.254099,
        1.131890 -0.693107 2.282087,
        1.131890 -0.693735 2.281502,
        1.153348 -0.689679 2.282360,
        1.131890 -0.707478 2.268720,
        1.148394 -0.669474 2.294789,
        1.131890 -0.672994 2.294133,
        1.131890 -0.677230 2.292408,
        1.131890 -0.643285 2.302604,
        1.131890 -0.649433 2.301384,
        1.142868 -0.646932 2.301759,
        1.131890 -0.660659 2.299156,
        1.138942 -0.630919 2.303150,
        1.131890 -0.632607 2.303150,
        1.205747 -0.628188 2.301759,
        1.200265 -0.612639 2.303150,
        1.266477 -0.603348 2.301759,
        1.259491 -0.588415 2.303150,
        1.324469 -0.572654 2.301759,
        1.316048 -0.558480 2.303150,
        1.379159 -0.536404 2.301759,
        1.369384 -0.523127 2.303150,
        1.430017 -0.494948 2.301759,
        1.418984 -0.482697 2.303150,
        1.476550 -0.448690 2.301759,
        1.464365 -0.437584 2.303150,
        1.518306 -0.398078 2.301759,
        1.505088 -0.388225 2.303150,
        1.554881 -0.343603 2.301759,
        1.540757 -0.335098 2.303150,
        1.585918 -0.285794 2.301759,
        1.571026 -0.278720 2.303150,
        1.611117 -0.225213 2.301759,
        1.595601 -0.219638 2.303150,
        1.630233 -0.162445 2.301759,
        1.614244 -0.158425 2.303150,
        1.643081 -0.098102 2.301759,
        1.626774 -0.095674 2.303150,
        1.649537 -0.032807 2.301759,
        1.633070 -0.031995 2.303150,
        1.649537 0.032807 2.301759,
        1.633070 0.031995 2.303150,
        1.643081 0.098102 2.301759,
        1.626774 0.095674 2.303150,
        1.630233 0.162445 2.301759,
        1.614244 0.158425 2.303150,
        1.611117 0.225213 2.301759,
        1.595601 0.219638 2.303150,
        1.585918 0.285794 2.301759,
        1.571026 0.278720 2.303150,
        1.554881 0.343603 2.301759,
        1.540757 0.335098 2.303150,
        1.518306 0.398078 2.301759,
        1.505088 0.388225 2.303150,
        1.476550 0.448690 2.301759,
        1.464365 0.437584 2.303150,
        1.430017 0.494948 2.301759,
        1.418984 0.482697 2.303150,
        1.379159 0.536404 2.301759,
        1.369384 0.523127 2.303150,
        1.324469 0.572654 2.301759,
        1.316048 0.558480 2.303150,
        1.266477 0.603348 2.301759,
        1.259491 0.588415 2.303150,
        1.205747 0.628188 2.301759,
        1.200265 0.612639 2.303150,
        1.138942 0.630919 2.303150,
        1.131890 0.632607 2.303150,
        1.131890 0.683753 2.288550,
        1.131890 0.672882 2.294041,
        1.148394 0.669474 2.294789,
        1.131890 0.667791 2.296612,
        1.131890 0.698879 2.277192,
        1.131890 0.693612 2.281147,
        1.153348 0.689679 2.282360,
        1.131890 0.722960 2.247270,
        1.131890 0.712656 2.262832,
        1.157429 0.706322 2.265224,
        1.131890 0.711166 2.264385,
        1.131890 0.729010 2.232941,
        1.131890 0.724252 2.244211,
        1.160389 0.718394 2.244421,
        1.131890 0.731569 2.221144,
        1.230214 0.697579 2.244421,
        1.297652 0.669995 2.244421,
        1.362050 0.635911 2.244421,
        1.422781 0.595656 2.244421,
        1.479257 0.549621 2.244421,
        1.530931 0.498253 2.244421,
        1.577299 0.442050 2.244421,
        1.617913 0.381558 2.244421,
        1.652379 0.317364 2.244421,
        1.680361 0.250090 2.244421,
        1.701590 0.180389 2.244421,
        1.715857 0.108939 2.244421,
        1.723026 0.036431 2.244421,
        1.723026 -0.036431 2.244421,
        1.715857 -0.108939 2.244421,
        1.701590 -0.180389 2.244421,
        1.680361 -0.250090 2.244421,
        1.652379 -0.317364 2.244421,
        1.617913 -0.381558 2.244421,
        1.577299 -0.442050 2.244421,
        1.530931 -0.498253 2.244421,
        1.479257 -0.549621 2.244421,
        1.422781 -0.595656 2.244421,
        1.362050 -0.635911 2.244421,
        1.297652 -0.669995 2.244421,
        1.230214 -0.697579 2.244421,
        1.226081 0.685857 2.265224,
        1.292386 0.658737 2.265224,
        1.355701 0.625225 2.265224,
        1.415412 0.585646 2.265224,
        1.470939 0.540385 2.265224,
        1.521744 0.489880 2.265224,
        1.567334 0.434622 2.265224,
        1.607265 0.375146 2.265224,
        1.641152 0.312031 2.265224,
        1.668664 0.245887 2.265224,
        1.689535 0.177358 2.265224,
        1.703563 0.107108 2.265224,
        1.710611 0.035819 2.265224,
        1.710611 -0.035819 2.265224,
        1.703563 -0.107108 2.265224,
        1.689535 -0.177358 2.265224,
        1.668664 -0.245887 2.265224,
        1.641152 -0.312031 2.265224,
        1.607265 -0.375146 2.265224,
        1.567334 -0.434622 2.265224,
        1.521744 -0.489880 2.265224,
        1.470939 -0.540385 2.265224,
        1.415412 -0.585646 2.265224,
        1.355701 -0.625225 2.265224,
        1.292386 -0.658737 2.265224,
        1.226081 -0.685857 2.265224,
        1.220383 0.669696 2.282360,
        1.285126 0.643215 2.282360,
        1.346949 0.610493 2.282360,
        1.405253 0.571847 2.282360,
        1.459472 0.527652 2.282360,
        1.509080 0.478337 2.282360,
        1.553595 0.424381 2.282360,
        1.592585 0.366307 2.282360,
        1.625674 0.304679 2.282360,
        1.652538 0.240094 2.282360,
        1.672917 0.173179 2.282360,
        1.686614 0.104584 2.282360,
        1.693496 0.034974 2.282360,
        1.693496 -0.034974 2.282360,
        1.686614 -0.104584 2.282360,
        1.672917 -0.173179 2.282360,
        1.652538 -0.240094 2.282360,
        1.625674 -0.304679 2.282360,
        1.592585 -0.366307 2.282360,
        1.553595 -0.424381 2.282360,
        1.509080 -0.478337 2.282360,
        1.459472 -0.527652 2.282360,
        1.405253 -0.571847 2.282360,
        1.346949 -0.610493 2.282360,
        1.285126 -0.643215 2.282360,
        1.220383 -0.669696 2.282360,
        1.213465 0.650077 2.294789,
        1.276311 0.624372 2.294789,
        1.336323 0.592608 2.294789,
        1.392919 0.555094 2.294789,
        1.445550 0.512194 2.294789,
        1.493704 0.464324 2.294789,
        1.536915 0.411948 2.294789,
        1.574764 0.355576 2.294789,
        1.606882 0.295753 2.294789,
        1.632959 0.233060 2.294789,
        1.652742 0.168106 2.294789,
        1.666038 0.101520 2.294789,
        1.672718 0.033950 2.294789,
        1.672718 -0.033950 2.294789,
        1.666038 -0.101520 2.294789,
        1.652742 -0.168106 2.294789,
        1.632959 -0.233060 2.294789,
        1.606882 -0.295753 2.294789,
        1.574764 -0.355576 2.294789,
        1.536915 -0.411948 2.294789,
        1.493704 -0.464324 2.294789,
        1.445550 -0.512194 2.294789,
        1.392919 -0.555094 2.294789,
        1.336323 -0.592608 2.294789,
        1.276311 -0.624372 2.294789,
        1.213465 -0.650077 2.294789,
        0.244370 0.103977 1.811024,
        0.250594 0.145934 1.811024,
        0.253883 0.145280 1.785549,
        0.265657 0.206070 1.811024,
        0.268430 0.217142 1.811024,
        0.271640 0.216169 1.785549,
        0.301528 0.303950 1.811024,
        0.324547 0.352620 1.811024,
        0.327505 0.351039 1.785549,
        0.411490 0.480586 1.811024,
        0.455314 0.528938 1.811024,
        0.457685 0.526567 1.785549,
        0.566049 0.620023 1.811024,
        0.568668 0.621965 1.811024,
        0.570531 0.619177 1.785549,
        0.656699 0.671560 1.811024,
        0.697993 0.691091 1.811024,
        0.699276 0.687993 1.785549,
        0.753292 0.710877 1.811024,
        0.767110 0.715822 1.811024,
        0.768083 0.712612 1.785549,
        0.854449 0.736051 1.811024,
        0.910932 0.744430 1.811024,
        0.911261 0.741092 1.785549,
        1.062409 0.743712 1.811024,
        1.130186 0.733658 1.811024,
        1.129531 0.730369 1.785549,
        1.164998 0.724938 1.811024,
        1.201394 0.715822 1.811024,
        1.200420 0.712612 1.785549,
        1.264371 0.693288 1.811024,
        1.270511 0.691091 1.811024,
        1.269228 0.687993 1.785549,
        1.357856 0.647127 1.811024,
        1.399836 0.621965 1.811024,
        1.397973 0.619177 1.785549,
        1.521950 0.519272 1.811024,
        1.562488 0.474546 1.811024,
        1.559896 0.472419 1.785549,
        1.644654 0.351146 1.811024,
        1.675343 0.286259 1.811024,
        1.672244 0.284976 1.785549,
        1.686334 0.255542 1.811024,
        1.700074 0.217142 1.811024,
        1.696864 0.216169 1.785549,
        1.715533 0.155423 1.811024,
        1.717910 0.145934 1.811024,
        1.714621 0.145280 1.785549,
        1.729722 0.052144 1.811024,
        1.732283 0.000000 1.811024,
        1.728930 0.000000 1.785549,
        1.715533 -0.155423 1.811024,
        1.700074 -0.217142 1.811024,
        1.696864 -0.216169 1.785549,
        1.644654 -0.351146 1.811024,
        1.643957 -0.352620 1.811024,
        1.640999 -0.351039 1.785549,
        1.588727 -0.439167 1.811024,
        1.562488 -0.474546 1.811024,
        1.559896 -0.472419 1.785549,
        1.521950 -0.519272 1.811024,
        1.513190 -0.528938 1.811024,
        1.510819 -0.526567 1.785549,
        1.444390 -0.588922 1.811024,
        1.399836 -0.621965 1.811024,
        1.397973 -0.619177 1.785549,
        1.264371 -0.693288 1.811024,
        1.201394 -0.715822 1.811024,
        1.200420 -0.712612 1.785549,
        1.062409 -0.743712 1.811024,
        1.057572 -0.744430 1.811024,
        1.057243 -0.741092 1.785549,
        0.958187 -0.746751 1.811024,
        0.910932 -0.744430 1.811024,
        0.911261 -0.741092 1.785549,
        0.753292 -0.710877 1.811024,
        0.697993 -0.691091 1.811024,
        0.699276 -0.687993 1.785549,
        0.566049 -0.620023 1.811024,
        0.509706 -0.578236 1.811024,
        0.511833 -0.575644 1.785549,
        0.484324 -0.555231 1.811024,
        0.455314 -0.528938 1.811024,
        0.457685 -0.526567 1.785549,
        0.411490 -0.480586 1.811024,
        0.406016 -0.474546 1.811024,
        0.408608 -0.472419 1.785549,
        0.350548 -0.395999 1.811024,
        0.324547 -0.352620 1.811024,
        0.327505 -0.351039 1.785549,
        0.265657 -0.206070 1.811024,
        0.250594 -0.145934 1.811024,
        0.253883 -0.145280 1.785549,
        0.337774 -0.063672 1.712598,
        0.347128 -0.126732 1.712598,
        0.312422 -0.066169 1.715952,
        0.322143 -0.131702 1.715952,
        0.288798 -0.068496 1.725785,
        0.298861 -0.136333 1.725785,
        0.268512 -0.070494 1.741426,
        0.278868 -0.140309 1.741426,
        0.252945 -0.072028 1.761811,
        0.263527 -0.143361 1.761811,
        0.243160 -0.072991 1.785549,
        0.384094 -0.248594 1.712598,
        0.411350 -0.306222 1.712598,
        0.360559 -0.258342 1.715952,
        0.388884 -0.318231 1.715952,
        0.338628 -0.267426 1.725785,
        0.367949 -0.329421 1.725785,
        0.319794 -0.275227 1.741426,
        0.349971 -0.339030 1.741426,
        0.305344 -0.281213 1.761811,
        0.336176 -0.346404 1.761811,
        0.296259 -0.284976 1.785549,
        0.678030 -0.572902 1.712598,
        0.735658 -0.600158 1.712598,
        0.666021 -0.595368 1.715952,
        0.725910 -0.623693 1.715952,
        0.654831 -0.616303 1.725785,
        0.716826 -0.645624 1.725785,
        0.645222 -0.634281 1.741426,
        0.709025 -0.664457 1.741426,
        0.637848 -0.648076 1.761811,
        0.703039 -0.678908 1.761811,
        0.633213 -0.656747 1.785549,
        0.857520 -0.637124 1.712598,
        0.920580 -0.646478 1.712598,
        0.852550 -0.662109 1.715952,
        0.918082 -0.671830 1.715952,
        0.847919 -0.685391 1.725785,
        0.915756 -0.695454 1.725785,
        0.843943 -0.705384 1.741426,
        0.913758 -0.715740 1.741426,
        0.840891 -0.720725 1.761811,
        0.912224 -0.731307 1.761811,
        0.838972 -0.730369 1.785549,
        1.110984 -0.637124 1.712598,
        1.172823 -0.621635 1.712598,
        1.115954 -0.662109 1.715952,
        1.180217 -0.646012 1.715952,
        1.120585 -0.685391 1.725785,
        1.187108 -0.668728 1.725785,
        1.124561 -0.705384 1.741426,
        1.193026 -0.688235 1.741426,
        1.127613 -0.720725 1.761811,
        1.197566 -0.703203 1.761811,
        1.129531 -0.730369 1.785549,
        1.290474 -0.572902 1.712598,
        1.345154 -0.540128 1.712598,
        1.302483 -0.595368 1.715952,
        1.359307 -0.561309 1.715952,
        1.313673 -0.616303 1.725785,
        1.372495 -0.581047 1.725785,
        1.323282 -0.634281 1.741426,
        1.383820 -0.597996 1.741426,
        1.330656 -0.648076 1.761811,
        1.392510 -0.611001 1.761811,
        1.335291 -0.656747 1.785549,
        1.584410 -0.248594 1.712598,
        1.605887 -0.188571 1.712598,
        1.607945 -0.258342 1.715952,
        1.630264 -0.195966 1.715952,
        1.629876 -0.267426 1.725785,
        1.652980 -0.202856 1.725785,
        1.648709 -0.275227 1.741426,
        1.672487 -0.208774 1.741426,
        1.663160 -0.281213 1.761811,
        1.687455 -0.213314 1.761811,
        1.672244 -0.284976 1.785549,
        1.630730 -0.063672 1.712598,
        1.633858 0.000000 1.712598,
        1.656082 -0.066169 1.715952,
        1.659333 0.000000 1.715952,
        1.679706 -0.068496 1.725785,
        1.683071 0.000000 1.725785,
        1.699992 -0.070494 1.741426,
        1.703456 0.000000 1.741426,
        1.715559 -0.072028 1.761811,
        1.719097 0.000000 1.761811,
        1.725344 -0.072991 1.785549,
        1.524380 0.360902 1.712598,
        1.486404 0.412106 1.712598,
        1.545561 0.375055 1.715952,
        1.506096 0.428267 1.715952,
        1.565298 0.388243 1.725785,
        1.524446 0.443326 1.725785,
        1.582248 0.399568 1.741426,
        1.540204 0.456258 1.741426,
        1.595253 0.408258 1.761811,
        1.552295 0.466181 1.761811,
        1.603429 0.413721 1.785549,
        1.396358 0.502152 1.712598,
        1.345154 0.540128 1.712598,
        1.412519 0.521844 1.715952,
        1.359307 0.561309 1.715952,
        1.427578 0.540194 1.725785,
        1.372495 0.581047 1.725785,
        1.440510 0.555952 1.741426,
        1.383820 0.597996 1.741426,
        1.450433 0.568043 1.761811,
        1.392510 0.611001 1.761811,
        1.456670 0.575644 1.785549,
        0.984252 0.649606 1.712598,
        0.920580 0.646478 1.712598,
        0.984252 0.675081 1.715952,
        0.918082 0.671830 1.715952,
        0.984252 0.698819 1.725785,
        0.915756 0.695454 1.725785,
        0.984252 0.719204 1.741426,
        0.913758 0.715740 1.741426,
        0.984252 0.734845 1.761811,
        0.912224 0.731307 1.761811,
        0.984252 0.744678 1.785549,
        0.572146 0.502152 1.712598,
        0.524911 0.459341 1.712598,
        0.555985 0.521844 1.715952,
        0.506898 0.477354 1.715952,
        0.540926 0.540194 1.725785,
        0.490112 0.494140 1.725785,
        0.527994 0.555952 1.741426,
        0.475698 0.508554 1.741426,
        0.518071 0.568043 1.761811,
        0.464638 0.519614 1.761811,
        0.511833 0.575644 1.785549,
        0.444124 0.360902 1.712598,
        0.411350 0.306222 1.712598,
        0.422943 0.375055 1.715952,
        0.388884 0.318231 1.715952,
        0.403205 0.388243 1.725785,
        0.367949 0.329421 1.725785,
        0.386256 0.399568 1.741426,
        0.349971 0.339030 1.741426,
        0.373251 0.408258 1.761811,
        0.336176 0.346404 1.761811,
        0.365075 0.413721 1.785549,
        0.334646 0.000000 1.712598,
        0.309171 0.000000 1.715952,
        0.285433 0.000000 1.725785,
        0.265048 0.000000 1.741426,
        0.249407 0.000000 1.761811,
        0.239574 0.000000 1.785549,
        0.236220 0.000000 1.811024,
        0.239822 -0.073320 1.811024,
        0.244370 -0.103977 1.811024,
        0.268430 -0.217142 1.811024,
        0.271640 -0.216169 1.785549,
        0.281049 -0.213314 1.761811,
        0.296017 -0.208774 1.741426,
        0.315524 -0.202856 1.725785,
        0.338240 -0.195966 1.715952,
        0.362617 -0.188571 1.712598,
        0.293161 -0.286259 1.811024,
        0.301528 -0.303950 1.811024,
        0.362287 -0.415584 1.811024,
        0.365075 -0.413721 1.785549,
        0.373251 -0.408258 1.761811,
        0.386256 -0.399568 1.741426,
        0.403205 -0.388243 1.725785,
        0.422943 -0.375055 1.715952,
        0.444124 -0.360902 1.712598,
        0.482100 -0.412106 1.712598,
        0.462407 -0.428267 1.715952,
        0.444057 -0.443326 1.725785,
        0.428300 -0.456258 1.741426,
        0.416209 -0.466181 1.761811,
        0.464638 -0.519614 1.761811,
        0.475698 -0.508554 1.741426,
        0.490112 -0.494140 1.725785,
        0.506898 -0.477354 1.715952,
        0.524911 -0.459341 1.712598,
        0.518071 -0.568043 1.761811,
        0.527994 -0.555952 1.741426,
        0.540926 -0.540194 1.725785,
        0.555985 -0.521844 1.715952,
        0.572146 -0.502152 1.712598,
        0.568668 -0.621965 1.811024,
        0.570531 -0.619177 1.785549,
        0.575994 -0.611001 1.761811,
        0.584684 -0.597996 1.741426,
        0.596009 -0.581047 1.725785,
        0.609197 -0.561309 1.715952,
        0.623350 -0.540128 1.712598,
        0.631632 -0.659705 1.811024,
        0.656699 -0.671560 1.811024,
        0.767110 -0.715822 1.811024,
        0.768083 -0.712612 1.785549,
        0.770938 -0.703203 1.761811,
        0.775478 -0.688235 1.741426,
        0.781396 -0.668728 1.725785,
        0.788286 -0.646012 1.715952,
        0.795681 -0.621635 1.712598,
        0.838318 -0.733658 1.811024,
        0.854449 -0.736051 1.811024,
        0.984252 -0.748031 1.811024,
        0.984252 -0.744678 1.785549,
        0.984252 -0.734845 1.761811,
        0.984252 -0.719204 1.741426,
        0.984252 -0.698819 1.725785,
        0.984252 -0.675081 1.715952,
        0.984252 -0.649606 1.712598,
        1.047924 -0.646478 1.712598,
        1.050421 -0.671830 1.715952,
        1.052748 -0.695454 1.725785,
        1.054746 -0.715740 1.741426,
        1.056280 -0.731307 1.761811,
        1.130186 -0.733658 1.811024,
        1.164998 -0.724938 1.811024,
        1.270511 -0.691091 1.811024,
        1.269228 -0.687993 1.785549,
        1.265465 -0.678908 1.761811,
        1.259479 -0.664457 1.741426,
        1.251678 -0.645624 1.725785,
        1.242594 -0.623693 1.715952,
        1.232846 -0.600158 1.712598,
        1.336872 -0.659705 1.811024,
        1.357856 -0.647127 1.811024,
        1.458798 -0.578236 1.811024,
        1.456670 -0.575644 1.785549,
        1.450433 -0.568043 1.761811,
        1.440510 -0.555952 1.741426,
        1.427578 -0.540194 1.725785,
        1.412519 -0.521844 1.715952,
        1.396358 -0.502152 1.712598,
        1.443593 -0.459341 1.712598,
        1.461606 -0.477354 1.715952,
        1.478392 -0.494140 1.725785,
        1.492806 -0.508554 1.741426,
        1.503866 -0.519614 1.761811,
        1.552295 -0.466181 1.761811,
        1.540204 -0.456258 1.741426,
        1.524446 -0.443326 1.725785,
        1.506096 -0.428267 1.715952,
        1.486404 -0.412106 1.712598,
        1.606217 -0.415584 1.811024,
        1.603429 -0.413721 1.785549,
        1.595253 -0.408258 1.761811,
        1.582248 -0.399568 1.741426,
        1.565298 -0.388243 1.725785,
        1.545561 -0.375055 1.715952,
        1.524380 -0.360902 1.712598,
        1.557154 -0.306222 1.712598,
        1.579620 -0.318231 1.715952,
        1.600555 -0.329421 1.725785,
        1.618533 -0.339030 1.741426,
        1.632327 -0.346404 1.761811,
        1.675343 -0.286259 1.811024,
        1.686334 -0.255542 1.811024,
        1.717910 -0.145934 1.811024,
        1.714621 -0.145280 1.785549,
        1.704977 -0.143361 1.761811,
        1.689636 -0.140309 1.741426,
        1.669643 -0.136333 1.725785,
        1.646361 -0.131702 1.715952,
        1.621376 -0.126732 1.712598,
        1.728681 -0.073320 1.811024,
        1.729722 -0.052144 1.811024,
        1.728681 0.073320 1.811024,
        1.725344 0.072991 1.785549,
        1.715559 0.072028 1.761811,
        1.699992 0.070494 1.741426,
        1.679706 0.068496 1.725785,
        1.656082 0.066169 1.715952,
        1.630730 0.063672 1.712598,
        1.621376 0.126732 1.712598,
        1.646361 0.131702 1.715952,
        1.669643 0.136333 1.725785,
        1.689636 0.140309 1.741426,
        1.704977 0.143361 1.761811,
        1.687455 0.213314 1.761811,
        1.672487 0.208774 1.741426,
        1.652980 0.202856 1.725785,
        1.630264 0.195966 1.715952,
        1.605887 0.188571 1.712598,
        1.663160 0.281213 1.761811,
        1.648709 0.275227 1.741426,
        1.629876 0.267426 1.725785,
        1.607945 0.258342 1.715952,
        1.584410 0.248594 1.712598,
        1.643957 0.352620 1.811024,
        1.640999 0.351039 1.785549,
        1.632327 0.346404 1.761811,
        1.618533 0.339030 1.741426,
        1.600555 0.329421 1.725785,
        1.579620 0.318231 1.715952,
        1.557154 0.306222 1.712598,
        1.606217 0.415584 1.811024,
        1.588727 0.439167 1.811024,
        1.513190 0.528938 1.811024,
        1.510819 0.526567 1.785549,
        1.503866 0.519614 1.761811,
        1.492806 0.508554 1.741426,
        1.478392 0.494140 1.725785,
        1.461606 0.477354 1.715952,
        1.443593 0.459341 1.712598,
        1.458798 0.578236 1.811024,
        1.444390 0.588922 1.811024,
        1.336872 0.659705 1.811024,
        1.335291 0.656747 1.785549,
        1.330656 0.648076 1.761811,
        1.323282 0.634281 1.741426,
        1.313673 0.616303 1.725785,
        1.302483 0.595368 1.715952,
        1.290474 0.572902 1.712598,
        1.232846 0.600158 1.712598,
        1.242594 0.623693 1.715952,
        1.251678 0.645624 1.725785,
        1.259479 0.664457 1.741426,
        1.265465 0.678908 1.761811,
        1.197566 0.703203 1.761811,
        1.193026 0.688235 1.741426,
        1.187108 0.668728 1.725785,
        1.180217 0.646012 1.715952,
        1.172823 0.621635 1.712598,
        1.127613 0.720725 1.761811,
        1.124561 0.705384 1.741426,
        1.120585 0.685391 1.725785,
        1.115954 0.662109 1.715952,
        1.110984 0.637124 1.712598,
        1.057572 0.744430 1.811024,
        1.057243 0.741092 1.785549,
        1.056280 0.731307 1.761811,
        1.054746 0.715740 1.741426,
        1.052748 0.695454 1.725785,
        1.050421 0.671830 1.715952,
        1.047924 0.646478 1.712598,
        0.984252 0.748031 1.811024,
        0.958187 0.746751 1.811024,
        0.838318 0.733658 1.811024,
        0.838972 0.730369 1.785549,
        0.840891 0.720725 1.761811,
        0.843943 0.705384 1.741426,
        0.847919 0.685391 1.725785,
        0.852550 0.662109 1.715952,
        0.857520 0.637124 1.712598,
        0.795681 0.621635 1.712598,
        0.788286 0.646012 1.715952,
        0.781396 0.668728 1.725785,
        0.775478 0.688235 1.741426,
        0.770938 0.703203 1.761811,
        0.703039 0.678908 1.761811,
        0.709025 0.664457 1.741426,
        0.716826 0.645624 1.725785,
        0.725910 0.623693 1.715952,
        0.735658 0.600158 1.712598,
        0.631632 0.659705 1.811024,
        0.633213 0.656747 1.785549,
        0.637848 0.648076 1.761811,
        0.645222 0.634281 1.741426,
        0.654831 0.616303 1.725785,
        0.666021 0.595368 1.715952,
        0.678030 0.572902 1.712598,
        0.623350 0.540128 1.712598,
        0.609197 0.561309 1.715952,
        0.596009 0.581047 1.725785,
        0.584684 0.597996 1.741426,
        0.575994 0.611001 1.761811,
        0.509706 0.578236 1.811024,
        0.484324 0.555231 1.811024,
        0.406016 0.474546 1.811024,
        0.408608 0.472419 1.785549,
        0.416209 0.466181 1.761811,
        0.428300 0.456258 1.741426,
        0.444057 0.443326 1.725785,
        0.462407 0.428267 1.715952,
        0.482100 0.412106 1.712598,
        0.362287 0.415584 1.811024,
        0.350548 0.395999 1.811024,
        0.293161 0.286259 1.811024,
        0.296259 0.284976 1.785549,
        0.305344 0.281213 1.761811,
        0.319794 0.275227 1.741426,
        0.338628 0.267426 1.725785,
        0.360559 0.258342 1.715952,
        0.384094 0.248594 1.712598,
        0.362617 0.188571 1.712598,
        0.338240 0.195966 1.715952,
        0.315524 0.202856 1.725785,
        0.296017 0.208774 1.741426,
        0.281049 0.213314 1.761811,
        0.263527 0.143361 1.761811,
        0.278868 0.140309 1.741426,
        0.298861 0.136333 1.725785,
        0.322143 0.131702 1.715952,
        0.347128 0.126732 1.712598,
        0.239822 0.073320 1.811024,
        0.243160 0.072991 1.785549,
        0.252945 0.072028 1.761811,
        0.268512 0.070494 1.741426,
        0.288798 0.068496 1.725785,
        0.312422 0.066169 1.715952,
        0.337774 0.063672 1.712598,
        0.836614 -0.650714 2.301510,
        0.836614 -0.649501 2.301620,
        0.825636 -0.646932 2.301759,
        0.806124 -0.726513 2.204724,
        0.836614 -0.733317 2.204724,
        0.836614 -0.732652 2.216148,
        0.806456 -0.725163 2.221211,
        0.753293 -0.710765 2.204724,
        0.735972 -0.704152 2.221211,
        0.735510 -0.705463 2.204724,
        0.667899 -0.676309 2.221211,
        0.667309 -0.677568 2.204724,
        0.656570 -0.671884 2.204724,
        0.602184 -0.643098 2.204724,
        0.602894 -0.641903 2.221211,
        0.566446 -0.619410 2.204724,
        0.541591 -0.601269 2.221211,
        0.540766 -0.602388 2.204724,
        0.483724 -0.555892 2.204724,
        0.484582 -0.554800 2.221211,
        0.483652 -0.555833 2.204724,
        0.432422 -0.502948 2.221211,
        0.431394 -0.503884 2.204724,
        0.301519 -0.303991 2.204724,
        0.308573 -0.320951 2.204724,
        0.309830 -0.320354 2.221211,
        0.343428 -0.385871 2.204724,
        0.344620 -0.385154 2.221211,
        0.350306 -0.396114 2.204724,
        0.385617 -0.446215 2.221211,
        0.384502 -0.447046 2.204724,
        0.411907 -0.480264 2.204724,
        0.280274 -0.252917 2.204724,
        0.281583 -0.252446 2.221211,
        0.265970 -0.205950 2.204724,
        0.260155 -0.182089 2.221211,
        0.258807 -0.182428 2.204724,
        0.245753 -0.109965 2.221211,
        0.244378 -0.110170 2.204724,
        0.243776 -0.104079 2.204724,
        0.238517 -0.036774 2.221211,
        0.237128 -0.036843 2.204724,
        0.237128 0.000000 2.204724,
        0.238517 0.036774 2.221211,
        0.237128 0.036843 2.204724,
        0.243776 0.104079 2.204724,
        0.245753 0.109965 2.221211,
        0.244378 0.110170 2.204724,
        0.260155 0.182089 2.221211,
        0.258807 0.182428 2.204724,
        0.350306 0.396114 2.204724,
        0.343428 0.385871 2.204724,
        0.344620 0.385154 2.221211,
        0.308573 0.320951 2.204724,
        0.309830 0.320354 2.221211,
        0.301519 0.303991 2.204724,
        0.281583 0.252446 2.221211,
        0.280274 0.252917 2.204724,
        0.265970 0.205950 2.204724,
        0.384502 0.447046 2.204724,
        0.385617 0.446215 2.221211,
        0.411907 0.480264 2.204724,
        0.432422 0.502948 2.221211,
        0.431394 0.503884 2.204724,
        0.484582 0.554800 2.221211,
        0.483652 0.555833 2.204724,
        0.483724 0.555892 2.204724,
        0.541591 0.601269 2.221211,
        0.540766 0.602388 2.204724,
        0.735972 0.704152 2.221211,
        0.667309 0.677568 2.204724,
        0.667899 0.676309 2.221211,
        0.656570 0.671884 2.204724,
        0.602894 0.641903 2.221211,
        0.602184 0.643098 2.204724,
        0.566446 0.619410 2.204724,
        0.806124 0.726513 2.204724,
        0.753293 0.710765 2.204724,
        0.735510 0.705463 2.204724,
        0.806456 0.725163 2.221211,
        0.836614 0.731779 2.221201,
        0.836614 0.733317 2.204724,
        0.836614 0.724041 2.244056,
        0.836614 0.726849 2.238657,
        0.808115 0.718394 2.244421,
        0.836614 0.731678 2.222286,
        0.811075 0.706322 2.265224,
        0.836614 0.710882 2.264331,
        0.836614 0.718819 2.254099,
        0.836614 0.693107 2.282087,
        0.836614 0.693735 2.281502,
        0.815156 0.689679 2.282360,
        0.836614 0.707478 2.268720,
        0.820109 0.669474 2.294789,
        0.836614 0.672994 2.294133,
        0.836614 0.677230 2.292408,
        0.836614 0.643285 2.302604,
        0.836614 0.649433 2.301384,
        0.825636 0.646932 2.301759,
        0.836614 0.660659 2.299156,
        0.829562 0.630919 2.303150,
        0.836614 0.632607 2.303150,
        0.762757 0.628188 2.301759,
        0.768239 0.612639 2.303150,
        0.702027 0.603348 2.301759,
        0.709013 0.588415 2.303150,
        0.644035 0.572654 2.301759,
        0.652456 0.558480 2.303150,
        0.589345 0.536404 2.301759,
        0.599120 0.523127 2.303150,
        0.538487 0.494948 2.301759,
        0.549520 0.482697 2.303150,
        0.491954 0.448690 2.301759,
        0.504139 0.437584 2.303150,
        0.450198 0.398078 2.301759,
        0.463416 0.388225 2.303150,
        0.413623 0.343603 2.301759,
        0.427747 0.335098 2.303150,
        0.382586 0.285794 2.301759,
        0.397478 0.278720 2.303150,
        0.357387 0.225213 2.301759,
        0.372903 0.219638 2.303150,
        0.338271 0.162445 2.301759,
        0.354260 0.158425 2.303150,
        0.325423 0.098102 2.301759,
        0.341730 0.095674 2.303150,
        0.318967 0.032807 2.301759,
        0.335434 0.031995 2.303150,
        0.318967 -0.032807 2.301759,
        0.335434 -0.031995 2.303150,
        0.325423 -0.098102 2.301759,
        0.341730 -0.095674 2.303150,
        0.338271 -0.162445 2.301759,
        0.354260 -0.158425 2.303150,
        0.357387 -0.225213 2.301759,
        0.372903 -0.219638 2.303150,
        0.382586 -0.285794 2.301759,
        0.397478 -0.278720 2.303150,
        0.413623 -0.343603 2.301759,
        0.427747 -0.335098 2.303150,
        0.450198 -0.398078 2.301759,
        0.463416 -0.388225 2.303150,
        0.491954 -0.448690 2.301759,
        0.504139 -0.437584 2.303150,
        0.538487 -0.494948 2.301759,
        0.549520 -0.482697 2.303150,
        0.589345 -0.536404 2.301759,
        0.599120 -0.523127 2.303150,
        0.644035 -0.572654 2.301759,
        0.652456 -0.558480 2.303150,
        0.702027 -0.603348 2.301759,
        0.709013 -0.588415 2.303150,
        0.762757 -0.628188 2.301759,
        0.768239 -0.612639 2.303150,
        0.829562 -0.630919 2.303150,
        0.836614 -0.632607 2.303150,
        0.836614 -0.683753 2.288550,
        0.836614 -0.672882 2.294041,
        0.820109 -0.669474 2.294789,
        0.836614 -0.667791 2.296612,
        0.836614 -0.698879 2.277192,
        0.836614 -0.693612 2.281147,
        0.815156 -0.689679 2.282360,
        0.836614 -0.722960 2.247270,
        0.836614 -0.712656 2.262832,
        0.811075 -0.706322 2.265224,
        0.836614 -0.711166 2.264385,
        0.836614 -0.729010 2.232941,
        0.836614 -0.724252 2.244211,
        0.808115 -0.718394 2.244421,
        0.836614 -0.731569 2.221144,
        0.738290 -0.697579 2.244421,
        0.670852 -0.669995 2.244421,
        0.606454 -0.635911 2.244421,
        0.545723 -0.595656 2.244421,
        0.489246 -0.549621 2.244421,
        0.437573 -0.498253 2.244421,
        0.391205 -0.442050 2.244421,
        0.350591 -0.381558 2.244421,
        0.316125 -0.317364 2.244421,
        0.288143 -0.250090 2.244421,
        0.266914 -0.180389 2.244421,
        0.252647 -0.108939 2.244421,
        0.245478 -0.036431 2.244421,
        0.245478 0.036431 2.244421,
        0.252647 0.108939 2.244421,
        0.266914 0.180389 2.244421,
        0.288143 0.250090 2.244421,
        0.316125 0.317364 2.244421,
        0.350591 0.381558 2.244421,
        0.391205 0.442050 2.244421,
        0.437573 0.498253 2.244421,
        0.489246 0.549621 2.244421,
        0.545723 0.595656 2.244421,
        0.606454 0.635911 2.244421,
        0.670852 0.669995 2.244421,
        0.738290 0.697579 2.244421,
        0.742423 -0.685857 2.265224,
        0.676118 -0.658737 2.265224,
        0.612803 -0.625225 2.265224,
        0.553092 -0.585646 2.265224,
        0.497565 -0.540385 2.265224,
        0.446759 -0.489880 2.265224,
        0.401170 -0.434622 2.265224,
        0.361239 -0.375146 2.265224,
        0.327352 -0.312031 2.265224,
        0.299840 -0.245887 2.265224,
        0.278969 -0.177358 2.265224,
        0.264941 -0.107108 2.265224,
        0.257893 -0.035819 2.265224,
        0.257893 0.035819 2.265224,
        0.264941 0.107108 2.265224,
        0.278969 0.177358 2.265224,
        0.299840 0.245887 2.265224,
        0.327352 0.312031 2.265224,
        0.361239 0.375146 2.265224,
        0.401170 0.434622 2.265224,
        0.446759 0.489880 2.265224,
        0.497565 0.540385 2.265224,
        0.553092 0.585646 2.265224,
        0.612803 0.625225 2.265224,
        0.676118 0.658737 2.265224,
        0.742423 0.685857 2.265224,
        0.748121 -0.669696 2.282360,
        0.683378 -0.643215 2.282360,
        0.621555 -0.610493 2.282360,
        0.563251 -0.571847 2.282360,
        0.509032 -0.527652 2.282360,
        0.459424 -0.478337 2.282360,
        0.414909 -0.424381 2.282360,
        0.375918 -0.366307 2.282360,
        0.342830 -0.304679 2.282360,
        0.315966 -0.240094 2.282360,
        0.295587 -0.173179 2.282360,
        0.281890 -0.104584 2.282360,
        0.275007 -0.034974 2.282360,
        0.275007 0.034974 2.282360,
        0.281890 0.104584 2.282360,
        0.295587 0.173179 2.282360,
        0.315966 0.240094 2.282360,
        0.342830 0.304679 2.282360,
        0.375918 0.366307 2.282360,
        0.414909 0.424381 2.282360,
        0.459424 0.478337 2.282360,
        0.509032 0.527652 2.282360,
        0.563251 0.571847 2.282360,
        0.621555 0.610493 2.282360,
        0.683378 0.643215 2.282360,
        0.748121 0.669696 2.282360,
        0.755039 -0.650077 2.294789,
        0.692193 -0.624372 2.294789,
        0.632181 -0.592608 2.294789,
        0.575585 -0.555094 2.294789,
        0.522954 -0.512194 2.294789,
        0.474800 -0.464324 2.294789,
        0.431589 -0.411948 2.294789,
        0.393740 -0.355576 2.294789,
        0.361622 -0.295753 2.294789,
        0.335544 -0.233060 2.294789,
        0.315762 -0.168106 2.294789,
        0.302466 -0.101520 2.294789,
        0.295786 -0.033950 2.294789,
        0.295786 0.033950 2.294789,
        0.302466 0.101520 2.294789,
        0.315762 0.168106 2.294789,
        0.335544 0.233060 2.294789,
        0.361622 0.295753 2.294789,
        0.393740 0.355576 2.294789,
        0.431589 0.411948 2.294789,
        0.474800 0.464324 2.294789,
        0.522954 0.512194 2.294789,
        0.575585 0.555094 2.294789,
        0.632181 0.592608 2.294789,
        0.692193 0.624372 2.294789,
        0.755039 0.650077 2.294789,
        1.131890 0.733317 1.988189,
        1.062443 0.743934 1.988189,
        1.131890 0.367551 1.988189,
        0.958146 0.747576 1.988189,
        0.836614 0.367551 1.988189,
        0.854358 0.736667 1.988189,
        0.836614 0.733317 1.988189,
        0.836614 -0.733317 1.988189,
        0.854358 -0.736667 1.988189,
        0.836614 -0.367551 1.988189,
        0.958146 -0.747576 1.988189,
        1.131890 -0.367551 1.988189,
        1.062443 -0.743934 1.988189,
        1.131890 -0.733317 1.988189,
        1.580635 -0.147638 2.303150,
        1.580635 0.147638 2.303150,
        0.387869 0.147638 2.303150,
        0.387869 -0.147638 2.303150,
        1.287931 -0.361911 1.712598,
        1.346163 -0.303679 1.712598,
        1.449515 -0.082039 1.712598,
        1.428201 -0.161584 1.712598,
        1.393398 -0.236220 1.712598,
        1.456693 0.000000 1.712598,
        0.518989 0.082039 1.712598,
        0.540303 0.161584 1.712598,
        0.575106 0.236220 1.712598,
        0.511811 0.000000 1.712598,
        0.902213 -0.465263 1.712598,
        0.822668 -0.443949 1.712598,
        0.748031 -0.409146 1.712598,
        1.449515 0.082039 1.712598,
        1.346163 0.303679 1.712598,
        1.393398 0.236220 1.712598,
        1.428201 0.161584 1.712598,
        1.287931 0.361911 1.712598,
        1.066291 0.465263 1.712598,
        1.145836 0.443949 1.712598,
        1.220472 0.409146 1.712598,
        0.984252 0.472441 1.712598,
        0.518989 -0.082039 1.712598,
        0.540303 -0.161584 1.712598,
        0.622341 -0.303679 1.712598,
        0.575106 -0.236220 1.712598,
        0.984252 -0.472441 1.712598,
        1.066291 -0.465263 1.712598,
        1.145836 -0.443949 1.712598,
        1.220472 -0.409146 1.712598,
        0.902213 0.465263 1.712598,
        0.680573 0.361911 1.712598,
        0.748031 0.409146 1.712598,
        0.822668 0.443949 1.712598,
        0.680573 -0.361911 1.712598,
        0.622341 0.303679 1.712598,
        0.984252 0.000000 0.216535,
      ]
    }
    coordIndex [
      52, 53, 54, -1,
      55, 56, 57, -1,
      55, 58, 59, -1,
      59, 58, 60, -1,
      59, 60, 61, -1,
      62, 63, 64, -1,
      64, 63, 65, -1,
      64, 65, 66, -1,
      66, 65, 67, -1,
      66, 67, 68, -1,
      68, 67, 69, -1,
      68, 69, 60, -1,
      60, 69, 70, -1,
      60, 70, 61, -1,
      62, 64, 71, -1,
      71, 64, 72, -1,
      71, 72, 73, -1,
      73, 72, 74, -1,
      73, 74, 75, -1,
      75, 74, 76, -1,
      75, 76, 77, -1,
      77, 76, 78, -1,
      78, 76, 79, -1,
      78, 79, 80, -1,
      80, 79, 81, -1,
      81, 79, 82, -1,
      81, 82, 83, -1,
      83, 82, 84, -1,
      84, 82, 85, -1,
      84, 85, 86, -1,
      86, 85, 87, -1,
      86, 87, 88, -1,
      89, 90, 91, -1,
      91, 90, 92, -1,
      91, 92, 93, -1,
      93, 92, 94, -1,
      93, 94, 95, -1,
      95, 94, 96, -1,
      95, 96, 87, -1,
      87, 96, 97, -1,
      87, 97, 88, -1,
      89, 91, 98, -1,
      98, 91, 99, -1,
      98, 99, 100, -1,
      100, 99, 101, -1,
      100, 101, 102, -1,
      102, 101, 103, -1,
      102, 103, 104, -1,
      104, 103, 105, -1,
      105, 103, 106, -1,
      105, 106, 107, -1,
      108, 109, 110, -1,
      110, 109, 111, -1,
      110, 111, 112, -1,
      112, 111, 113, -1,
      112, 113, 114, -1,
      114, 113, 115, -1,
      114, 115, 106, -1,
      106, 115, 116, -1,
      106, 116, 107, -1,
      108, 110, 117, -1,
      117, 110, 118, -1,
      117, 118, 119, -1,
      119, 118, 120, -1,
      119, 120, 121, -1,
      121, 120, 122, -1,
      121, 122, 123, -1,
      123, 122, 124, -1,
      124, 122, 125, -1,
      124, 125, 126, -1,
      126, 125, 127, -1,
      127, 125, 128, -1,
      127, 128, 129, -1,
      129, 128, 130, -1,
      130, 128, 131, -1,
      130, 131, 132, -1,
      132, 131, 133, -1,
      132, 133, 134, -1,
      135, 136, 137, -1,
      137, 136, 138, -1,
      139, 140, 141, -1,
      142, 143, 144, -1,
      144, 143, 145, -1,
      146, 147, 148, -1,
      149, 150, 151, -1,
      151, 150, 152, -1,
      153, 154, 149, -1,
      149, 151, 153, -1,
      153, 151, 155, -1,
      153, 155, 156, -1,
      156, 155, 157, -1,
      156, 157, 158, -1,
      158, 157, 159, -1,
      158, 159, 160, -1,
      160, 159, 161, -1,
      160, 161, 162, -1,
      162, 161, 163, -1,
      162, 163, 164, -1,
      164, 163, 165, -1,
      164, 165, 166, -1,
      166, 165, 167, -1,
      166, 167, 168, -1,
      168, 167, 169, -1,
      168, 169, 170, -1,
      170, 169, 171, -1,
      170, 171, 172, -1,
      172, 171, 173, -1,
      172, 173, 174, -1,
      174, 173, 175, -1,
      174, 175, 176, -1,
      176, 175, 177, -1,
      176, 177, 178, -1,
      178, 177, 179, -1,
      178, 179, 180, -1,
      180, 179, 181, -1,
      180, 181, 182, -1,
      182, 181, 183, -1,
      182, 183, 184, -1,
      184, 183, 185, -1,
      184, 185, 186, -1,
      186, 185, 187, -1,
      186, 187, 188, -1,
      188, 187, 189, -1,
      188, 189, 190, -1,
      190, 189, 191, -1,
      190, 191, 192, -1,
      192, 191, 193, -1,
      192, 193, 194, -1,
      194, 193, 195, -1,
      194, 195, 196, -1,
      196, 195, 197, -1,
      196, 197, 198, -1,
      198, 197, 199, -1,
      198, 199, 200, -1,
      200, 199, 201, -1,
      200, 201, 202, -1,
      202, 201, 203, -1,
      202, 203, 204, -1,
      204, 203, 205, -1,
      204, 205, 206, -1,
      206, 205, 54, -1,
      206, 54, 207, -1,
      207, 54, 53, -1,
      207, 53, 208, -1,
      209, 210, 211, -1,
      211, 210, 212, -1,
      211, 212, 52, -1,
      213, 214, 215, -1,
      215, 214, 209, -1,
      216, 217, 218, -1,
      218, 217, 219, -1,
      218, 219, 213, -1,
      220, 221, 222, -1,
      222, 221, 216, -1,
      55, 57, 58, -1,
      58, 57, 223, -1,
      58, 223, 220, -1,
      220, 222, 58, -1,
      58, 222, 224, -1,
      58, 224, 60, -1,
      60, 224, 225, -1,
      60, 225, 68, -1,
      68, 225, 226, -1,
      68, 226, 66, -1,
      66, 226, 227, -1,
      66, 227, 64, -1,
      64, 227, 228, -1,
      64, 228, 72, -1,
      72, 228, 229, -1,
      72, 229, 74, -1,
      74, 229, 230, -1,
      74, 230, 76, -1,
      76, 230, 231, -1,
      76, 231, 79, -1,
      79, 231, 232, -1,
      79, 232, 82, -1,
      82, 232, 233, -1,
      82, 233, 85, -1,
      85, 233, 234, -1,
      85, 234, 87, -1,
      87, 234, 235, -1,
      87, 235, 95, -1,
      95, 235, 236, -1,
      95, 236, 93, -1,
      93, 236, 237, -1,
      93, 237, 91, -1,
      91, 237, 238, -1,
      91, 238, 99, -1,
      99, 238, 239, -1,
      99, 239, 101, -1,
      101, 239, 240, -1,
      101, 240, 103, -1,
      103, 240, 241, -1,
      103, 241, 106, -1,
      106, 241, 242, -1,
      106, 242, 114, -1,
      114, 242, 243, -1,
      114, 243, 112, -1,
      112, 243, 244, -1,
      112, 244, 110, -1,
      110, 244, 245, -1,
      110, 245, 118, -1,
      118, 245, 246, -1,
      118, 246, 120, -1,
      120, 246, 247, -1,
      120, 247, 122, -1,
      122, 247, 248, -1,
      122, 248, 125, -1,
      125, 248, 249, -1,
      125, 249, 128, -1,
      128, 249, 137, -1,
      128, 137, 131, -1,
      131, 137, 138, -1,
      131, 138, 133, -1,
      216, 218, 222, -1,
      222, 218, 250, -1,
      222, 250, 224, -1,
      224, 250, 251, -1,
      224, 251, 225, -1,
      225, 251, 252, -1,
      225, 252, 226, -1,
      226, 252, 253, -1,
      226, 253, 227, -1,
      227, 253, 254, -1,
      227, 254, 228, -1,
      228, 254, 255, -1,
      228, 255, 229, -1,
      229, 255, 256, -1,
      229, 256, 230, -1,
      230, 256, 257, -1,
      230, 257, 231, -1,
      231, 257, 258, -1,
      231, 258, 232, -1,
      232, 258, 259, -1,
      232, 259, 233, -1,
      233, 259, 260, -1,
      233, 260, 234, -1,
      234, 260, 261, -1,
      234, 261, 235, -1,
      235, 261, 262, -1,
      235, 262, 236, -1,
      236, 262, 263, -1,
      236, 263, 237, -1,
      237, 263, 264, -1,
      237, 264, 238, -1,
      238, 264, 265, -1,
      238, 265, 239, -1,
      239, 265, 266, -1,
      239, 266, 240, -1,
      240, 266, 267, -1,
      240, 267, 241, -1,
      241, 267, 268, -1,
      241, 268, 242, -1,
      242, 268, 269, -1,
      242, 269, 243, -1,
      243, 269, 270, -1,
      243, 270, 244, -1,
      244, 270, 271, -1,
      244, 271, 245, -1,
      245, 271, 272, -1,
      245, 272, 246, -1,
      246, 272, 273, -1,
      246, 273, 247, -1,
      247, 273, 274, -1,
      247, 274, 248, -1,
      248, 274, 275, -1,
      248, 275, 249, -1,
      249, 275, 139, -1,
      249, 139, 137, -1,
      137, 139, 141, -1,
      137, 141, 135, -1,
      213, 215, 218, -1,
      218, 215, 276, -1,
      218, 276, 250, -1,
      250, 276, 277, -1,
      250, 277, 251, -1,
      251, 277, 278, -1,
      251, 278, 252, -1,
      252, 278, 279, -1,
      252, 279, 253, -1,
      253, 279, 280, -1,
      253, 280, 254, -1,
      254, 280, 281, -1,
      254, 281, 255, -1,
      255, 281, 282, -1,
      255, 282, 256, -1,
      256, 282, 283, -1,
      256, 283, 257, -1,
      257, 283, 284, -1,
      257, 284, 258, -1,
      258, 284, 285, -1,
      258, 285, 259, -1,
      259, 285, 286, -1,
      259, 286, 260, -1,
      260, 286, 287, -1,
      260, 287, 261, -1,
      261, 287, 288, -1,
      261, 288, 262, -1,
      262, 288, 289, -1,
      262, 289, 263, -1,
      263, 289, 290, -1,
      263, 290, 264, -1,
      264, 290, 291, -1,
      264, 291, 265, -1,
      265, 291, 292, -1,
      265, 292, 266, -1,
      266, 292, 293, -1,
      266, 293, 267, -1,
      267, 293, 294, -1,
      267, 294, 268, -1,
      268, 294, 295, -1,
      268, 295, 269, -1,
      269, 295, 296, -1,
      269, 296, 270, -1,
      270, 296, 297, -1,
      270, 297, 271, -1,
      271, 297, 298, -1,
      271, 298, 272, -1,
      272, 298, 299, -1,
      272, 299, 273, -1,
      273, 299, 300, -1,
      273, 300, 274, -1,
      274, 300, 301, -1,
      274, 301, 275, -1,
      275, 301, 144, -1,
      275, 144, 139, -1,
      139, 144, 145, -1,
      139, 145, 140, -1,
      209, 211, 215, -1,
      215, 211, 302, -1,
      215, 302, 276, -1,
      276, 302, 303, -1,
      276, 303, 277, -1,
      277, 303, 304, -1,
      277, 304, 278, -1,
      278, 304, 305, -1,
      278, 305, 279, -1,
      279, 305, 306, -1,
      279, 306, 280, -1,
      280, 306, 307, -1,
      280, 307, 281, -1,
      281, 307, 308, -1,
      281, 308, 282, -1,
      282, 308, 309, -1,
      282, 309, 283, -1,
      283, 309, 310, -1,
      283, 310, 284, -1,
      284, 310, 311, -1,
      284, 311, 285, -1,
      285, 311, 312, -1,
      285, 312, 286, -1,
      286, 312, 313, -1,
      286, 313, 287, -1,
      287, 313, 314, -1,
      287, 314, 288, -1,
      288, 314, 315, -1,
      288, 315, 289, -1,
      289, 315, 316, -1,
      289, 316, 290, -1,
      290, 316, 317, -1,
      290, 317, 291, -1,
      291, 317, 318, -1,
      291, 318, 292, -1,
      292, 318, 319, -1,
      292, 319, 293, -1,
      293, 319, 320, -1,
      293, 320, 294, -1,
      294, 320, 321, -1,
      294, 321, 295, -1,
      295, 321, 322, -1,
      295, 322, 296, -1,
      296, 322, 323, -1,
      296, 323, 297, -1,
      297, 323, 324, -1,
      297, 324, 298, -1,
      298, 324, 325, -1,
      298, 325, 299, -1,
      299, 325, 326, -1,
      299, 326, 300, -1,
      300, 326, 327, -1,
      300, 327, 301, -1,
      301, 327, 146, -1,
      301, 146, 144, -1,
      144, 146, 148, -1,
      144, 148, 142, -1,
      52, 54, 211, -1,
      211, 54, 205, -1,
      211, 205, 302, -1,
      302, 205, 203, -1,
      302, 203, 303, -1,
      303, 203, 201, -1,
      303, 201, 304, -1,
      304, 201, 199, -1,
      304, 199, 305, -1,
      305, 199, 197, -1,
      305, 197, 306, -1,
      306, 197, 195, -1,
      306, 195, 307, -1,
      307, 195, 193, -1,
      307, 193, 308, -1,
      308, 193, 191, -1,
      308, 191, 309, -1,
      309, 191, 189, -1,
      309, 189, 310, -1,
      310, 189, 187, -1,
      310, 187, 311, -1,
      311, 187, 185, -1,
      311, 185, 312, -1,
      312, 185, 183, -1,
      312, 183, 313, -1,
      313, 183, 181, -1,
      313, 181, 314, -1,
      314, 181, 179, -1,
      314, 179, 315, -1,
      315, 179, 177, -1,
      315, 177, 316, -1,
      316, 177, 175, -1,
      316, 175, 317, -1,
      317, 175, 173, -1,
      317, 173, 318, -1,
      318, 173, 171, -1,
      318, 171, 319, -1,
      319, 171, 169, -1,
      319, 169, 320, -1,
      320, 169, 167, -1,
      320, 167, 321, -1,
      321, 167, 165, -1,
      321, 165, 322, -1,
      322, 165, 163, -1,
      322, 163, 323, -1,
      323, 163, 161, -1,
      323, 161, 324, -1,
      324, 161, 159, -1,
      324, 159, 325, -1,
      325, 159, 157, -1,
      325, 157, 326, -1,
      326, 157, 155, -1,
      326, 155, 327, -1,
      327, 155, 151, -1,
      327, 151, 146, -1,
      146, 151, 152, -1,
      146, 152, 147, -1,
      328, 329, 330, -1,
      331, 332, 333, -1,
      334, 335, 336, -1,
      337, 338, 339, -1,
      340, 341, 342, -1,
      343, 344, 345, -1,
      346, 347, 348, -1,
      349, 350, 351, -1,
      352, 353, 354, -1,
      355, 356, 357, -1,
      358, 359, 360, -1,
      361, 362, 363, -1,
      364, 365, 366, -1,
      367, 368, 369, -1,
      370, 371, 372, -1,
      373, 374, 375, -1,
      376, 377, 378, -1,
      379, 380, 381, -1,
      382, 383, 384, -1,
      385, 386, 387, -1,
      388, 389, 390, -1,
      391, 392, 393, -1,
      394, 395, 396, -1,
      397, 398, 399, -1,
      400, 401, 402, -1,
      403, 404, 405, -1,
      406, 407, 408, -1,
      409, 410, 411, -1,
      412, 413, 414, -1,
      415, 416, 417, -1,
      418, 419, 420, -1,
      421, 422, 423, -1,
      423, 422, 424, -1,
      423, 424, 425, -1,
      425, 424, 426, -1,
      425, 426, 427, -1,
      427, 426, 428, -1,
      427, 428, 429, -1,
      429, 428, 430, -1,
      429, 430, 431, -1,
      431, 430, 420, -1,
      432, 433, 434, -1,
      434, 433, 435, -1,
      434, 435, 436, -1,
      436, 435, 437, -1,
      436, 437, 438, -1,
      438, 437, 439, -1,
      438, 439, 440, -1,
      440, 439, 441, -1,
      440, 441, 442, -1,
      442, 441, 417, -1,
      443, 444, 445, -1,
      445, 444, 446, -1,
      445, 446, 447, -1,
      447, 446, 448, -1,
      447, 448, 449, -1,
      449, 448, 450, -1,
      449, 450, 451, -1,
      451, 450, 452, -1,
      451, 452, 453, -1,
      453, 452, 405, -1,
      454, 455, 456, -1,
      456, 455, 457, -1,
      456, 457, 458, -1,
      458, 457, 459, -1,
      458, 459, 460, -1,
      460, 459, 461, -1,
      460, 461, 462, -1,
      462, 461, 463, -1,
      462, 463, 464, -1,
      464, 463, 402, -1,
      465, 466, 467, -1,
      467, 466, 468, -1,
      467, 468, 469, -1,
      469, 468, 470, -1,
      469, 470, 471, -1,
      471, 470, 472, -1,
      471, 472, 473, -1,
      473, 472, 474, -1,
      473, 474, 475, -1,
      475, 474, 396, -1,
      476, 477, 478, -1,
      478, 477, 479, -1,
      478, 479, 480, -1,
      480, 479, 481, -1,
      480, 481, 482, -1,
      482, 481, 483, -1,
      482, 483, 484, -1,
      484, 483, 485, -1,
      484, 485, 486, -1,
      486, 485, 393, -1,
      487, 488, 489, -1,
      489, 488, 490, -1,
      489, 490, 491, -1,
      491, 490, 492, -1,
      491, 492, 493, -1,
      493, 492, 494, -1,
      493, 494, 495, -1,
      495, 494, 496, -1,
      495, 496, 497, -1,
      497, 496, 381, -1,
      498, 499, 500, -1,
      500, 499, 501, -1,
      500, 501, 502, -1,
      502, 501, 503, -1,
      502, 503, 504, -1,
      504, 503, 505, -1,
      504, 505, 506, -1,
      506, 505, 507, -1,
      506, 507, 508, -1,
      508, 507, 378, -1,
      509, 510, 511, -1,
      511, 510, 512, -1,
      511, 512, 513, -1,
      513, 512, 514, -1,
      513, 514, 515, -1,
      515, 514, 516, -1,
      515, 516, 517, -1,
      517, 516, 518, -1,
      517, 518, 519, -1,
      519, 518, 366, -1,
      520, 521, 522, -1,
      522, 521, 523, -1,
      522, 523, 524, -1,
      524, 523, 525, -1,
      524, 525, 526, -1,
      526, 525, 527, -1,
      526, 527, 528, -1,
      528, 527, 529, -1,
      528, 529, 530, -1,
      530, 529, 363, -1,
      531, 532, 533, -1,
      533, 532, 534, -1,
      533, 534, 535, -1,
      535, 534, 536, -1,
      535, 536, 537, -1,
      537, 536, 538, -1,
      537, 538, 539, -1,
      539, 538, 540, -1,
      539, 540, 541, -1,
      541, 540, 351, -1,
      542, 543, 544, -1,
      544, 543, 545, -1,
      544, 545, 546, -1,
      546, 545, 547, -1,
      546, 547, 548, -1,
      548, 547, 549, -1,
      548, 549, 550, -1,
      550, 549, 551, -1,
      550, 551, 552, -1,
      552, 551, 339, -1,
      553, 554, 555, -1,
      555, 554, 556, -1,
      555, 556, 557, -1,
      557, 556, 558, -1,
      557, 558, 559, -1,
      559, 558, 560, -1,
      559, 560, 561, -1,
      561, 560, 562, -1,
      561, 562, 563, -1,
      563, 562, 336, -1,
      564, 421, 565, -1,
      565, 421, 423, -1,
      565, 423, 566, -1,
      566, 423, 425, -1,
      566, 425, 567, -1,
      567, 425, 427, -1,
      567, 427, 568, -1,
      568, 427, 429, -1,
      568, 429, 569, -1,
      569, 429, 431, -1,
      569, 431, 570, -1,
      570, 431, 571, -1,
      420, 419, 431, -1,
      431, 419, 572, -1,
      431, 572, 571, -1,
      573, 418, 574, -1,
      574, 418, 420, -1,
      574, 420, 575, -1,
      575, 420, 430, -1,
      575, 430, 576, -1,
      576, 430, 428, -1,
      576, 428, 577, -1,
      577, 428, 426, -1,
      577, 426, 578, -1,
      578, 426, 424, -1,
      578, 424, 579, -1,
      579, 424, 422, -1,
      579, 432, 578, -1,
      578, 432, 434, -1,
      578, 434, 577, -1,
      577, 434, 436, -1,
      577, 436, 576, -1,
      576, 436, 438, -1,
      576, 438, 575, -1,
      575, 438, 440, -1,
      575, 440, 574, -1,
      574, 440, 442, -1,
      574, 442, 573, -1,
      573, 442, 580, -1,
      417, 416, 442, -1,
      442, 416, 581, -1,
      442, 581, 580, -1,
      582, 415, 583, -1,
      583, 415, 417, -1,
      583, 417, 584, -1,
      584, 417, 441, -1,
      584, 441, 585, -1,
      585, 441, 439, -1,
      585, 439, 586, -1,
      586, 439, 437, -1,
      586, 437, 587, -1,
      587, 437, 435, -1,
      587, 435, 588, -1,
      588, 435, 433, -1,
      588, 589, 587, -1,
      587, 589, 590, -1,
      587, 590, 586, -1,
      586, 590, 591, -1,
      586, 591, 585, -1,
      585, 591, 592, -1,
      585, 592, 584, -1,
      584, 592, 593, -1,
      584, 593, 583, -1,
      583, 593, 414, -1,
      583, 414, 582, -1,
      582, 414, 413, -1,
      410, 412, 411, -1,
      411, 412, 414, -1,
      411, 414, 594, -1,
      594, 414, 593, -1,
      594, 593, 595, -1,
      595, 593, 592, -1,
      595, 592, 596, -1,
      596, 592, 591, -1,
      596, 591, 597, -1,
      597, 591, 590, -1,
      597, 590, 598, -1,
      598, 590, 589, -1,
      407, 409, 408, -1,
      408, 409, 411, -1,
      408, 411, 599, -1,
      599, 411, 594, -1,
      599, 594, 600, -1,
      600, 594, 595, -1,
      600, 595, 601, -1,
      601, 595, 596, -1,
      601, 596, 602, -1,
      602, 596, 597, -1,
      602, 597, 603, -1,
      603, 597, 598, -1,
      604, 406, 605, -1,
      605, 406, 408, -1,
      605, 408, 606, -1,
      606, 408, 599, -1,
      606, 599, 607, -1,
      607, 599, 600, -1,
      607, 600, 608, -1,
      608, 600, 601, -1,
      608, 601, 609, -1,
      609, 601, 602, -1,
      609, 602, 610, -1,
      610, 602, 603, -1,
      610, 443, 609, -1,
      609, 443, 445, -1,
      609, 445, 608, -1,
      608, 445, 447, -1,
      608, 447, 607, -1,
      607, 447, 449, -1,
      607, 449, 606, -1,
      606, 449, 451, -1,
      606, 451, 605, -1,
      605, 451, 453, -1,
      605, 453, 604, -1,
      604, 453, 611, -1,
      405, 404, 453, -1,
      453, 404, 612, -1,
      453, 612, 611, -1,
      613, 403, 614, -1,
      614, 403, 405, -1,
      614, 405, 615, -1,
      615, 405, 452, -1,
      615, 452, 616, -1,
      616, 452, 450, -1,
      616, 450, 617, -1,
      617, 450, 448, -1,
      617, 448, 618, -1,
      618, 448, 446, -1,
      618, 446, 619, -1,
      619, 446, 444, -1,
      619, 454, 618, -1,
      618, 454, 456, -1,
      618, 456, 617, -1,
      617, 456, 458, -1,
      617, 458, 616, -1,
      616, 458, 460, -1,
      616, 460, 615, -1,
      615, 460, 462, -1,
      615, 462, 614, -1,
      614, 462, 464, -1,
      614, 464, 613, -1,
      613, 464, 620, -1,
      402, 401, 464, -1,
      464, 401, 621, -1,
      464, 621, 620, -1,
      622, 400, 623, -1,
      623, 400, 402, -1,
      623, 402, 624, -1,
      624, 402, 463, -1,
      624, 463, 625, -1,
      625, 463, 461, -1,
      625, 461, 626, -1,
      626, 461, 459, -1,
      626, 459, 627, -1,
      627, 459, 457, -1,
      627, 457, 628, -1,
      628, 457, 455, -1,
      628, 629, 627, -1,
      627, 629, 630, -1,
      627, 630, 626, -1,
      626, 630, 631, -1,
      626, 631, 625, -1,
      625, 631, 632, -1,
      625, 632, 624, -1,
      624, 632, 633, -1,
      624, 633, 623, -1,
      623, 633, 399, -1,
      623, 399, 622, -1,
      622, 399, 398, -1,
      634, 397, 475, -1,
      475, 397, 399, -1,
      475, 399, 473, -1,
      473, 399, 633, -1,
      473, 633, 471, -1,
      471, 633, 632, -1,
      471, 632, 469, -1,
      469, 632, 631, -1,
      469, 631, 467, -1,
      467, 631, 630, -1,
      467, 630, 465, -1,
      465, 630, 629, -1,
      396, 395, 475, -1,
      475, 395, 635, -1,
      475, 635, 634, -1,
      636, 394, 637, -1,
      637, 394, 396, -1,
      637, 396, 638, -1,
      638, 396, 474, -1,
      638, 474, 639, -1,
      639, 474, 472, -1,
      639, 472, 640, -1,
      640, 472, 470, -1,
      640, 470, 641, -1,
      641, 470, 468, -1,
      641, 468, 642, -1,
      642, 468, 466, -1,
      642, 476, 641, -1,
      641, 476, 478, -1,
      641, 478, 640, -1,
      640, 478, 480, -1,
      640, 480, 639, -1,
      639, 480, 482, -1,
      639, 482, 638, -1,
      638, 482, 484, -1,
      638, 484, 637, -1,
      637, 484, 486, -1,
      637, 486, 636, -1,
      636, 486, 643, -1,
      393, 392, 486, -1,
      486, 392, 644, -1,
      486, 644, 643, -1,
      645, 391, 646, -1,
      646, 391, 393, -1,
      646, 393, 647, -1,
      647, 393, 485, -1,
      647, 485, 648, -1,
      648, 485, 483, -1,
      648, 483, 649, -1,
      649, 483, 481, -1,
      649, 481, 650, -1,
      650, 481, 479, -1,
      650, 479, 651, -1,
      651, 479, 477, -1,
      651, 652, 650, -1,
      650, 652, 653, -1,
      650, 653, 649, -1,
      649, 653, 654, -1,
      649, 654, 648, -1,
      648, 654, 655, -1,
      648, 655, 647, -1,
      647, 655, 656, -1,
      647, 656, 646, -1,
      646, 656, 390, -1,
      646, 390, 645, -1,
      645, 390, 389, -1,
      386, 388, 387, -1,
      387, 388, 390, -1,
      387, 390, 657, -1,
      657, 390, 656, -1,
      657, 656, 658, -1,
      658, 656, 655, -1,
      658, 655, 659, -1,
      659, 655, 654, -1,
      659, 654, 660, -1,
      660, 654, 653, -1,
      660, 653, 661, -1,
      661, 653, 652, -1,
      662, 385, 663, -1,
      663, 385, 387, -1,
      663, 387, 664, -1,
      664, 387, 657, -1,
      664, 657, 665, -1,
      665, 657, 658, -1,
      665, 658, 666, -1,
      666, 658, 659, -1,
      666, 659, 667, -1,
      667, 659, 660, -1,
      667, 660, 668, -1,
      668, 660, 661, -1,
      668, 669, 667, -1,
      667, 669, 670, -1,
      667, 670, 666, -1,
      666, 670, 671, -1,
      666, 671, 665, -1,
      665, 671, 672, -1,
      665, 672, 664, -1,
      664, 672, 673, -1,
      664, 673, 663, -1,
      663, 673, 384, -1,
      663, 384, 662, -1,
      662, 384, 383, -1,
      674, 382, 497, -1,
      497, 382, 384, -1,
      497, 384, 495, -1,
      495, 384, 673, -1,
      495, 673, 493, -1,
      493, 673, 672, -1,
      493, 672, 491, -1,
      491, 672, 671, -1,
      491, 671, 489, -1,
      489, 671, 670, -1,
      489, 670, 487, -1,
      487, 670, 669, -1,
      381, 380, 497, -1,
      497, 380, 675, -1,
      497, 675, 674, -1,
      676, 379, 677, -1,
      677, 379, 381, -1,
      677, 381, 678, -1,
      678, 381, 496, -1,
      678, 496, 679, -1,
      679, 496, 494, -1,
      679, 494, 680, -1,
      680, 494, 492, -1,
      680, 492, 681, -1,
      681, 492, 490, -1,
      681, 490, 682, -1,
      682, 490, 488, -1,
      682, 498, 681, -1,
      681, 498, 500, -1,
      681, 500, 680, -1,
      680, 500, 502, -1,
      680, 502, 679, -1,
      679, 502, 504, -1,
      679, 504, 678, -1,
      678, 504, 506, -1,
      678, 506, 677, -1,
      677, 506, 508, -1,
      677, 508, 676, -1,
      676, 508, 683, -1,
      378, 377, 508, -1,
      508, 377, 684, -1,
      508, 684, 683, -1,
      685, 376, 686, -1,
      686, 376, 378, -1,
      686, 378, 687, -1,
      687, 378, 507, -1,
      687, 507, 688, -1,
      688, 507, 505, -1,
      688, 505, 689, -1,
      689, 505, 503, -1,
      689, 503, 690, -1,
      690, 503, 501, -1,
      690, 501, 691, -1,
      691, 501, 499, -1,
      691, 692, 690, -1,
      690, 692, 693, -1,
      690, 693, 689, -1,
      689, 693, 694, -1,
      689, 694, 688, -1,
      688, 694, 695, -1,
      688, 695, 687, -1,
      687, 695, 696, -1,
      687, 696, 686, -1,
      686, 696, 375, -1,
      686, 375, 685, -1,
      685, 375, 374, -1,
      371, 373, 372, -1,
      372, 373, 375, -1,
      372, 375, 697, -1,
      697, 375, 696, -1,
      697, 696, 698, -1,
      698, 696, 695, -1,
      698, 695, 699, -1,
      699, 695, 694, -1,
      699, 694, 700, -1,
      700, 694, 693, -1,
      700, 693, 701, -1,
      701, 693, 692, -1,
      368, 370, 369, -1,
      369, 370, 372, -1,
      369, 372, 702, -1,
      702, 372, 697, -1,
      702, 697, 703, -1,
      703, 697, 698, -1,
      703, 698, 704, -1,
      704, 698, 699, -1,
      704, 699, 705, -1,
      705, 699, 700, -1,
      705, 700, 706, -1,
      706, 700, 701, -1,
      707, 367, 708, -1,
      708, 367, 369, -1,
      708, 369, 709, -1,
      709, 369, 702, -1,
      709, 702, 710, -1,
      710, 702, 703, -1,
      710, 703, 711, -1,
      711, 703, 704, -1,
      711, 704, 712, -1,
      712, 704, 705, -1,
      712, 705, 713, -1,
      713, 705, 706, -1,
      713, 509, 712, -1,
      712, 509, 511, -1,
      712, 511, 711, -1,
      711, 511, 513, -1,
      711, 513, 710, -1,
      710, 513, 515, -1,
      710, 515, 709, -1,
      709, 515, 517, -1,
      709, 517, 708, -1,
      708, 517, 519, -1,
      708, 519, 707, -1,
      707, 519, 714, -1,
      366, 365, 519, -1,
      519, 365, 715, -1,
      519, 715, 714, -1,
      716, 364, 717, -1,
      717, 364, 366, -1,
      717, 366, 718, -1,
      718, 366, 518, -1,
      718, 518, 719, -1,
      719, 518, 516, -1,
      719, 516, 720, -1,
      720, 516, 514, -1,
      720, 514, 721, -1,
      721, 514, 512, -1,
      721, 512, 722, -1,
      722, 512, 510, -1,
      722, 520, 721, -1,
      721, 520, 522, -1,
      721, 522, 720, -1,
      720, 522, 524, -1,
      720, 524, 719, -1,
      719, 524, 526, -1,
      719, 526, 718, -1,
      718, 526, 528, -1,
      718, 528, 717, -1,
      717, 528, 530, -1,
      717, 530, 716, -1,
      716, 530, 723, -1,
      363, 362, 530, -1,
      530, 362, 724, -1,
      530, 724, 723, -1,
      725, 361, 726, -1,
      726, 361, 363, -1,
      726, 363, 727, -1,
      727, 363, 529, -1,
      727, 529, 728, -1,
      728, 529, 527, -1,
      728, 527, 729, -1,
      729, 527, 525, -1,
      729, 525, 730, -1,
      730, 525, 523, -1,
      730, 523, 731, -1,
      731, 523, 521, -1,
      731, 732, 730, -1,
      730, 732, 733, -1,
      730, 733, 729, -1,
      729, 733, 734, -1,
      729, 734, 728, -1,
      728, 734, 735, -1,
      728, 735, 727, -1,
      727, 735, 736, -1,
      727, 736, 726, -1,
      726, 736, 360, -1,
      726, 360, 725, -1,
      725, 360, 359, -1,
      356, 358, 357, -1,
      357, 358, 360, -1,
      357, 360, 737, -1,
      737, 360, 736, -1,
      737, 736, 738, -1,
      738, 736, 735, -1,
      738, 735, 739, -1,
      739, 735, 734, -1,
      739, 734, 740, -1,
      740, 734, 733, -1,
      740, 733, 741, -1,
      741, 733, 732, -1,
      353, 355, 354, -1,
      354, 355, 357, -1,
      354, 357, 742, -1,
      742, 357, 737, -1,
      742, 737, 743, -1,
      743, 737, 738, -1,
      743, 738, 744, -1,
      744, 738, 739, -1,
      744, 739, 745, -1,
      745, 739, 740, -1,
      745, 740, 746, -1,
      746, 740, 741, -1,
      747, 352, 748, -1,
      748, 352, 354, -1,
      748, 354, 749, -1,
      749, 354, 742, -1,
      749, 742, 750, -1,
      750, 742, 743, -1,
      750, 743, 751, -1,
      751, 743, 744, -1,
      751, 744, 752, -1,
      752, 744, 745, -1,
      752, 745, 753, -1,
      753, 745, 746, -1,
      753, 531, 752, -1,
      752, 531, 533, -1,
      752, 533, 751, -1,
      751, 533, 535, -1,
      751, 535, 750, -1,
      750, 535, 537, -1,
      750, 537, 749, -1,
      749, 537, 539, -1,
      749, 539, 748, -1,
      748, 539, 541, -1,
      748, 541, 747, -1,
      747, 541, 754, -1,
      351, 350, 541, -1,
      541, 350, 755, -1,
      541, 755, 754, -1,
      756, 349, 757, -1,
      757, 349, 351, -1,
      757, 351, 758, -1,
      758, 351, 540, -1,
      758, 540, 759, -1,
      759, 540, 538, -1,
      759, 538, 760, -1,
      760, 538, 536, -1,
      760, 536, 761, -1,
      761, 536, 534, -1,
      761, 534, 762, -1,
      762, 534, 532, -1,
      762, 763, 761, -1,
      761, 763, 764, -1,
      761, 764, 760, -1,
      760, 764, 765, -1,
      760, 765, 759, -1,
      759, 765, 766, -1,
      759, 766, 758, -1,
      758, 766, 767, -1,
      758, 767, 757, -1,
      757, 767, 348, -1,
      757, 348, 756, -1,
      756, 348, 347, -1,
      344, 346, 345, -1,
      345, 346, 348, -1,
      345, 348, 768, -1,
      768, 348, 767, -1,
      768, 767, 769, -1,
      769, 767, 766, -1,
      769, 766, 770, -1,
      770, 766, 765, -1,
      770, 765, 771, -1,
      771, 765, 764, -1,
      771, 764, 772, -1,
      772, 764, 763, -1,
      773, 343, 774, -1,
      774, 343, 345, -1,
      774, 345, 775, -1,
      775, 345, 768, -1,
      775, 768, 776, -1,
      776, 768, 769, -1,
      776, 769, 777, -1,
      777, 769, 770, -1,
      777, 770, 778, -1,
      778, 770, 771, -1,
      778, 771, 779, -1,
      779, 771, 772, -1,
      779, 780, 778, -1,
      778, 780, 781, -1,
      778, 781, 777, -1,
      777, 781, 782, -1,
      777, 782, 776, -1,
      776, 782, 783, -1,
      776, 783, 775, -1,
      775, 783, 784, -1,
      775, 784, 774, -1,
      774, 784, 342, -1,
      774, 342, 773, -1,
      773, 342, 341, -1,
      785, 340, 552, -1,
      552, 340, 342, -1,
      552, 342, 550, -1,
      550, 342, 784, -1,
      550, 784, 548, -1,
      548, 784, 783, -1,
      548, 783, 546, -1,
      546, 783, 782, -1,
      546, 782, 544, -1,
      544, 782, 781, -1,
      544, 781, 542, -1,
      542, 781, 780, -1,
      339, 338, 552, -1,
      552, 338, 786, -1,
      552, 786, 785, -1,
      787, 337, 788, -1,
      788, 337, 339, -1,
      788, 339, 789, -1,
      789, 339, 551, -1,
      789, 551, 790, -1,
      790, 551, 549, -1,
      790, 549, 791, -1,
      791, 549, 547, -1,
      791, 547, 792, -1,
      792, 547, 545, -1,
      792, 545, 793, -1,
      793, 545, 543, -1,
      793, 553, 792, -1,
      792, 553, 555, -1,
      792, 555, 791, -1,
      791, 555, 557, -1,
      791, 557, 790, -1,
      790, 557, 559, -1,
      790, 559, 789, -1,
      789, 559, 561, -1,
      789, 561, 788, -1,
      788, 561, 563, -1,
      788, 563, 787, -1,
      787, 563, 794, -1,
      336, 335, 563, -1,
      563, 335, 795, -1,
      563, 795, 794, -1,
      796, 334, 797, -1,
      797, 334, 336, -1,
      797, 336, 798, -1,
      798, 336, 562, -1,
      798, 562, 799, -1,
      799, 562, 560, -1,
      799, 560, 800, -1,
      800, 560, 558, -1,
      800, 558, 801, -1,
      801, 558, 556, -1,
      801, 556, 802, -1,
      802, 556, 554, -1,
      802, 803, 801, -1,
      801, 803, 804, -1,
      801, 804, 800, -1,
      800, 804, 805, -1,
      800, 805, 799, -1,
      799, 805, 806, -1,
      799, 806, 798, -1,
      798, 806, 807, -1,
      798, 807, 797, -1,
      797, 807, 333, -1,
      797, 333, 796, -1,
      796, 333, 332, -1,
      329, 331, 330, -1,
      330, 331, 333, -1,
      330, 333, 808, -1,
      808, 333, 807, -1,
      808, 807, 809, -1,
      809, 807, 806, -1,
      809, 806, 810, -1,
      810, 806, 805, -1,
      810, 805, 811, -1,
      811, 805, 804, -1,
      811, 804, 812, -1,
      812, 804, 803, -1,
      813, 328, 814, -1,
      814, 328, 330, -1,
      814, 330, 815, -1,
      815, 330, 808, -1,
      815, 808, 816, -1,
      816, 808, 809, -1,
      816, 809, 817, -1,
      817, 809, 810, -1,
      817, 810, 818, -1,
      818, 810, 811, -1,
      818, 811, 819, -1,
      819, 811, 812, -1,
      819, 564, 818, -1,
      818, 564, 565, -1,
      818, 565, 817, -1,
      817, 565, 566, -1,
      817, 566, 816, -1,
      816, 566, 567, -1,
      816, 567, 815, -1,
      815, 567, 568, -1,
      815, 568, 814, -1,
      814, 568, 569, -1,
      814, 569, 813, -1,
      813, 569, 570, -1,
      820, 821, 822, -1,
      823, 824, 825, -1,
      823, 826, 827, -1,
      827, 826, 828, -1,
      827, 828, 829, -1,
      829, 828, 830, -1,
      829, 830, 831, -1,
      831, 830, 832, -1,
      832, 830, 833, -1,
      833, 830, 834, -1,
      833, 834, 835, -1,
      835, 834, 836, -1,
      835, 836, 837, -1,
      837, 836, 838, -1,
      838, 836, 839, -1,
      838, 839, 840, -1,
      840, 839, 841, -1,
      840, 841, 842, -1,
      843, 844, 845, -1,
      845, 844, 846, -1,
      845, 846, 847, -1,
      847, 846, 848, -1,
      847, 848, 849, -1,
      849, 848, 850, -1,
      849, 850, 841, -1,
      841, 850, 851, -1,
      841, 851, 842, -1,
      843, 845, 852, -1,
      852, 845, 853, -1,
      852, 853, 854, -1,
      854, 853, 855, -1,
      854, 855, 856, -1,
      856, 855, 857, -1,
      856, 857, 858, -1,
      858, 857, 859, -1,
      859, 857, 860, -1,
      859, 860, 861, -1,
      861, 860, 862, -1,
      862, 860, 863, -1,
      862, 863, 864, -1,
      864, 863, 865, -1,
      865, 863, 866, -1,
      865, 866, 867, -1,
      867, 866, 868, -1,
      867, 868, 869, -1,
      870, 871, 872, -1,
      872, 871, 873, -1,
      872, 873, 874, -1,
      874, 873, 875, -1,
      874, 875, 876, -1,
      876, 875, 877, -1,
      876, 877, 868, -1,
      868, 877, 878, -1,
      868, 878, 869, -1,
      870, 872, 879, -1,
      879, 872, 880, -1,
      879, 880, 881, -1,
      881, 880, 882, -1,
      881, 882, 883, -1,
      883, 882, 884, -1,
      883, 884, 885, -1,
      885, 884, 886, -1,
      886, 884, 887, -1,
      886, 887, 888, -1,
      889, 890, 891, -1,
      891, 890, 892, -1,
      891, 892, 893, -1,
      893, 892, 894, -1,
      893, 894, 887, -1,
      887, 894, 895, -1,
      887, 895, 888, -1,
      896, 897, 889, -1,
      889, 897, 898, -1,
      889, 898, 890, -1,
      889, 899, 896, -1,
      896, 899, 900, -1,
      896, 900, 901, -1,
      902, 903, 904, -1,
      904, 903, 905, -1,
      906, 907, 908, -1,
      909, 910, 911, -1,
      911, 910, 912, -1,
      913, 914, 915, -1,
      916, 917, 918, -1,
      918, 917, 919, -1,
      920, 921, 916, -1,
      916, 918, 920, -1,
      920, 918, 922, -1,
      920, 922, 923, -1,
      923, 922, 924, -1,
      923, 924, 925, -1,
      925, 924, 926, -1,
      925, 926, 927, -1,
      927, 926, 928, -1,
      927, 928, 929, -1,
      929, 928, 930, -1,
      929, 930, 931, -1,
      931, 930, 932, -1,
      931, 932, 933, -1,
      933, 932, 934, -1,
      933, 934, 935, -1,
      935, 934, 936, -1,
      935, 936, 937, -1,
      937, 936, 938, -1,
      937, 938, 939, -1,
      939, 938, 940, -1,
      939, 940, 941, -1,
      941, 940, 942, -1,
      941, 942, 943, -1,
      943, 942, 944, -1,
      943, 944, 945, -1,
      945, 944, 946, -1,
      945, 946, 947, -1,
      947, 946, 948, -1,
      947, 948, 949, -1,
      949, 948, 950, -1,
      949, 950, 951, -1,
      951, 950, 952, -1,
      951, 952, 953, -1,
      953, 952, 954, -1,
      953, 954, 955, -1,
      955, 954, 956, -1,
      955, 956, 957, -1,
      957, 956, 958, -1,
      957, 958, 959, -1,
      959, 958, 960, -1,
      959, 960, 961, -1,
      961, 960, 962, -1,
      961, 962, 963, -1,
      963, 962, 964, -1,
      963, 964, 965, -1,
      965, 964, 966, -1,
      965, 966, 967, -1,
      967, 966, 968, -1,
      967, 968, 969, -1,
      969, 968, 970, -1,
      969, 970, 971, -1,
      971, 970, 972, -1,
      971, 972, 973, -1,
      973, 972, 822, -1,
      973, 822, 974, -1,
      974, 822, 821, -1,
      974, 821, 975, -1,
      976, 977, 978, -1,
      978, 977, 979, -1,
      978, 979, 820, -1,
      980, 981, 982, -1,
      982, 981, 976, -1,
      983, 984, 985, -1,
      985, 984, 986, -1,
      985, 986, 980, -1,
      987, 988, 989, -1,
      989, 988, 983, -1,
      823, 825, 826, -1,
      826, 825, 990, -1,
      826, 990, 987, -1,
      987, 989, 826, -1,
      826, 989, 991, -1,
      826, 991, 828, -1,
      828, 991, 992, -1,
      828, 992, 830, -1,
      830, 992, 993, -1,
      830, 993, 834, -1,
      834, 993, 994, -1,
      834, 994, 836, -1,
      836, 994, 995, -1,
      836, 995, 839, -1,
      839, 995, 996, -1,
      839, 996, 841, -1,
      841, 996, 997, -1,
      841, 997, 849, -1,
      849, 997, 998, -1,
      849, 998, 847, -1,
      847, 998, 999, -1,
      847, 999, 845, -1,
      845, 999, 1000, -1,
      845, 1000, 853, -1,
      853, 1000, 1001, -1,
      853, 1001, 855, -1,
      855, 1001, 1002, -1,
      855, 1002, 857, -1,
      857, 1002, 1003, -1,
      857, 1003, 860, -1,
      860, 1003, 1004, -1,
      860, 1004, 863, -1,
      863, 1004, 1005, -1,
      863, 1005, 866, -1,
      866, 1005, 1006, -1,
      866, 1006, 868, -1,
      868, 1006, 1007, -1,
      868, 1007, 876, -1,
      876, 1007, 1008, -1,
      876, 1008, 874, -1,
      874, 1008, 1009, -1,
      874, 1009, 872, -1,
      872, 1009, 1010, -1,
      872, 1010, 880, -1,
      880, 1010, 1011, -1,
      880, 1011, 882, -1,
      882, 1011, 1012, -1,
      882, 1012, 884, -1,
      884, 1012, 1013, -1,
      884, 1013, 887, -1,
      887, 1013, 1014, -1,
      887, 1014, 893, -1,
      893, 1014, 1015, -1,
      893, 1015, 891, -1,
      891, 1015, 1016, -1,
      891, 1016, 889, -1,
      889, 1016, 904, -1,
      889, 904, 899, -1,
      899, 904, 905, -1,
      899, 905, 900, -1,
      983, 985, 989, -1,
      989, 985, 1017, -1,
      989, 1017, 991, -1,
      991, 1017, 1018, -1,
      991, 1018, 992, -1,
      992, 1018, 1019, -1,
      992, 1019, 993, -1,
      993, 1019, 1020, -1,
      993, 1020, 994, -1,
      994, 1020, 1021, -1,
      994, 1021, 995, -1,
      995, 1021, 1022, -1,
      995, 1022, 996, -1,
      996, 1022, 1023, -1,
      996, 1023, 997, -1,
      997, 1023, 1024, -1,
      997, 1024, 998, -1,
      998, 1024, 1025, -1,
      998, 1025, 999, -1,
      999, 1025, 1026, -1,
      999, 1026, 1000, -1,
      1000, 1026, 1027, -1,
      1000, 1027, 1001, -1,
      1001, 1027, 1028, -1,
      1001, 1028, 1002, -1,
      1002, 1028, 1029, -1,
      1002, 1029, 1003, -1,
      1003, 1029, 1030, -1,
      1003, 1030, 1004, -1,
      1004, 1030, 1031, -1,
      1004, 1031, 1005, -1,
      1005, 1031, 1032, -1,
      1005, 1032, 1006, -1,
      1006, 1032, 1033, -1,
      1006, 1033, 1007, -1,
      1007, 1033, 1034, -1,
      1007, 1034, 1008, -1,
      1008, 1034, 1035, -1,
      1008, 1035, 1009, -1,
      1009, 1035, 1036, -1,
      1009, 1036, 1010, -1,
      1010, 1036, 1037, -1,
      1010, 1037, 1011, -1,
      1011, 1037, 1038, -1,
      1011, 1038, 1012, -1,
      1012, 1038, 1039, -1,
      1012, 1039, 1013, -1,
      1013, 1039, 1040, -1,
      1013, 1040, 1014, -1,
      1014, 1040, 1041, -1,
      1014, 1041, 1015, -1,
      1015, 1041, 1042, -1,
      1015, 1042, 1016, -1,
      1016, 1042, 906, -1,
      1016, 906, 904, -1,
      904, 906, 908, -1,
      904, 908, 902, -1,
      980, 982, 985, -1,
      985, 982, 1043, -1,
      985, 1043, 1017, -1,
      1017, 1043, 1044, -1,
      1017, 1044, 1018, -1,
      1018, 1044, 1045, -1,
      1018, 1045, 1019, -1,
      1019, 1045, 1046, -1,
      1019, 1046, 1020, -1,
      1020, 1046, 1047, -1,
      1020, 1047, 1021, -1,
      1021, 1047, 1048, -1,
      1021, 1048, 1022, -1,
      1022, 1048, 1049, -1,
      1022, 1049, 1023, -1,
      1023, 1049, 1050, -1,
      1023, 1050, 1024, -1,
      1024, 1050, 1051, -1,
      1024, 1051, 1025, -1,
      1025, 1051, 1052, -1,
      1025, 1052, 1026, -1,
      1026, 1052, 1053, -1,
      1026, 1053, 1027, -1,
      1027, 1053, 1054, -1,
      1027, 1054, 1028, -1,
      1028, 1054, 1055, -1,
      1028, 1055, 1029, -1,
      1029, 1055, 1056, -1,
      1029, 1056, 1030, -1,
      1030, 1056, 1057, -1,
      1030, 1057, 1031, -1,
      1031, 1057, 1058, -1,
      1031, 1058, 1032, -1,
      1032, 1058, 1059, -1,
      1032, 1059, 1033, -1,
      1033, 1059, 1060, -1,
      1033, 1060, 1034, -1,
      1034, 1060, 1061, -1,
      1034, 1061, 1035, -1,
      1035, 1061, 1062, -1,
      1035, 1062, 1036, -1,
      1036, 1062, 1063, -1,
      1036, 1063, 1037, -1,
      1037, 1063, 1064, -1,
      1037, 1064, 1038, -1,
      1038, 1064, 1065, -1,
      1038, 1065, 1039, -1,
      1039, 1065, 1066, -1,
      1039, 1066, 1040, -1,
      1040, 1066, 1067, -1,
      1040, 1067, 1041, -1,
      1041, 1067, 1068, -1,
      1041, 1068, 1042, -1,
      1042, 1068, 911, -1,
      1042, 911, 906, -1,
      906, 911, 912, -1,
      906, 912, 907, -1,
      976, 978, 982, -1,
      982, 978, 1069, -1,
      982, 1069, 1043, -1,
      1043, 1069, 1070, -1,
      1043, 1070, 1044, -1,
      1044, 1070, 1071, -1,
      1044, 1071, 1045, -1,
      1045, 1071, 1072, -1,
      1045, 1072, 1046, -1,
      1046, 1072, 1073, -1,
      1046, 1073, 1047, -1,
      1047, 1073, 1074, -1,
      1047, 1074, 1048, -1,
      1048, 1074, 1075, -1,
      1048, 1075, 1049, -1,
      1049, 1075, 1076, -1,
      1049, 1076, 1050, -1,
      1050, 1076, 1077, -1,
      1050, 1077, 1051, -1,
      1051, 1077, 1078, -1,
      1051, 1078, 1052, -1,
      1052, 1078, 1079, -1,
      1052, 1079, 1053, -1,
      1053, 1079, 1080, -1,
      1053, 1080, 1054, -1,
      1054, 1080, 1081, -1,
      1054, 1081, 1055, -1,
      1055, 1081, 1082, -1,
      1055, 1082, 1056, -1,
      1056, 1082, 1083, -1,
      1056, 1083, 1057, -1,
      1057, 1083, 1084, -1,
      1057, 1084, 1058, -1,
      1058, 1084, 1085, -1,
      1058, 1085, 1059, -1,
      1059, 1085, 1086, -1,
      1059, 1086, 1060, -1,
      1060, 1086, 1087, -1,
      1060, 1087, 1061, -1,
      1061, 1087, 1088, -1,
      1061, 1088, 1062, -1,
      1062, 1088, 1089, -1,
      1062, 1089, 1063, -1,
      1063, 1089, 1090, -1,
      1063, 1090, 1064, -1,
      1064, 1090, 1091, -1,
      1064, 1091, 1065, -1,
      1065, 1091, 1092, -1,
      1065, 1092, 1066, -1,
      1066, 1092, 1093, -1,
      1066, 1093, 1067, -1,
      1067, 1093, 1094, -1,
      1067, 1094, 1068, -1,
      1068, 1094, 913, -1,
      1068, 913, 911, -1,
      911, 913, 915, -1,
      911, 915, 909, -1,
      820, 822, 978, -1,
      978, 822, 972, -1,
      978, 972, 1069, -1,
      1069, 972, 970, -1,
      1069, 970, 1070, -1,
      1070, 970, 968, -1,
      1070, 968, 1071, -1,
      1071, 968, 966, -1,
      1071, 966, 1072, -1,
      1072, 966, 964, -1,
      1072, 964, 1073, -1,
      1073, 964, 962, -1,
      1073, 962, 1074, -1,
      1074, 962, 960, -1,
      1074, 960, 1075, -1,
      1075, 960, 958, -1,
      1075, 958, 1076, -1,
      1076, 958, 956, -1,
      1076, 956, 1077, -1,
      1077, 956, 954, -1,
      1077, 954, 1078, -1,
      1078, 954, 952, -1,
      1078, 952, 1079, -1,
      1079, 952, 950, -1,
      1079, 950, 1080, -1,
      1080, 950, 948, -1,
      1080, 948, 1081, -1,
      1081, 948, 946, -1,
      1081, 946, 1082, -1,
      1082, 946, 944, -1,
      1082, 944, 1083, -1,
      1083, 944, 942, -1,
      1083, 942, 1084, -1,
      1084, 942, 940, -1,
      1084, 940, 1085, -1,
      1085, 940, 938, -1,
      1085, 938, 1086, -1,
      1086, 938, 936, -1,
      1086, 936, 1087, -1,
      1087, 936, 934, -1,
      1087, 934, 1088, -1,
      1088, 934, 932, -1,
      1088, 932, 1089, -1,
      1089, 932, 930, -1,
      1089, 930, 1090, -1,
      1090, 930, 928, -1,
      1090, 928, 1091, -1,
      1091, 928, 926, -1,
      1091, 926, 1092, -1,
      1092, 926, 924, -1,
      1092, 924, 1093, -1,
      1093, 924, 922, -1,
      1093, 922, 1094, -1,
      1094, 922, 918, -1,
      1094, 918, 913, -1,
      913, 918, 919, -1,
      913, 919, 914, -1,
      1095, 1096, 1097, -1,
      1097, 1096, 1098, -1,
      1097, 1098, 1099, -1,
      1099, 1098, 1100, -1,
      1099, 1100, 1101, -1,
      1102, 1103, 1104, -1,
      1104, 1103, 1105, -1,
      1104, 1105, 1106, -1,
      1106, 1105, 1107, -1,
      1106, 1107, 1108, -1,
      7, 14, 6, -1,
      6, 14, 15, -1,
      6, 15, 3, -1,
      3, 15, 10, -1,
      3, 10, 2, -1,
      2, 10, 11, -1,
      4, 6, 1106, -1,
      152, 150, 1106, -1,
      1106, 1108, 134, -1,
      150, 149, 1106, -1,
      1106, 149, 154, -1,
      1106, 154, 4, -1,
      134, 133, 1106, -1,
      1106, 133, 138, -1,
      1106, 138, 136, -1,
      136, 135, 1106, -1,
      1106, 135, 141, -1,
      1106, 141, 140, -1,
      140, 145, 1106, -1,
      1106, 145, 143, -1,
      1106, 143, 142, -1,
      142, 148, 1106, -1,
      1106, 148, 147, -1,
      1106, 147, 152, -1,
      7, 5, 1109, -1,
      14, 7, 1110, -1,
      1110, 7, 1109, -1,
      12, 14, 1110, -1,
      1097, 15, 13, -1,
      220, 223, 53, -1,
      1097, 13, 1095, -1,
      1095, 13, 208, -1,
      1095, 208, 53, -1,
      212, 210, 221, -1,
      223, 57, 53, -1,
      53, 57, 56, -1,
      53, 56, 1095, -1,
      220, 53, 221, -1,
      221, 53, 52, -1,
      221, 52, 212, -1,
      210, 209, 221, -1,
      221, 209, 214, -1,
      221, 214, 213, -1,
      213, 219, 221, -1,
      221, 219, 217, -1,
      221, 217, 216, -1,
      8, 10, 1099, -1,
      919, 917, 1099, -1,
      1099, 1101, 901, -1,
      917, 916, 1099, -1,
      1099, 916, 921, -1,
      1099, 921, 8, -1,
      901, 900, 1099, -1,
      1099, 900, 905, -1,
      1099, 905, 903, -1,
      903, 902, 1099, -1,
      1099, 902, 908, -1,
      1099, 908, 907, -1,
      907, 912, 1099, -1,
      1099, 912, 910, -1,
      1099, 910, 909, -1,
      909, 915, 1099, -1,
      1099, 915, 914, -1,
      1099, 914, 919, -1,
      11, 9, 1111, -1,
      2, 11, 1112, -1,
      1112, 11, 1111, -1,
      0, 2, 1112, -1,
      3, 1, 1104, -1,
      1104, 1, 975, -1,
      1104, 975, 821, -1,
      987, 990, 1104, -1,
      981, 1104, 976, -1,
      976, 1104, 977, -1,
      981, 980, 1104, -1,
      1104, 980, 986, -1,
      1104, 986, 984, -1,
      821, 820, 1104, -1,
      1104, 820, 979, -1,
      1104, 979, 977, -1,
      984, 983, 1104, -1,
      1104, 983, 988, -1,
      1104, 988, 987, -1,
      990, 825, 1104, -1,
      1104, 825, 824, -1,
      1104, 824, 1102, -1,
      652, 1113, 1114, -1,
      1115, 488, 1116, -1,
      1116, 488, 487, -1,
      1116, 487, 1117, -1,
      1118, 498, 1115, -1,
      1115, 498, 682, -1,
      1115, 682, 488, -1,
      1119, 803, 1120, -1,
      1120, 803, 802, -1,
      1120, 802, 1121, -1,
      1122, 819, 1119, -1,
      1119, 819, 812, -1,
      1119, 812, 803, -1,
      1123, 619, 1124, -1,
      1124, 619, 444, -1,
      1124, 444, 1125, -1,
      1126, 691, 1118, -1,
      1118, 691, 499, -1,
      1118, 499, 498, -1,
      1127, 509, 1128, -1,
      1128, 509, 713, -1,
      1128, 713, 1129, -1,
      1130, 722, 1127, -1,
      1127, 722, 510, -1,
      1127, 510, 509, -1,
      1131, 741, 1132, -1,
      1132, 741, 732, -1,
      1132, 732, 1133, -1,
      1134, 753, 1131, -1,
      1131, 753, 746, -1,
      1131, 746, 741, -1,
      1135, 421, 1122, -1,
      1122, 421, 564, -1,
      1122, 564, 819, -1,
      1136, 579, 1135, -1,
      1135, 579, 422, -1,
      1135, 422, 421, -1,
      1137, 588, 1138, -1,
      1138, 588, 433, -1,
      1138, 433, 1136, -1,
      1136, 433, 432, -1,
      1136, 432, 579, -1,
      1139, 455, 1123, -1,
      1123, 455, 454, -1,
      1123, 454, 619, -1,
      487, 669, 1117, -1,
      1117, 669, 668, -1,
      1117, 668, 1114, -1,
      1114, 668, 661, -1,
      1114, 661, 652, -1,
      713, 706, 1129, -1,
      1129, 706, 701, -1,
      1129, 701, 1126, -1,
      1126, 701, 692, -1,
      1126, 692, 691, -1,
      732, 731, 1133, -1,
      1133, 731, 521, -1,
      1133, 521, 1130, -1,
      1130, 521, 520, -1,
      1130, 520, 722, -1,
      1140, 629, 1139, -1,
      1139, 629, 628, -1,
      1139, 628, 455, -1,
      1141, 466, 1140, -1,
      1140, 466, 465, -1,
      1140, 465, 629, -1,
      652, 651, 1113, -1,
      1113, 651, 477, -1,
      1113, 477, 1142, -1,
      1142, 477, 476, -1,
      1142, 476, 1141, -1,
      1141, 476, 642, -1,
      1141, 642, 466, -1,
      1143, 532, 1134, -1,
      1134, 532, 531, -1,
      1134, 531, 753, -1,
      1144, 780, 1145, -1,
      1145, 780, 779, -1,
      1145, 779, 1146, -1,
      1147, 598, 1137, -1,
      1137, 598, 589, -1,
      1137, 589, 588, -1,
      444, 443, 1125, -1,
      1125, 443, 610, -1,
      1125, 610, 1147, -1,
      1147, 610, 603, -1,
      1147, 603, 598, -1,
      779, 772, 1146, -1,
      1146, 772, 763, -1,
      1146, 763, 1143, -1,
      1143, 763, 762, -1,
      1143, 762, 532, -1,
      1148, 543, 1144, -1,
      1144, 543, 542, -1,
      1144, 542, 780, -1,
      802, 554, 1121, -1,
      1121, 554, 553, -1,
      1121, 553, 1148, -1,
      1148, 553, 793, -1,
      1148, 793, 543, -1,
      352, 1096, 353, -1,
      353, 1096, 1095, -1,
      353, 1095, 355, -1,
      352, 747, 1096, -1,
      1096, 747, 754, -1,
      1096, 754, 1098, -1,
      347, 346, 1101, -1,
      1101, 346, 896, -1,
      1101, 896, 901, -1,
      754, 755, 1098, -1,
      1098, 755, 350, -1,
      1098, 350, 1100, -1,
      1100, 350, 349, -1,
      1100, 349, 1101, -1,
      1101, 349, 756, -1,
      1101, 756, 347, -1,
      1102, 613, 620, -1,
      1102, 620, 1103, -1,
      613, 1102, 403, -1,
      403, 1102, 824, -1,
      403, 824, 823, -1,
      400, 1105, 401, -1,
      401, 1105, 1103, -1,
      401, 1103, 621, -1,
      621, 1103, 620, -1,
      400, 622, 1105, -1,
      1105, 622, 398, -1,
      1105, 398, 1107, -1,
      132, 134, 1108, -1,
      130, 132, 635, -1,
      635, 132, 1108, -1,
      635, 1108, 634, -1,
      634, 1108, 1107, -1,
      634, 1107, 397, -1,
      397, 1107, 398, -1,
      840, 412, 410, -1,
      840, 410, 838, -1,
      823, 827, 403, -1,
      403, 827, 829, -1,
      403, 829, 404, -1,
      404, 829, 831, -1,
      404, 831, 612, -1,
      612, 831, 832, -1,
      612, 832, 611, -1,
      611, 832, 833, -1,
      611, 833, 604, -1,
      604, 833, 835, -1,
      604, 835, 406, -1,
      406, 835, 837, -1,
      406, 837, 407, -1,
      407, 837, 838, -1,
      407, 838, 409, -1,
      409, 838, 410, -1,
      130, 635, 129, -1,
      129, 635, 395, -1,
      129, 395, 127, -1,
      127, 395, 394, -1,
      127, 394, 126, -1,
      117, 119, 391, -1,
      391, 119, 121, -1,
      391, 121, 392, -1,
      392, 121, 123, -1,
      392, 123, 644, -1,
      644, 123, 124, -1,
      644, 124, 643, -1,
      643, 124, 126, -1,
      643, 126, 636, -1,
      636, 126, 394, -1,
      115, 113, 385, -1,
      385, 113, 111, -1,
      385, 111, 386, -1,
      386, 111, 109, -1,
      386, 109, 388, -1,
      388, 109, 108, -1,
      388, 108, 389, -1,
      389, 108, 117, -1,
      389, 117, 645, -1,
      645, 117, 391, -1,
      98, 100, 379, -1,
      379, 100, 102, -1,
      379, 102, 380, -1,
      380, 102, 104, -1,
      380, 104, 675, -1,
      675, 104, 105, -1,
      675, 105, 674, -1,
      674, 105, 107, -1,
      674, 107, 382, -1,
      382, 107, 116, -1,
      382, 116, 383, -1,
      383, 116, 115, -1,
      383, 115, 662, -1,
      662, 115, 385, -1,
      379, 676, 98, -1,
      98, 676, 683, -1,
      98, 683, 89, -1,
      89, 683, 684, -1,
      89, 684, 90, -1,
      90, 684, 377, -1,
      90, 377, 92, -1,
      92, 377, 376, -1,
      92, 376, 94, -1,
      94, 376, 685, -1,
      94, 685, 96, -1,
      96, 685, 374, -1,
      96, 374, 97, -1,
      97, 374, 373, -1,
      97, 373, 88, -1,
      88, 373, 371, -1,
      88, 371, 86, -1,
      86, 371, 370, -1,
      86, 370, 84, -1,
      84, 370, 368, -1,
      84, 368, 83, -1,
      83, 368, 367, -1,
      83, 367, 81, -1,
      81, 367, 80, -1,
      367, 707, 80, -1,
      80, 707, 714, -1,
      80, 714, 78, -1,
      78, 714, 715, -1,
      78, 715, 77, -1,
      77, 715, 365, -1,
      77, 365, 75, -1,
      75, 365, 364, -1,
      75, 364, 73, -1,
      73, 364, 716, -1,
      73, 716, 71, -1,
      71, 716, 723, -1,
      71, 723, 62, -1,
      62, 723, 724, -1,
      62, 724, 63, -1,
      63, 724, 362, -1,
      63, 362, 65, -1,
      65, 362, 361, -1,
      65, 361, 67, -1,
      67, 361, 725, -1,
      67, 725, 69, -1,
      69, 725, 359, -1,
      69, 359, 70, -1,
      70, 359, 358, -1,
      70, 358, 61, -1,
      61, 358, 356, -1,
      61, 356, 59, -1,
      59, 356, 355, -1,
      59, 355, 55, -1,
      55, 355, 1095, -1,
      55, 1095, 56, -1,
      894, 892, 343, -1,
      343, 892, 890, -1,
      343, 890, 344, -1,
      344, 890, 898, -1,
      344, 898, 346, -1,
      346, 898, 897, -1,
      346, 897, 896, -1,
      879, 881, 337, -1,
      337, 881, 883, -1,
      337, 883, 338, -1,
      338, 883, 885, -1,
      338, 885, 786, -1,
      786, 885, 886, -1,
      786, 886, 785, -1,
      785, 886, 888, -1,
      785, 888, 340, -1,
      340, 888, 895, -1,
      340, 895, 341, -1,
      341, 895, 894, -1,
      341, 894, 773, -1,
      773, 894, 343, -1,
      877, 875, 334, -1,
      334, 875, 873, -1,
      334, 873, 335, -1,
      335, 873, 871, -1,
      335, 871, 795, -1,
      795, 871, 870, -1,
      795, 870, 794, -1,
      794, 870, 879, -1,
      794, 879, 787, -1,
      787, 879, 337, -1,
      328, 867, 329, -1,
      329, 867, 869, -1,
      329, 869, 331, -1,
      331, 869, 878, -1,
      331, 878, 332, -1,
      332, 878, 877, -1,
      332, 877, 796, -1,
      796, 877, 334, -1,
      840, 842, 412, -1,
      412, 842, 851, -1,
      412, 851, 413, -1,
      413, 851, 850, -1,
      413, 850, 582, -1,
      582, 850, 848, -1,
      582, 848, 415, -1,
      415, 848, 846, -1,
      415, 846, 416, -1,
      416, 846, 844, -1,
      416, 844, 581, -1,
      581, 844, 843, -1,
      581, 843, 580, -1,
      580, 843, 852, -1,
      580, 852, 573, -1,
      573, 852, 854, -1,
      573, 854, 418, -1,
      418, 854, 856, -1,
      418, 856, 419, -1,
      419, 856, 858, -1,
      419, 858, 572, -1,
      572, 858, 859, -1,
      572, 859, 571, -1,
      571, 859, 861, -1,
      571, 861, 570, -1,
      570, 861, 862, -1,
      570, 862, 813, -1,
      813, 862, 864, -1,
      813, 864, 328, -1,
      328, 864, 865, -1,
      328, 865, 867, -1,
      35, 34, 1149, -1,
      1149, 34, 33, -1,
      1149, 33, 32, -1,
      38, 37, 1149, -1,
      1149, 37, 36, -1,
      1149, 36, 35, -1,
      41, 40, 1149, -1,
      1149, 40, 39, -1,
      1149, 39, 38, -1,
      44, 43, 1149, -1,
      1149, 43, 42, -1,
      1149, 42, 41, -1,
      47, 46, 1149, -1,
      1149, 46, 45, -1,
      1149, 45, 44, -1,
      50, 49, 1149, -1,
      1149, 49, 48, -1,
      1149, 48, 47, -1,
      17, 16, 1149, -1,
      1149, 16, 51, -1,
      1149, 51, 50, -1,
      20, 19, 1149, -1,
      1149, 19, 18, -1,
      1149, 18, 17, -1,
      23, 22, 1149, -1,
      1149, 22, 21, -1,
      1149, 21, 20, -1,
      26, 25, 1149, -1,
      1149, 25, 24, -1,
      1149, 24, 23, -1,
      29, 28, 1149, -1,
      1149, 28, 27, -1,
      1149, 27, 26, -1,
      32, 31, 1149, -1,
      1149, 31, 30, -1,
      1149, 30, 29, -1,
    ]
  }
}

Shape {
  appearance Appearance {
    material Material {
      diffuseColor 0.6392 0.6667 0.6863
      specularColor 0.6392 0.6667 0.6863
      ambientIntensity 0.2
      transparency 0.0000
      shininess 0.5
    }
  }
  geometry IndexedFaceSet {
    ccw TRUE
    solid FALSE
    coord DEF co Coordinate {
      point [
        1.456693 0.000000 0.531496,
        1.449515 0.082039 0.531496,
        1.428201 0.161584 0.531496,
        1.393398 0.236220 0.531496,
        1.346163 0.303679 0.531496,
        1.287931 0.361911 0.531496,
        1.220472 0.409146 0.531496,
        1.145836 0.443949 0.531496,
        1.066291 0.465263 0.531496,
        0.984252 0.472441 0.531496,
        0.902213 0.465263 0.531496,
        0.822668 0.443949 0.531496,
        0.748031 0.409146 0.531496,
        0.680573 0.361911 0.531496,
        0.622341 0.303679 0.531496,
        0.575106 0.236220 0.531496,
        0.540303 0.161584 0.531496,
        0.518989 0.082039 0.531496,
        0.511811 0.000000 0.531496,
        0.518989 -0.082039 0.531496,
        0.540303 -0.161584 0.531496,
        0.575106 -0.236220 0.531496,
        0.622341 -0.303679 0.531496,
        0.680573 -0.361911 0.531496,
        0.748031 -0.409146 0.531496,
        0.822668 -0.443949 0.531496,
        0.902213 -0.465263 0.531496,
        0.984252 -0.472441 0.531496,
        1.066291 -0.465263 0.531496,
        1.145836 -0.443949 0.531496,
        1.220472 -0.409146 0.531496,
        1.287931 -0.361911 0.531496,
        1.346163 -0.303679 0.531496,
        1.393398 -0.236220 0.531496,
        1.428201 -0.161584 0.531496,
        1.449515 -0.082039 0.531496,
        1.287931 -0.361911 1.712598,
        1.346163 -0.303679 1.712598,
        1.449515 -0.082039 1.712598,
        1.428201 -0.161584 1.712598,
        1.393398 -0.236220 1.712598,
        1.456693 0.000000 1.712598,
        0.518989 0.082039 1.712598,
        0.540303 0.161584 1.712598,
        0.575106 0.236220 1.712598,
        0.511811 0.000000 1.712598,
        0.902213 -0.465263 1.712598,
        0.822668 -0.443949 1.712598,
        0.748031 -0.409146 1.712598,
        1.449515 0.082039 1.712598,
        1.346163 0.303679 1.712598,
        1.393398 0.236220 1.712598,
        1.428201 0.161584 1.712598,
        1.287931 0.361911 1.712598,
        1.066291 0.465263 1.712598,
        1.145836 0.443949 1.712598,
        1.220472 0.409146 1.712598,
        0.984252 0.472441 1.712598,
        0.518989 -0.082039 1.712598,
        0.540303 -0.161584 1.712598,
        0.622341 -0.303679 1.712598,
        0.575106 -0.236220 1.712598,
        0.984252 -0.472441 1.712598,
        1.066291 -0.465263 1.712598,
        1.145836 -0.443949 1.712598,
        1.220472 -0.409146 1.712598,
        0.902213 0.465263 1.712598,
        0.680573 0.361911 1.712598,
        0.748031 0.409146 1.712598,
        0.822668 0.443949 1.712598,
        0.680573 -0.361911 1.712598,
        0.622341 0.303679 1.712598,
      ]
    }
    coordIndex [
      18, 42, 17, -1,
      17, 42, 43, -1,
      17, 43, 16, -1,
      16, 43, 44, -1,
      16, 44, 15, -1,
      15, 44, 71, -1,
      15, 71, 14, -1,
      14, 71, 67, -1,
      14, 67, 13, -1,
      13, 67, 68, -1,
      13, 68, 12, -1,
      12, 68, 69, -1,
      12, 69, 11, -1,
      11, 69, 66, -1,
      11, 66, 10, -1,
      10, 66, 57, -1,
      10, 57, 9, -1,
      9, 57, 54, -1,
      9, 54, 8, -1,
      8, 54, 55, -1,
      8, 55, 7, -1,
      7, 55, 56, -1,
      7, 56, 6, -1,
      6, 56, 53, -1,
      6, 53, 5, -1,
      5, 53, 50, -1,
      5, 50, 4, -1,
      4, 50, 51, -1,
      4, 51, 3, -1,
      3, 51, 52, -1,
      3, 52, 2, -1,
      2, 52, 49, -1,
      2, 49, 1, -1,
      1, 49, 41, -1,
      1, 41, 0, -1,
      0, 41, 38, -1,
      0, 38, 35, -1,
      35, 38, 39, -1,
      35, 39, 34, -1,
      34, 39, 40, -1,
      34, 40, 33, -1,
      33, 40, 37, -1,
      33, 37, 32, -1,
      32, 37, 36, -1,
      32, 36, 31, -1,
      31, 36, 65, -1,
      31, 65, 30, -1,
      30, 65, 64, -1,
      30, 64, 29, -1,
      29, 64, 63, -1,
      29, 63, 28, -1,
      28, 63, 62, -1,
      28, 62, 27, -1,
      27, 62, 46, -1,
      27, 46, 26, -1,
      26, 46, 47, -1,
      26, 47, 25, -1,
      25, 47, 48, -1,
      25, 48, 24, -1,
      24, 48, 70, -1,
      24, 70, 23, -1,
      23, 70, 60, -1,
      23, 60, 22, -1,
      22, 60, 61, -1,
      22, 61, 21, -1,
      21, 61, 59, -1,
      21, 59, 20, -1,
      20, 59, 58, -1,
      20, 58, 19, -1,
      19, 58, 45, -1,
      19, 45, 18, -1,
      18, 45, 42, -1,
    ]
  }
}

Shape {
  appearance Appearance {
    material Material {
      diffuseColor 0.7373 0.7765 0.8000
      specularColor 0.7373 0.7765 0.8000
      ambientIntensity 0.2
      transparency 0.0000
      shininess 0.5
    }
  }
  geometry IndexedFaceSet {
    ccw TRUE
    solid FALSE
    coord DEF co Coordinate {
      point [
        0.816929 -0.147638 2.303150,
        0.836614 -0.167323 2.303150,
        0.836614 -0.167323 1.712598,
        1.131890 -0.167323 2.303150,
        1.151575 -0.147638 2.303150,
        1.131890 -0.167323 1.712598,
        0.836614 0.167323 2.303150,
        0.816929 0.147638 2.303150,
        0.836614 0.167323 1.712598,
        1.151575 0.147638 2.303150,
        1.131890 0.167323 2.303150,
        1.131890 0.167323 1.712598,
        1.138942 -0.630919 2.303150,
        1.131890 -0.632607 2.303150,
        1.200265 -0.612639 2.303150,
        1.259491 -0.588415 2.303150,
        1.316048 -0.558480 2.303150,
        1.369384 -0.523127 2.303150,
        1.418984 -0.482697 2.303150,
        1.464365 -0.437584 2.303150,
        1.505088 -0.388225 2.303150,
        1.540757 -0.335098 2.303150,
        1.571026 -0.278720 2.303150,
        1.595601 -0.219638 2.303150,
        1.614244 -0.158425 2.303150,
        1.626774 -0.095674 2.303150,
        1.633070 -0.031995 2.303150,
        1.633070 0.031995 2.303150,
        1.626774 0.095674 2.303150,
        1.614244 0.158425 2.303150,
        1.595601 0.219638 2.303150,
        1.571026 0.278720 2.303150,
        1.540757 0.335098 2.303150,
        1.505088 0.388225 2.303150,
        1.464365 0.437584 2.303150,
        1.418984 0.482697 2.303150,
        1.369384 0.523127 2.303150,
        1.316048 0.558480 2.303150,
        1.259491 0.588415 2.303150,
        1.200265 0.612639 2.303150,
        1.138942 0.630919 2.303150,
        1.131890 0.632607 2.303150,
        0.829562 0.630919 2.303150,
        0.836614 0.632607 2.303150,
        0.768239 0.612639 2.303150,
        0.709013 0.588415 2.303150,
        0.652456 0.558480 2.303150,
        0.599120 0.523127 2.303150,
        0.549520 0.482697 2.303150,
        0.504139 0.437584 2.303150,
        0.463416 0.388225 2.303150,
        0.427747 0.335098 2.303150,
        0.397478 0.278720 2.303150,
        0.372903 0.219638 2.303150,
        0.354260 0.158425 2.303150,
        0.341730 0.095674 2.303150,
        0.335434 0.031995 2.303150,
        0.335434 -0.031995 2.303150,
        0.341730 -0.095674 2.303150,
        0.354260 -0.158425 2.303150,
        0.372903 -0.219638 2.303150,
        0.397478 -0.278720 2.303150,
        0.427747 -0.335098 2.303150,
        0.463416 -0.388225 2.303150,
        0.504139 -0.437584 2.303150,
        0.549520 -0.482697 2.303150,
        0.599120 -0.523127 2.303150,
        0.652456 -0.558480 2.303150,
        0.709013 -0.588415 2.303150,
        0.768239 -0.612639 2.303150,
        0.829562 -0.630919 2.303150,
        0.836614 -0.632607 2.303150,
        1.131890 0.367551 1.988189,
        0.836614 0.367551 1.988189,
        0.836614 -0.367551 1.988189,
        1.131890 -0.367551 1.988189,
        1.580635 -0.147638 2.303150,
        1.580635 0.147638 2.303150,
        0.387869 0.147638 2.303150,
        0.387869 -0.147638 2.303150,
      ]
    }
    coordIndex [
      70, 71, 1, -1,
      70, 1, 69, -1,
      55, 56, 78, -1,
      6, 43, 42, -1,
      66, 67, 1, -1,
      1, 67, 68, -1,
      1, 68, 69, -1,
      78, 56, 79, -1,
      79, 56, 57, -1,
      79, 57, 58, -1,
      6, 49, 7, -1,
      7, 49, 50, -1,
      7, 50, 51, -1,
      62, 63, 0, -1,
      0, 63, 64, -1,
      0, 64, 1, -1,
      1, 64, 65, -1,
      1, 65, 66, -1,
      51, 52, 7, -1,
      7, 52, 53, -1,
      7, 53, 78, -1,
      78, 53, 54, -1,
      78, 54, 55, -1,
      58, 59, 79, -1,
      79, 59, 60, -1,
      79, 60, 0, -1,
      0, 60, 61, -1,
      0, 61, 62, -1,
      42, 44, 6, -1,
      6, 44, 45, -1,
      6, 45, 46, -1,
      46, 47, 6, -1,
      6, 47, 48, -1,
      6, 48, 49, -1,
      75, 5, 74, -1,
      74, 5, 2, -1,
      73, 8, 72, -1,
      72, 8, 11, -1,
      40, 41, 10, -1,
      76, 25, 26, -1,
      37, 38, 10, -1,
      10, 38, 39, -1,
      10, 39, 40, -1,
      32, 33, 9, -1,
      76, 26, 77, -1,
      77, 26, 27, -1,
      77, 27, 28, -1,
      13, 12, 3, -1,
      3, 12, 14, -1,
      21, 22, 4, -1,
      4, 22, 23, -1,
      4, 23, 76, -1,
      76, 23, 24, -1,
      76, 24, 25, -1,
      28, 29, 77, -1,
      77, 29, 30, -1,
      77, 30, 9, -1,
      9, 30, 31, -1,
      9, 31, 32, -1,
      14, 15, 3, -1,
      3, 15, 16, -1,
      3, 16, 17, -1,
      33, 34, 9, -1,
      9, 34, 35, -1,
      9, 35, 10, -1,
      10, 35, 36, -1,
      10, 36, 37, -1,
      17, 18, 3, -1,
      3, 18, 19, -1,
      3, 19, 4, -1,
      4, 19, 20, -1,
      4, 20, 21, -1,
    ]
  }
}

Shape {
  appearance Appearance {
    material Material {
      diffuseColor 0.6980 0.6980 0.6980
      specularColor 0.6980 0.6980 0.6980
      ambientIntensity 0.2
      transparency 0.0000
      shininess 0.5
    }
  }
  geometry IndexedFaceSet {
    ccw TRUE
    solid FALSE
    coord DEF co Coordinate {
      point [
        0.866142 -0.116535 -3.011811,
        1.102362 -0.116535 -3.011811,
        1.102362 -0.147105 -3.007787,
        0.866142 -0.147105 -3.007787,
        1.102362 -0.175591 -2.995987,
        0.866142 -0.175591 -2.995987,
        1.102362 -0.200052 -2.977217,
        0.866142 -0.200052 -2.977217,
        1.102362 -0.218822 -2.952756,
        0.866142 -0.218822 -2.952756,
        1.102362 -0.230621 -2.924270,
        0.866142 -0.230621 -2.924270,
        1.102362 -0.234646 -2.893701,
        0.866142 -0.234646 -2.893701,
        0.866142 0.157480 -2.893701,
        1.102362 0.157480 -2.893701,
        1.102362 0.153456 -2.924270,
        0.866142 0.153456 -2.924270,
        1.102362 0.141657 -2.952756,
        0.866142 0.141657 -2.952756,
        1.102362 0.122887 -2.977217,
        0.866142 0.122887 -2.977217,
        1.102362 0.098425 -2.995987,
        0.866142 0.098425 -2.995987,
        1.102362 0.069939 -3.007787,
        0.866142 0.069939 -3.007787,
        1.102362 0.039370 -3.011811,
        0.866142 0.039370 -3.011811,
        1.102362 -0.234646 -1.086614,
        1.102362 0.157480 -1.086614,
        1.102496 -0.234646 -1.085595,
        1.102496 0.157480 -1.085595,
        1.102890 -0.234646 -1.084646,
        1.102890 0.157480 -1.084646,
        1.103515 -0.234646 -1.083830,
        1.103515 0.157480 -1.083830,
        1.104331 -0.234646 -1.083205,
        1.104331 0.157480 -1.083205,
        1.105280 -0.234646 -1.082811,
        1.105280 0.157480 -1.082811,
        1.106299 -0.234646 -1.082677,
        1.106299 0.157480 -1.082677,
        1.106299 -0.234646 -0.846457,
        1.106299 0.157480 -0.846457,
        1.044142 0.157480 -0.854640,
        1.044142 -0.234646 -0.854640,
        0.986220 0.157480 -0.878632,
        0.986220 -0.234646 -0.878632,
        0.936482 0.157480 -0.916797,
        0.936482 -0.234646 -0.916797,
        0.898317 0.157480 -0.966535,
        0.898317 -0.234646 -0.966535,
        0.874325 0.157480 -1.024457,
        0.874325 -0.234646 -1.024457,
        0.866142 0.157480 -1.086614,
        0.866142 -0.234646 -1.086614,
        0.440945 0.158268 0.374016,
        0.204724 0.158268 0.374016,
        0.440945 0.158268 -0.842520,
        0.204724 0.158268 -0.842520,
        0.441079 0.158268 -0.843539,
        0.212907 0.158268 -0.904677,
        0.441472 0.158268 -0.844488,
        0.236900 0.158268 -0.962598,
        0.442098 0.158268 -0.845304,
        0.275065 0.158268 -1.012337,
        0.442913 0.158268 -0.845929,
        0.324803 0.158268 -1.050502,
        0.443863 0.158268 -0.846322,
        0.382724 0.158268 -1.074494,
        0.444882 0.158268 -0.846457,
        0.444882 0.158268 -1.082677,
        1.106299 0.158268 -0.846457,
        1.106299 0.158268 -1.082677,
        0.204724 -0.235433 0.374016,
        0.440945 -0.235433 0.374016,
        1.106299 -0.235433 -0.846457,
        1.106299 -0.235433 -1.082677,
        0.444882 -0.235433 -0.846457,
        0.444882 -0.235433 -1.082677,
        0.443863 -0.235433 -0.846322,
        0.382724 -0.235433 -1.074494,
        0.442913 -0.235433 -0.845929,
        0.324803 -0.235433 -1.050502,
        0.442098 -0.235433 -0.845304,
        0.275065 -0.235433 -1.012337,
        0.441472 -0.235433 -0.844488,
        0.236900 -0.235433 -0.962598,
        0.441079 -0.235433 -0.843539,
        0.212907 -0.235433 -0.904677,
        0.440945 -0.235433 -0.842520,
        0.204724 -0.235433 -0.842520,
      ]
    }
    coordIndex [
      0, 1, 2, -1,
      0, 2, 3, -1,
      3, 2, 4, -1,
      3, 4, 5, -1,
      5, 4, 6, -1,
      5, 6, 7, -1,
      7, 6, 8, -1,
      7, 8, 9, -1,
      9, 8, 10, -1,
      9, 10, 11, -1,
      11, 10, 12, -1,
      11, 12, 13, -1,
      14, 15, 16, -1,
      14, 16, 17, -1,
      17, 16, 18, -1,
      17, 18, 19, -1,
      19, 18, 20, -1,
      19, 20, 21, -1,
      21, 20, 22, -1,
      21, 22, 23, -1,
      23, 22, 24, -1,
      23, 24, 25, -1,
      25, 24, 26, -1,
      25, 26, 27, -1,
      28, 29, 30, -1,
      30, 29, 31, -1,
      30, 31, 32, -1,
      32, 31, 33, -1,
      32, 33, 34, -1,
      34, 33, 35, -1,
      34, 35, 36, -1,
      36, 35, 37, -1,
      36, 37, 38, -1,
      38, 37, 39, -1,
      38, 39, 40, -1,
      40, 39, 41, -1,
      42, 43, 44, -1,
      42, 44, 45, -1,
      45, 44, 46, -1,
      45, 46, 47, -1,
      47, 46, 48, -1,
      47, 48, 49, -1,
      49, 48, 50, -1,
      49, 50, 51, -1,
      51, 50, 52, -1,
      51, 52, 53, -1,
      53, 52, 54, -1,
      53, 54, 55, -1,
      0, 27, 1, -1,
      1, 27, 26, -1,
      2, 1, 12, -1,
      12, 1, 15, -1,
      12, 15, 28, -1,
      28, 15, 29, -1,
      10, 8, 6, -1,
      10, 6, 12, -1,
      12, 6, 4, -1,
      12, 4, 2, -1,
      1, 26, 15, -1,
      15, 26, 24, -1,
      15, 24, 22, -1,
      22, 20, 15, -1,
      15, 20, 18, -1,
      15, 18, 16, -1,
      25, 27, 14, -1,
      55, 54, 13, -1,
      13, 54, 14, -1,
      17, 19, 21, -1,
      14, 27, 13, -1,
      13, 27, 0, -1,
      13, 0, 3, -1,
      17, 21, 14, -1,
      14, 21, 23, -1,
      14, 23, 25, -1,
      3, 5, 13, -1,
      13, 5, 7, -1,
      13, 7, 11, -1,
      11, 7, 9, -1,
      15, 14, 29, -1,
      29, 14, 54, -1,
      29, 54, 31, -1,
      31, 54, 52, -1,
      31, 52, 33, -1,
      33, 52, 50, -1,
      33, 50, 35, -1,
      35, 50, 48, -1,
      35, 48, 37, -1,
      37, 48, 46, -1,
      37, 46, 39, -1,
      39, 46, 44, -1,
      39, 44, 41, -1,
      41, 44, 43, -1,
      40, 42, 38, -1,
      38, 42, 45, -1,
      38, 45, 36, -1,
      36, 45, 47, -1,
      36, 47, 34, -1,
      34, 47, 49, -1,
      34, 49, 32, -1,
      32, 49, 51, -1,
      32, 51, 30, -1,
      30, 51, 53, -1,
      30, 53, 28, -1,
      28, 53, 55, -1,
      28, 55, 12, -1,
      12, 55, 13, -1,
      56, 57, 58, -1,
      58, 57, 59, -1,
      58, 59, 60, -1,
      60, 59, 61, -1,
      60, 61, 62, -1,
      62, 61, 63, -1,
      62, 63, 64, -1,
      64, 63, 65, -1,
      64, 65, 66, -1,
      66, 65, 67, -1,
      66, 67, 68, -1,
      68, 67, 69, -1,
      68, 69, 70, -1,
      70, 69, 71, -1,
      70, 71, 72, -1,
      72, 71, 73, -1,
      74, 57, 75, -1,
      75, 57, 56, -1,
      76, 77, 78, -1,
      78, 77, 79, -1,
      78, 79, 80, -1,
      80, 79, 81, -1,
      80, 81, 82, -1,
      82, 81, 83, -1,
      82, 83, 84, -1,
      84, 83, 85, -1,
      84, 85, 86, -1,
      86, 85, 87, -1,
      86, 87, 88, -1,
      88, 87, 89, -1,
      88, 89, 90, -1,
      90, 89, 91, -1,
      90, 91, 75, -1,
      75, 91, 74, -1,
    ]
  }
}

Shape {
  appearance Appearance {
    material Material {
      diffuseColor 0.1843 0.7490 0.5804
      specularColor 0.1843 0.7490 0.5804
      ambientIntensity 0.2
      transparency 0.0000
      shininess 0.5
    }
  }
  geometry IndexedFaceSet {
    ccw TRUE
    solid FALSE
    coord DEF co Coordinate {
      point [
        0.605122 0.082206 0.925197,
        0.589249 -0.007817 0.925197,
        0.589249 -0.007817 0.688976,
        0.588583 -0.030709 0.925197,
        0.594564 -0.099074 0.688976,
        0.594564 -0.099074 0.925197,
        0.620781 -0.186646 0.688976,
        0.620781 -0.186646 0.925197,
        0.666487 -0.265811 0.688976,
        0.666487 -0.265811 0.925197,
        0.729217 -0.332301 0.688976,
        0.729217 -0.332301 0.925197,
        0.805591 -0.382533 0.688976,
        0.805591 -0.382533 0.925197,
        0.891490 -0.413797 0.688976,
        0.891490 -0.413797 0.925197,
        0.982283 -0.424409 0.688976,
        0.982283 -0.424409 0.925197,
        1.073077 -0.413797 0.688976,
        1.073077 -0.413797 0.925197,
        1.158976 -0.382533 0.688976,
        1.158976 -0.382533 0.925197,
        1.235350 -0.332301 0.688976,
        1.235350 -0.332301 0.925197,
        1.298080 -0.265811 0.688976,
        1.298080 -0.265811 0.925197,
        1.343786 -0.186646 0.688976,
        1.343786 -0.186646 0.925197,
        1.370003 -0.099074 0.688976,
        1.370003 -0.099074 0.925197,
        1.375318 -0.007817 0.688976,
        1.375318 -0.007817 0.925197,
        1.359445 0.082206 0.688976,
        1.359445 0.082206 0.925197,
        1.323238 0.166142 0.688976,
        1.323238 0.166142 0.925197,
        1.268651 0.239465 0.688976,
        1.268651 0.239465 0.925197,
        1.198626 0.298224 0.688976,
        1.198626 0.298224 0.925197,
        1.116937 0.339249 0.688976,
        1.116937 0.339249 0.925197,
        1.027989 0.360330 0.688976,
        1.027989 0.360330 0.925197,
        0.936578 0.360330 0.688976,
        0.936578 0.360330 0.925197,
        0.847630 0.339249 0.688976,
        0.847630 0.339249 0.925197,
        0.765941 0.298224 0.688976,
        0.765941 0.298224 0.925197,
        0.695916 0.239465 0.688976,
        0.695916 0.239465 0.925197,
        0.641329 0.166142 0.688976,
        0.641329 0.166142 0.925197,
        0.605122 0.082206 0.688976,
        0.620781 -0.186646 0.448819,
        0.594564 -0.099074 0.448819,
        0.594564 -0.099074 0.685039,
        0.588583 -0.030709 0.448819,
        0.589249 -0.007817 0.685039,
        0.589249 -0.007817 0.448819,
        0.605122 0.082206 0.685039,
        0.605122 0.082206 0.448819,
        0.641329 0.166142 0.685039,
        0.641329 0.166142 0.448819,
        0.695916 0.239465 0.685039,
        0.695916 0.239465 0.448819,
        0.765941 0.298224 0.685039,
        0.765941 0.298224 0.448819,
        0.847630 0.339249 0.685039,
        0.847630 0.339249 0.448819,
        0.936578 0.360330 0.685039,
        0.936578 0.360330 0.448819,
        1.027989 0.360330 0.685039,
        1.027989 0.360330 0.448819,
        1.116937 0.339249 0.685039,
        1.116937 0.339249 0.448819,
        1.198626 0.298224 0.685039,
        1.198626 0.298224 0.448819,
        1.268651 0.239465 0.685039,
        1.268651 0.239465 0.448819,
        1.323238 0.166142 0.685039,
        1.323238 0.166142 0.448819,
        1.359445 0.082206 0.685039,
        1.359445 0.082206 0.448819,
        1.375318 -0.007817 0.685039,
        1.375318 -0.007817 0.448819,
        1.370003 -0.099074 0.685039,
        1.370003 -0.099074 0.448819,
        1.343786 -0.186646 0.685039,
        1.343786 -0.186646 0.448819,
        1.298080 -0.265811 0.685039,
        1.298080 -0.265811 0.448819,
        1.235350 -0.332301 0.685039,
        1.235350 -0.332301 0.448819,
        1.158976 -0.382533 0.685039,
        1.158976 -0.382533 0.448819,
        1.073077 -0.413797 0.685039,
        1.073077 -0.413797 0.448819,
        0.982283 -0.424409 0.685039,
        0.982283 -0.424409 0.448819,
        0.891490 -0.413797 0.685039,
        0.891490 -0.413797 0.448819,
        0.805591 -0.382533 0.685039,
        0.805591 -0.382533 0.448819,
        0.729217 -0.332301 0.685039,
        0.729217 -0.332301 0.448819,
        0.666487 -0.265811 0.685039,
        0.666487 -0.265811 0.448819,
        0.620781 -0.186646 0.685039,
      ]
    }
    coordIndex [
      0, 1, 2, -1,
      2, 1, 3, -1,
      2, 3, 4, -1,
      4, 3, 5, -1,
      4, 5, 6, -1,
      6, 5, 7, -1,
      6, 7, 8, -1,
      8, 7, 9, -1,
      8, 9, 10, -1,
      10, 9, 11, -1,
      10, 11, 12, -1,
      12, 11, 13, -1,
      12, 13, 14, -1,
      14, 13, 15, -1,
      14, 15, 16, -1,
      16, 15, 17, -1,
      16, 17, 18, -1,
      18, 17, 19, -1,
      18, 19, 20, -1,
      20, 19, 21, -1,
      20, 21, 22, -1,
      22, 21, 23, -1,
      22, 23, 24, -1,
      24, 23, 25, -1,
      24, 25, 26, -1,
      26, 25, 27, -1,
      26, 27, 28, -1,
      28, 27, 29, -1,
      28, 29, 30, -1,
      30, 29, 31, -1,
      30, 31, 32, -1,
      32, 31, 33, -1,
      32, 33, 34, -1,
      34, 33, 35, -1,
      34, 35, 36, -1,
      36, 35, 37, -1,
      36, 37, 38, -1,
      38, 37, 39, -1,
      38, 39, 40, -1,
      40, 39, 41, -1,
      40, 41, 42, -1,
      42, 41, 43, -1,
      42, 43, 44, -1,
      44, 43, 45, -1,
      44, 45, 46, -1,
      46, 45, 47, -1,
      46, 47, 48, -1,
      48, 47, 49, -1,
      48, 49, 50, -1,
      50, 49, 51, -1,
      50, 51, 52, -1,
      52, 51, 53, -1,
      52, 53, 54, -1,
      54, 53, 0, -1,
      54, 0, 2, -1,
      55, 56, 57, -1,
      57, 56, 58, -1,
      57, 58, 59, -1,
      59, 58, 60, -1,
      59, 60, 61, -1,
      61, 60, 62, -1,
      61, 62, 63, -1,
      63, 62, 64, -1,
      63, 64, 65, -1,
      65, 64, 66, -1,
      65, 66, 67, -1,
      67, 66, 68, -1,
      67, 68, 69, -1,
      69, 68, 70, -1,
      69, 70, 71, -1,
      71, 70, 72, -1,
      71, 72, 73, -1,
      73, 72, 74, -1,
      73, 74, 75, -1,
      75, 74, 76, -1,
      75, 76, 77, -1,
      77, 76, 78, -1,
      77, 78, 79, -1,
      79, 78, 80, -1,
      79, 80, 81, -1,
      81, 80, 82, -1,
      81, 82, 83, -1,
      83, 82, 84, -1,
      83, 84, 85, -1,
      85, 84, 86, -1,
      85, 86, 87, -1,
      87, 86, 88, -1,
      87, 88, 89, -1,
      89, 88, 90, -1,
      89, 90, 91, -1,
      91, 90, 92, -1,
      91, 92, 93, -1,
      93, 92, 94, -1,
      93, 94, 95, -1,
      95, 94, 96, -1,
      95, 96, 97, -1,
      97, 96, 98, -1,
      97, 98, 99, -1,
      99, 98, 100, -1,
      99, 100, 101, -1,
      101, 100, 102, -1,
      101, 102, 103, -1,
      103, 102, 104, -1,
      103, 104, 105, -1,
      105, 104, 106, -1,
      105, 106, 107, -1,
      107, 106, 108, -1,
      107, 108, 109, -1,
      109, 108, 55, -1,
      109, 55, 57, -1,
    ]
  }
}

Shape {
  appearance Appearance {
    material Material {
      diffuseColor 0.6980 0.6980 0.6980
      specularColor 0.6980 0.6980 0.6980
      ambientIntensity 0.2
      transparency 0.0000
      shininess 0.5
    }
  }
  geometry IndexedFaceSet {
    ccw TRUE
    solid FALSE
    coord DEF co Coordinate {
      point [
        1.106299 -0.234646 -1.082677,
        1.106299 0.157480 -1.082677,
        1.106299 -0.234646 -0.846457,
        1.106299 0.157480 -0.846457,
        0.440945 0.158268 0.374016,
        0.204724 0.158268 0.374016,
        0.440945 0.158268 -0.842520,
        0.204724 0.158268 -0.842520,
        0.441079 0.158268 -0.843539,
        0.212907 0.158268 -0.904677,
        0.441472 0.158268 -0.844488,
        0.236900 0.158268 -0.962598,
        0.442098 0.158268 -0.845304,
        0.275065 0.158268 -1.012337,
        0.442913 0.158268 -0.845929,
        0.324803 0.158268 -1.050502,
        0.443863 0.158268 -0.846322,
        0.382724 0.158268 -1.074494,
        0.444882 0.158268 -0.846457,
        0.444882 0.158268 -1.082677,
        1.106299 0.158268 -0.846457,
        1.106299 0.158268 -1.082677,
        0.204724 -0.235433 0.374016,
        0.440945 -0.235433 0.374016,
        1.106299 -0.235433 -0.846457,
        1.106299 -0.235433 -1.082677,
        0.444882 -0.235433 -0.846457,
        0.444882 -0.235433 -1.082677,
        0.443863 -0.235433 -0.846322,
        0.382724 -0.235433 -1.074494,
        0.442913 -0.235433 -0.845929,
        0.324803 -0.235433 -1.050502,
        0.442098 -0.235433 -0.845304,
        0.275065 -0.235433 -1.012337,
        0.441472 -0.235433 -0.844488,
        0.236900 -0.235433 -0.962598,
        0.441079 -0.235433 -0.843539,
        0.212907 -0.235433 -0.904677,
        0.440945 -0.235433 -0.842520,
        0.204724 -0.235433 -0.842520,
        0.605122 0.082206 0.925197,
        0.589249 -0.007817 0.925197,
        0.589249 -0.007817 0.688976,
        0.588583 -0.030709 0.925197,
        0.594564 -0.099074 0.688976,
        0.594564 -0.099074 0.925197,
        0.620781 -0.186646 0.688976,
        0.620781 -0.186646 0.925197,
        0.666487 -0.265811 0.688976,
        0.666487 -0.265811 0.925197,
        0.729217 -0.332301 0.688976,
        0.729217 -0.332301 0.925197,
        0.805591 -0.382533 0.688976,
        0.805591 -0.382533 0.925197,
        0.891490 -0.413797 0.688976,
        0.891490 -0.413797 0.925197,
        0.982283 -0.424409 0.688976,
        0.982283 -0.424409 0.925197,
        1.073077 -0.413797 0.688976,
        1.073077 -0.413797 0.925197,
        1.158976 -0.382533 0.688976,
        1.158976 -0.382533 0.925197,
        1.235350 -0.332301 0.688976,
        1.235350 -0.332301 0.925197,
        1.298080 -0.265811 0.688976,
        1.298080 -0.265811 0.925197,
        1.343786 -0.186646 0.688976,
        1.343786 -0.186646 0.925197,
        1.370003 -0.099074 0.688976,
        1.370003 -0.099074 0.925197,
        1.375318 -0.007817 0.688976,
        1.375318 -0.007817 0.925197,
        1.359445 0.082206 0.688976,
        1.359445 0.082206 0.925197,
        1.323238 0.166142 0.688976,
        1.323238 0.166142 0.925197,
        1.268651 0.239465 0.688976,
        1.268651 0.239465 0.925197,
        1.198626 0.298224 0.688976,
        1.198626 0.298224 0.925197,
        1.116937 0.339249 0.688976,
        1.116937 0.339249 0.925197,
        1.027989 0.360330 0.688976,
        1.027989 0.360330 0.925197,
        0.936578 0.360330 0.688976,
        0.936578 0.360330 0.925197,
        0.847630 0.339249 0.688976,
        0.847630 0.339249 0.925197,
        0.765941 0.298224 0.688976,
        0.765941 0.298224 0.925197,
        0.695916 0.239465 0.688976,
        0.695916 0.239465 0.925197,
        0.641329 0.166142 0.688976,
        0.641329 0.166142 0.925197,
        0.605122 0.082206 0.688976,
        0.620781 -0.186646 0.448819,
        0.594564 -0.099074 0.448819,
        0.594564 -0.099074 0.685039,
        0.588583 -0.030709 0.448819,
        0.589249 -0.007817 0.685039,
        0.589249 -0.007817 0.448819,
        0.605122 0.082206 0.685039,
        0.605122 0.082206 0.448819,
        0.641329 0.166142 0.685039,
        0.641329 0.166142 0.448819,
        0.695916 0.239465 0.685039,
        0.695916 0.239465 0.448819,
        0.765941 0.298224 0.685039,
        0.765941 0.298224 0.448819,
        0.847630 0.339249 0.685039,
        0.847630 0.339249 0.448819,
        0.936578 0.360330 0.685039,
        0.936578 0.360330 0.448819,
        1.027989 0.360330 0.685039,
        1.027989 0.360330 0.448819,
        1.116937 0.339249 0.685039,
        1.116937 0.339249 0.448819,
        1.198626 0.298224 0.685039,
        1.198626 0.298224 0.448819,
        1.268651 0.239465 0.685039,
        1.268651 0.239465 0.448819,
        1.323238 0.166142 0.685039,
        1.323238 0.166142 0.448819,
        1.359445 0.082206 0.685039,
        1.359445 0.082206 0.448819,
        1.375318 -0.007817 0.685039,
        1.375318 -0.007817 0.448819,
        1.370003 -0.099074 0.685039,
        1.370003 -0.099074 0.448819,
        1.343786 -0.186646 0.685039,
        1.343786 -0.186646 0.448819,
        1.298080 -0.265811 0.685039,
        1.298080 -0.265811 0.448819,
        1.235350 -0.332301 0.685039,
        1.235350 -0.332301 0.448819,
        1.158976 -0.382533 0.685039,
        1.158976 -0.382533 0.448819,
        1.073077 -0.413797 0.685039,
        1.073077 -0.413797 0.448819,
        0.982283 -0.424409 0.685039,
        0.982283 -0.424409 0.448819,
        0.891490 -0.413797 0.685039,
        0.891490 -0.413797 0.448819,
        0.805591 -0.382533 0.685039,
        0.805591 -0.382533 0.448819,
        0.729217 -0.332301 0.685039,
        0.729217 -0.332301 0.448819,
        0.666487 -0.265811 0.685039,
        0.666487 -0.265811 0.448819,
        0.620781 -0.186646 0.685039,
        0.444882 0.788189 0.448819,
        0.444882 -0.786614 0.448819,
        0.443863 0.788189 0.448685,
        0.443863 -0.786614 0.448685,
        0.442913 0.788189 0.448291,
        0.442913 -0.786614 0.448291,
        0.442098 0.788189 0.447666,
        0.442098 -0.786614 0.447666,
        0.441472 0.788189 0.446850,
        0.441472 -0.786614 0.446850,
        0.441079 0.788189 0.445901,
        0.441079 -0.786614 0.445901,
        0.440945 0.788189 0.444882,
        0.440945 -0.786614 0.444882,
        1.519685 0.788189 -0.846457,
        1.519685 -0.786614 -0.846457,
        1.520704 0.788189 -0.846322,
        1.520704 -0.786614 -0.846322,
        1.521654 0.788189 -0.845929,
        1.521654 -0.786614 -0.845929,
        1.522469 0.788189 -0.845304,
        1.522469 -0.786614 -0.845304,
        1.523094 0.788189 -0.844488,
        1.523094 -0.786614 -0.844488,
        1.523488 0.788189 -0.843539,
        1.523488 -0.786614 -0.843539,
        1.523622 0.788189 -0.842520,
        1.523622 -0.786614 -0.842520,
        1.523622 0.788189 0.685039,
        1.523622 -0.786614 0.685039,
        1.523488 0.788189 0.686058,
        1.523488 -0.786614 0.686058,
        1.523094 0.788189 0.687008,
        1.523094 -0.786614 0.687008,
        1.522469 0.788189 0.687823,
        1.522469 -0.786614 0.687823,
        1.521654 0.788189 0.688449,
        1.521654 -0.786614 0.688449,
        1.520704 0.788189 0.688842,
        1.520704 -0.786614 0.688842,
        1.519685 0.788189 0.688976,
        1.519685 -0.786614 0.688976,
        0.204724 0.788189 0.444882,
        0.204724 -0.786614 0.444882,
        0.212907 -0.786614 0.507039,
        0.212907 0.788189 0.507039,
        0.236900 -0.786614 0.564961,
        0.236900 0.788189 0.564961,
        0.275065 -0.786614 0.614699,
        0.275065 0.788189 0.614699,
        0.324803 -0.786614 0.652864,
        0.324803 0.788189 0.652864,
        0.382724 -0.786614 0.676856,
        0.382724 0.788189 0.676856,
        0.444882 -0.786614 0.685039,
        0.444882 0.788189 0.685039,
        1.759843 0.788189 -0.842520,
        1.759843 -0.786614 -0.842520,
        1.751659 -0.786614 -0.904677,
        1.751659 0.788189 -0.904677,
        1.727668 -0.786614 -0.962598,
        1.727668 0.788189 -0.962598,
        1.689502 -0.786614 -1.012337,
        1.689502 0.788189 -1.012337,
        1.639764 -0.786614 -1.050502,
        1.639764 0.788189 -1.050502,
        1.581842 -0.786614 -1.074494,
        1.581842 0.788189 -1.074494,
        1.519685 -0.786614 -1.082677,
        1.519685 0.788189 -1.082677,
        1.759843 0.788189 0.685039,
        1.759843 -0.786614 0.685039,
        1.519685 0.788189 0.925197,
        1.519685 -0.786614 0.925197,
        1.581842 -0.786614 0.917014,
        1.581842 0.788189 0.917014,
        1.639764 -0.786614 0.893022,
        1.639764 0.788189 0.893022,
        1.689502 -0.786614 0.854856,
        1.689502 0.788189 0.854856,
        1.727668 -0.786614 0.805118,
        1.727668 0.788189 0.805118,
        1.751659 -0.786614 0.747197,
        1.751659 0.788189 0.747197,
        0.204724 -0.786614 0.925197,
        0.204724 0.788189 0.925197,
        0.204724 -0.786614 0.688976,
        0.204724 0.788189 0.688976,
        1.519685 -0.786614 0.448819,
        1.519685 -0.786614 0.685039,
        0.440945 -0.786614 -0.842520,
        0.204724 -0.786614 -0.842520,
        0.441079 -0.786614 -0.843539,
        0.212907 -0.786614 -0.904677,
        0.441472 -0.786614 -0.844488,
        0.236900 -0.786614 -0.962598,
        0.442098 -0.786614 -0.845304,
        0.275065 -0.786614 -1.012337,
        0.442913 -0.786614 -0.845929,
        0.324803 -0.786614 -1.050502,
        0.443863 -0.786614 -0.846322,
        0.382724 -0.786614 -1.074494,
        0.444882 -0.786614 -0.846457,
        0.444882 -0.786614 -1.082677,
        1.519685 0.788189 0.685039,
        1.519685 0.788189 0.448819,
        0.444882 0.788189 -0.846457,
        0.444882 0.788189 -1.082677,
        0.443863 0.788189 -0.846322,
        0.382724 0.788189 -1.074494,
        0.442913 0.788189 -0.845929,
        0.324803 0.788189 -1.050502,
        0.442098 0.788189 -0.845304,
        0.275065 0.788189 -1.012337,
        0.441472 0.788189 -0.844488,
        0.236900 0.788189 -0.962598,
        0.441079 0.788189 -0.843539,
        0.212907 0.788189 -0.904677,
        0.440945 0.788189 -0.842520,
        0.204724 0.788189 -0.842520,
      ]
    }
    coordIndex [
      150, 151, 152, -1,
      152, 151, 153, -1,
      152, 153, 154, -1,
      154, 153, 155, -1,
      154, 155, 156, -1,
      156, 155, 157, -1,
      156, 157, 158, -1,
      158, 157, 159, -1,
      158, 159, 160, -1,
      160, 159, 161, -1,
      160, 161, 162, -1,
      162, 161, 163, -1,
      164, 165, 166, -1,
      166, 165, 167, -1,
      166, 167, 168, -1,
      168, 167, 169, -1,
      168, 169, 170, -1,
      170, 169, 171, -1,
      170, 171, 172, -1,
      172, 171, 173, -1,
      172, 173, 174, -1,
      174, 173, 175, -1,
      174, 175, 176, -1,
      176, 175, 177, -1,
      178, 176, 179, -1,
      179, 176, 177, -1,
      178, 179, 180, -1,
      180, 179, 181, -1,
      180, 181, 182, -1,
      182, 181, 183, -1,
      182, 183, 184, -1,
      184, 183, 185, -1,
      184, 185, 186, -1,
      186, 185, 187, -1,
      186, 187, 188, -1,
      188, 187, 189, -1,
      188, 189, 190, -1,
      190, 189, 191, -1,
      192, 193, 194, -1,
      192, 194, 195, -1,
      195, 194, 196, -1,
      195, 196, 197, -1,
      197, 196, 198, -1,
      197, 198, 199, -1,
      199, 198, 200, -1,
      199, 200, 201, -1,
      201, 200, 202, -1,
      201, 202, 203, -1,
      203, 202, 204, -1,
      203, 204, 205, -1,
      206, 207, 208, -1,
      206, 208, 209, -1,
      209, 208, 210, -1,
      209, 210, 211, -1,
      211, 210, 212, -1,
      211, 212, 213, -1,
      213, 212, 214, -1,
      213, 214, 215, -1,
      215, 214, 216, -1,
      215, 216, 217, -1,
      217, 216, 218, -1,
      217, 218, 219, -1,
      206, 220, 207, -1,
      207, 220, 221, -1,
      222, 223, 224, -1,
      222, 224, 225, -1,
      225, 224, 226, -1,
      225, 226, 227, -1,
      227, 226, 228, -1,
      227, 228, 229, -1,
      229, 228, 230, -1,
      229, 230, 231, -1,
      231, 230, 232, -1,
      231, 232, 233, -1,
      233, 232, 221, -1,
      233, 221, 220, -1,
      234, 235, 236, -1,
      236, 235, 237, -1,
      238, 239, 151, -1,
      151, 239, 204, -1,
      151, 204, 153, -1,
      153, 204, 202, -1,
      153, 202, 155, -1,
      155, 202, 200, -1,
      155, 200, 157, -1,
      157, 200, 198, -1,
      157, 198, 159, -1,
      159, 198, 196, -1,
      159, 196, 161, -1,
      161, 196, 194, -1,
      161, 194, 163, -1,
      163, 194, 193, -1,
      163, 193, 240, -1,
      240, 193, 241, -1,
      240, 241, 242, -1,
      242, 241, 243, -1,
      242, 243, 244, -1,
      244, 243, 245, -1,
      244, 245, 246, -1,
      246, 245, 247, -1,
      246, 247, 248, -1,
      248, 247, 249, -1,
      248, 249, 250, -1,
      250, 249, 251, -1,
      250, 251, 252, -1,
      252, 251, 253, -1,
      252, 253, 165, -1,
      165, 253, 218, -1,
      165, 218, 167, -1,
      167, 218, 216, -1,
      167, 216, 169, -1,
      169, 216, 214, -1,
      169, 214, 171, -1,
      171, 214, 212, -1,
      171, 212, 173, -1,
      173, 212, 210, -1,
      173, 210, 175, -1,
      175, 210, 208, -1,
      175, 208, 177, -1,
      177, 208, 207, -1,
      177, 207, 179, -1,
      179, 207, 221, -1,
      179, 221, 181, -1,
      181, 221, 232, -1,
      181, 232, 183, -1,
      183, 232, 230, -1,
      183, 230, 185, -1,
      185, 230, 228, -1,
      185, 228, 187, -1,
      187, 228, 226, -1,
      187, 226, 189, -1,
      189, 226, 224, -1,
      189, 224, 191, -1,
      191, 224, 223, -1,
      191, 223, 236, -1,
      236, 223, 234, -1,
      239, 238, 254, -1,
      254, 238, 255, -1,
      237, 235, 190, -1,
      190, 235, 222, -1,
      190, 222, 188, -1,
      188, 222, 225, -1,
      188, 225, 186, -1,
      186, 225, 227, -1,
      186, 227, 184, -1,
      184, 227, 229, -1,
      184, 229, 182, -1,
      182, 229, 231, -1,
      182, 231, 180, -1,
      180, 231, 233, -1,
      180, 233, 178, -1,
      178, 233, 220, -1,
      178, 220, 176, -1,
      176, 220, 206, -1,
      176, 206, 174, -1,
      174, 206, 209, -1,
      174, 209, 172, -1,
      172, 209, 211, -1,
      172, 211, 170, -1,
      170, 211, 213, -1,
      170, 213, 168, -1,
      168, 213, 215, -1,
      168, 215, 166, -1,
      166, 215, 217, -1,
      166, 217, 164, -1,
      164, 217, 219, -1,
      164, 219, 256, -1,
      256, 219, 257, -1,
      256, 257, 258, -1,
      258, 257, 259, -1,
      258, 259, 260, -1,
      260, 259, 261, -1,
      260, 261, 262, -1,
      262, 261, 263, -1,
      262, 263, 264, -1,
      264, 263, 265, -1,
      264, 265, 266, -1,
      266, 265, 267, -1,
      266, 267, 268, -1,
      268, 267, 269, -1,
      268, 269, 162, -1,
      162, 269, 192, -1,
      162, 192, 160, -1,
      160, 192, 195, -1,
      160, 195, 158, -1,
      158, 195, 197, -1,
      158, 197, 156, -1,
      156, 197, 199, -1,
      156, 199, 154, -1,
      154, 199, 201, -1,
      154, 201, 152, -1,
      152, 201, 203, -1,
      152, 203, 150, -1,
      150, 203, 205, -1,
      150, 205, 255, -1,
      255, 205, 254, -1,
      150, 110, 108, -1,
      108, 106, 150, -1,
      150, 106, 104, -1,
      150, 104, 102, -1,
      95, 148, 151, -1,
      151, 148, 146, -1,
      151, 146, 144, -1,
      144, 142, 151, -1,
      151, 142, 140, -1,
      151, 140, 238, -1,
      238, 140, 138, -1,
      238, 138, 136, -1,
      136, 134, 238, -1,
      238, 134, 132, -1,
      238, 132, 130, -1,
      130, 128, 238, -1,
      238, 128, 126, -1,
      238, 126, 255, -1,
      255, 126, 124, -1,
      124, 122, 255, -1,
      255, 122, 120, -1,
      255, 120, 118, -1,
      102, 100, 150, -1,
      150, 100, 98, -1,
      150, 98, 151, -1,
      151, 98, 96, -1,
      151, 96, 95, -1,
      118, 116, 255, -1,
      255, 116, 114, -1,
      255, 114, 150, -1,
      150, 114, 112, -1,
      150, 112, 110, -1,
      80, 82, 190, -1,
      50, 236, 48, -1,
      48, 236, 46, -1,
      190, 82, 237, -1,
      237, 82, 84, -1,
      237, 84, 86, -1,
      50, 52, 236, -1,
      236, 52, 54, -1,
      236, 54, 191, -1,
      191, 54, 56, -1,
      191, 56, 58, -1,
      191, 64, 66, -1,
      86, 88, 237, -1,
      237, 88, 90, -1,
      237, 90, 92, -1,
      58, 60, 191, -1,
      191, 60, 62, -1,
      191, 62, 64, -1,
      66, 68, 191, -1,
      191, 68, 70, -1,
      191, 70, 190, -1,
      190, 70, 72, -1,
      190, 72, 74, -1,
      74, 76, 190, -1,
      190, 76, 78, -1,
      190, 78, 80, -1,
      92, 94, 237, -1,
      237, 94, 42, -1,
      237, 42, 236, -1,
      236, 42, 44, -1,
      236, 44, 46, -1,
      239, 139, 204, -1,
      204, 139, 141, -1,
      204, 141, 143, -1,
      143, 145, 204, -1,
      204, 145, 147, -1,
      204, 147, 149, -1,
      133, 239, 131, -1,
      131, 239, 129, -1,
      133, 135, 239, -1,
      239, 135, 137, -1,
      239, 137, 139, -1,
      149, 97, 204, -1,
      204, 97, 99, -1,
      204, 99, 205, -1,
      205, 99, 101, -1,
      101, 103, 205, -1,
      205, 103, 105, -1,
      205, 105, 107, -1,
      115, 117, 254, -1,
      254, 117, 119, -1,
      254, 119, 121, -1,
      121, 123, 254, -1,
      254, 123, 125, -1,
      254, 125, 239, -1,
      239, 125, 127, -1,
      239, 127, 129, -1,
      107, 109, 205, -1,
      205, 109, 111, -1,
      205, 111, 254, -1,
      254, 111, 113, -1,
      254, 113, 115, -1,
      223, 57, 234, -1,
      234, 57, 55, -1,
      234, 55, 53, -1,
      53, 51, 234, -1,
      234, 51, 49, -1,
      234, 49, 47, -1,
      40, 93, 235, -1,
      235, 93, 91, -1,
      235, 91, 89, -1,
      69, 223, 71, -1,
      71, 223, 222, -1,
      71, 222, 73, -1,
      73, 222, 75, -1,
      69, 67, 223, -1,
      223, 67, 65, -1,
      223, 65, 63, -1,
      47, 45, 234, -1,
      234, 45, 43, -1,
      234, 43, 235, -1,
      235, 43, 41, -1,
      235, 41, 40, -1,
      89, 87, 235, -1,
      235, 87, 85, -1,
      235, 85, 222, -1,
      222, 85, 83, -1,
      222, 83, 81, -1,
      63, 61, 223, -1,
      223, 61, 59, -1,
      223, 59, 57, -1,
      81, 79, 222, -1,
      222, 79, 77, -1,
      222, 77, 75, -1,
      4, 6, 268, -1,
      163, 240, 38, -1,
      38, 23, 163, -1,
      163, 23, 4, -1,
      163, 4, 162, -1,
      162, 4, 268, -1,
      268, 6, 266, -1,
      266, 6, 8, -1,
      266, 8, 264, -1,
      264, 8, 10, -1,
      264, 10, 262, -1,
      262, 10, 12, -1,
      262, 12, 260, -1,
      260, 12, 14, -1,
      260, 14, 258, -1,
      258, 14, 16, -1,
      258, 16, 256, -1,
      256, 16, 18, -1,
      38, 240, 36, -1,
      36, 240, 242, -1,
      36, 242, 34, -1,
      34, 242, 244, -1,
      34, 244, 32, -1,
      32, 244, 246, -1,
      32, 246, 30, -1,
      30, 246, 248, -1,
      30, 248, 28, -1,
      28, 248, 250, -1,
      28, 250, 26, -1,
      26, 250, 252, -1,
      39, 241, 22, -1,
      22, 241, 193, -1,
      22, 193, 5, -1,
      5, 193, 192, -1,
      5, 192, 7, -1,
      7, 192, 269, -1,
      257, 19, 17, -1,
      257, 17, 259, -1,
      259, 17, 15, -1,
      259, 15, 261, -1,
      261, 15, 13, -1,
      261, 13, 263, -1,
      263, 13, 11, -1,
      263, 11, 265, -1,
      265, 11, 9, -1,
      265, 9, 267, -1,
      267, 9, 7, -1,
      267, 7, 269, -1,
      27, 253, 251, -1,
      27, 251, 29, -1,
      29, 251, 249, -1,
      29, 249, 31, -1,
      31, 249, 247, -1,
      31, 247, 33, -1,
      33, 247, 245, -1,
      33, 245, 35, -1,
      35, 245, 243, -1,
      35, 243, 37, -1,
      37, 243, 241, -1,
      37, 241, 39, -1,
      19, 257, 21, -1,
      21, 257, 219, -1,
      21, 219, 1, -1,
      253, 27, 218, -1,
      218, 27, 25, -1,
      218, 25, 219, -1,
      219, 25, 0, -1,
      219, 0, 1, -1,
      26, 252, 24, -1,
      24, 252, 165, -1,
      24, 165, 2, -1,
      256, 18, 164, -1,
      164, 18, 20, -1,
      164, 20, 165, -1,
      165, 20, 3, -1,
      165, 3, 2, -1,
      20, 21, 3, -1,
      3, 21, 1, -1,
      25, 24, 0, -1,
      0, 24, 2, -1,
    ]
  }
}

Shape {
  appearance Appearance {
    material Material {
      diffuseColor 0.6980 0.6980 0.6980
      specularColor 0.6157 0.6157 0.6157
      ambientIntensity 0.2
      transparency 0.0000
      shininess 0.5
    }
  }
  geometry IndexedFaceSet {
    ccw TRUE
    solid FALSE
    coord DEF co Coordinate {
      point [
        1.527559 -0.030709 0.925197,
        1.527559 -0.030709 1.003937,
        1.520894 0.053975 0.925197,
        1.520894 0.053975 1.003937,
        1.501064 0.136574 0.925197,
        1.501064 0.136574 1.003937,
        1.468557 0.215054 0.925197,
        1.468557 0.215054 1.003937,
        1.424173 0.287482 0.925197,
        1.424173 0.287482 1.003937,
        1.369005 0.352076 0.925197,
        1.369005 0.352076 1.003937,
        1.304411 0.407243 0.925197,
        1.304411 0.407243 1.003937,
        1.231983 0.451628 0.925197,
        1.231983 0.451628 1.003937,
        1.153504 0.484135 0.925197,
        1.153504 0.484135 1.003937,
        1.070904 0.503965 0.925197,
        1.070904 0.503965 1.003937,
        0.986220 0.510630 0.925197,
        0.986220 0.510630 1.003937,
        0.901537 0.503965 0.925197,
        0.901537 0.503965 1.003937,
        0.818937 0.484135 0.925197,
        0.818937 0.484135 1.003937,
        0.740458 0.451628 0.925197,
        0.740458 0.451628 1.003937,
        0.668030 0.407243 0.925197,
        0.668030 0.407243 1.003937,
        0.603436 0.352076 0.925197,
        0.603436 0.352076 1.003937,
        0.548269 0.287482 0.925197,
        0.548269 0.287482 1.003937,
        0.503884 0.215054 0.925197,
        0.503884 0.215054 1.003937,
        0.471377 0.136574 0.925197,
        0.471377 0.136574 1.003937,
        0.451547 0.053975 0.925197,
        0.451547 0.053975 1.003937,
        0.444882 -0.030709 0.925197,
        0.444882 -0.030709 1.003937,
        0.451547 -0.115393 0.925197,
        0.451547 -0.115393 1.003937,
        0.471377 -0.197991 0.925197,
        0.471377 -0.197991 1.003937,
        0.503884 -0.276471 0.925197,
        0.503884 -0.276471 1.003937,
        0.548269 -0.348900 0.925197,
        0.548269 -0.348900 1.003937,
        0.603436 -0.413493 0.925197,
        0.603436 -0.413493 1.003937,
        0.668030 -0.468661 0.925197,
        0.668030 -0.468661 1.003937,
        0.740458 -0.513045 0.925197,
        0.740458 -0.513045 1.003937,
        0.818937 -0.545552 0.925197,
        0.818937 -0.545552 1.003937,
        0.901537 -0.565383 0.925197,
        0.901537 -0.565383 1.003937,
        0.986220 -0.572047 0.925197,
        0.986220 -0.572047 1.003937,
        1.070904 -0.565383 0.925197,
        1.070904 -0.565383 1.003937,
        1.153504 -0.545552 0.925197,
        1.153504 -0.545552 1.003937,
        1.231983 -0.513045 0.925197,
        1.231983 -0.513045 1.003937,
        1.304411 -0.468661 0.925197,
        1.304411 -0.468661 1.003937,
        1.369005 -0.413493 0.925197,
        1.369005 -0.413493 1.003937,
        1.424173 -0.348900 0.925197,
        1.424173 -0.348900 1.003937,
        1.468557 -0.276471 0.925197,
        1.468557 -0.276471 1.003937,
        1.501064 -0.197991 0.925197,
        1.501064 -0.197991 1.003937,
        1.520894 -0.115393 0.925197,
        1.520894 -0.115393 1.003937,
        0.690945 1.170079 0.832161,
        0.690945 1.135727 0.761309,
        0.670565 1.133313 0.762480,
        0.670565 1.167665 0.833331,
        0.651575 1.126235 0.765911,
        0.651575 1.160587 0.836763,
        0.635267 1.114975 0.771371,
        0.635267 1.149327 0.842222,
        0.622754 1.100301 0.778485,
        0.622754 1.134653 0.849337,
        0.614888 1.083213 0.786770,
        0.614888 1.117565 0.857622,
        0.612205 1.064875 0.795661,
        0.612205 1.099227 0.866513,
        1.281496 1.135727 0.761309,
        1.281496 1.170079 0.832161,
        1.301876 1.167665 0.833331,
        1.301876 1.133313 0.762480,
        1.320866 1.160587 0.836763,
        1.320866 1.126235 0.765911,
        1.337174 1.149327 0.842222,
        1.337174 1.114975 0.771371,
        1.349687 1.134653 0.849337,
        1.349687 1.100301 0.778485,
        1.357553 1.117565 0.857622,
        1.357553 1.083213 0.786770,
        1.360236 1.099227 0.866513,
        1.360236 1.064875 0.795661,
        1.448819 -0.798425 1.003937,
        1.448819 -0.798425 0.925197,
        1.508846 -0.790731 0.925197,
        1.508846 -0.790731 1.003937,
        1.566294 -0.771699 0.925197,
        1.566294 -0.771699 1.003937,
        1.619041 -0.742031 0.925197,
        1.619041 -0.742031 1.003937,
        1.665140 -0.702822 0.925197,
        1.665140 -0.702822 1.003937,
        1.702889 -0.655520 0.925197,
        1.702889 -0.655520 1.003937,
        1.730895 -0.601871 0.925197,
        1.730895 -0.601871 1.003937,
        1.748123 -0.543857 0.925197,
        1.748123 -0.543857 1.003937,
        1.753937 -0.483619 0.925197,
        1.753937 -0.483619 1.003937,
        0.523622 -0.798425 0.925197,
        0.523622 -0.798425 1.003937,
        0.463595 -0.790731 1.003937,
        0.463595 -0.790731 0.925197,
        0.406147 -0.771699 1.003937,
        0.406147 -0.771699 0.925197,
        0.353400 -0.742031 1.003937,
        0.353400 -0.742031 0.925197,
        0.307301 -0.702822 1.003937,
        0.307301 -0.702822 0.925197,
        0.269552 -0.655520 1.003937,
        0.269552 -0.655520 0.925197,
        0.241546 -0.601871 1.003937,
        0.241546 -0.601871 0.925197,
        0.224318 -0.543857 1.003937,
        0.224318 -0.543857 0.925197,
        0.218504 -0.483619 1.003937,
        0.218504 -0.483619 0.925197,
        1.438976 0.737008 0.925197,
        1.438976 0.737008 1.003937,
        1.500422 0.730956 1.003937,
        1.500422 0.730956 0.925197,
        1.559507 0.713033 1.003937,
        1.559507 0.713033 0.925197,
        1.613959 0.683928 1.003937,
        1.613959 0.683928 0.925197,
        1.661687 0.644758 1.003937,
        1.661687 0.644758 0.925197,
        1.700857 0.597030 1.003937,
        1.700857 0.597030 0.925197,
        1.729962 0.542578 1.003937,
        1.729962 0.542578 0.925197,
        1.747885 0.483493 1.003937,
        1.747885 0.483493 0.925197,
        1.753937 0.422047 1.003937,
        1.753937 0.422047 0.925197,
        0.533465 0.737008 1.003937,
        0.533465 0.737008 0.925197,
        0.472019 0.730956 0.925197,
        0.472019 0.730956 1.003937,
        0.412934 0.713033 0.925197,
        0.412934 0.713033 1.003937,
        0.358482 0.683928 0.925197,
        0.358482 0.683928 1.003937,
        0.310754 0.644758 0.925197,
        0.310754 0.644758 1.003937,
        0.271584 0.597030 0.925197,
        0.271584 0.597030 1.003937,
        0.242479 0.542578 0.925197,
        0.242479 0.542578 1.003937,
        0.224556 0.483493 0.925197,
        0.224556 0.483493 1.003937,
        0.218504 0.422047 0.925197,
        0.218504 0.422047 1.003937,
        1.448819 -0.808615 0.923855,
        1.448819 -0.828994 0.999913,
        1.448819 -0.818110 0.919922,
        1.448819 -0.857480 0.988113,
        1.448819 -0.826264 0.913666,
        1.448819 -0.881942 0.969343,
        1.448819 -0.832521 0.905512,
        1.448819 -0.900712 0.944882,
        1.448819 -0.836454 0.896017,
        1.448819 -0.912511 0.916396,
        1.448819 -0.837795 0.885827,
        1.448819 -0.916535 0.885827,
        1.448819 -0.837795 0.216323,
        1.448819 -0.916535 0.216323,
        1.448819 -0.836554 0.206514,
        1.448819 -0.912811 0.186896,
        1.448819 -0.832908 0.197324,
        1.448819 -0.901873 0.159326,
        1.448819 -0.827087 0.189332,
        1.448819 -0.884411 0.135350,
        1.448819 -0.819459 0.183042,
        1.448819 -0.861526 0.116481,
        1.448819 -0.810504 0.178851,
        1.448819 -0.834661 0.103908,
        1.448819 -0.800787 0.177024,
        1.448819 -0.805512 0.098425,
        1.448819 1.164170 0.058913,
        1.448819 1.159446 -0.019685,
        0.523622 1.164170 0.058913,
        0.523622 1.159446 -0.019685,
        0.523622 -0.800787 0.177024,
        0.523622 -0.805512 0.098425,
        0.523622 -0.810504 0.178851,
        0.523622 -0.834661 0.103908,
        0.523622 -0.819459 0.183042,
        0.523622 -0.861526 0.116481,
        0.523622 -0.827087 0.189332,
        0.523622 -0.884411 0.135350,
        0.523622 -0.832908 0.197324,
        0.523622 -0.901873 0.159326,
        0.523622 -0.836554 0.206514,
        0.523622 -0.912811 0.186896,
        0.523622 -0.837795 0.216323,
        0.523622 -0.916535 0.216323,
        0.523622 -0.837795 0.885827,
        0.523622 -0.916535 0.885827,
        0.523622 -0.836454 0.896017,
        0.523622 -0.912511 0.916396,
        0.523622 -0.832521 0.905512,
        0.523622 -0.900712 0.944882,
        0.523622 -0.826264 0.913666,
        0.523622 -0.881942 0.969343,
        0.523622 -0.818110 0.919922,
        0.523622 -0.857480 0.988113,
        0.523622 -0.808615 0.923855,
        0.523622 -0.828994 0.999913,
        1.360236 0.737008 0.925197,
        1.360236 0.737008 1.003937,
        1.360236 0.788437 1.000060,
        1.360236 0.796165 0.918492,
        1.360236 0.852320 0.898717,
        1.360236 0.886672 0.969569,
        1.360236 0.838704 0.988517,
        0.612205 0.796165 0.918492,
        0.612205 0.737008 0.925197,
        0.612205 0.737008 1.003937,
        0.612205 0.886672 0.969569,
        0.612205 0.852320 0.898717,
        0.612205 0.838704 0.988517,
        0.612205 0.788437 1.000060,
      ]
    }
    coordIndex [
      0, 1, 2, -1,
      2, 1, 3, -1,
      2, 3, 4, -1,
      4, 3, 5, -1,
      4, 5, 6, -1,
      6, 5, 7, -1,
      6, 7, 8, -1,
      8, 7, 9, -1,
      8, 9, 10, -1,
      10, 9, 11, -1,
      10, 11, 12, -1,
      12, 11, 13, -1,
      12, 13, 14, -1,
      14, 13, 15, -1,
      14, 15, 16, -1,
      16, 15, 17, -1,
      16, 17, 18, -1,
      18, 17, 19, -1,
      18, 19, 20, -1,
      20, 19, 21, -1,
      20, 21, 22, -1,
      22, 21, 23, -1,
      22, 23, 24, -1,
      24, 23, 25, -1,
      24, 25, 26, -1,
      26, 25, 27, -1,
      26, 27, 28, -1,
      28, 27, 29, -1,
      28, 29, 30, -1,
      30, 29, 31, -1,
      30, 31, 32, -1,
      32, 31, 33, -1,
      32, 33, 34, -1,
      34, 33, 35, -1,
      34, 35, 36, -1,
      36, 35, 37, -1,
      36, 37, 38, -1,
      38, 37, 39, -1,
      38, 39, 40, -1,
      40, 39, 41, -1,
      40, 41, 42, -1,
      42, 41, 43, -1,
      42, 43, 44, -1,
      44, 43, 45, -1,
      44, 45, 46, -1,
      46, 45, 47, -1,
      46, 47, 48, -1,
      48, 47, 49, -1,
      48, 49, 50, -1,
      50, 49, 51, -1,
      50, 51, 52, -1,
      52, 51, 53, -1,
      52, 53, 54, -1,
      54, 53, 55, -1,
      54, 55, 56, -1,
      56, 55, 57, -1,
      56, 57, 58, -1,
      58, 57, 59, -1,
      58, 59, 60, -1,
      60, 59, 61, -1,
      60, 61, 62, -1,
      62, 61, 63, -1,
      62, 63, 64, -1,
      64, 63, 65, -1,
      64, 65, 66, -1,
      66, 65, 67, -1,
      66, 67, 68, -1,
      68, 67, 69, -1,
      68, 69, 70, -1,
      70, 69, 71, -1,
      70, 71, 72, -1,
      72, 71, 73, -1,
      72, 73, 74, -1,
      74, 73, 75, -1,
      74, 75, 76, -1,
      76, 75, 77, -1,
      76, 77, 78, -1,
      78, 77, 79, -1,
      78, 79, 0, -1,
      0, 79, 1, -1,
      80, 81, 82, -1,
      80, 82, 83, -1,
      83, 82, 84, -1,
      83, 84, 85, -1,
      85, 84, 86, -1,
      85, 86, 87, -1,
      87, 86, 88, -1,
      87, 88, 89, -1,
      89, 88, 90, -1,
      89, 90, 91, -1,
      91, 90, 92, -1,
      91, 92, 93, -1,
      94, 95, 96, -1,
      94, 96, 97, -1,
      97, 96, 98, -1,
      97, 98, 99, -1,
      99, 98, 100, -1,
      99, 100, 101, -1,
      101, 100, 102, -1,
      101, 102, 103, -1,
      103, 102, 104, -1,
      103, 104, 105, -1,
      105, 104, 106, -1,
      105, 106, 107, -1,
      108, 109, 110, -1,
      108, 110, 111, -1,
      111, 110, 112, -1,
      111, 112, 113, -1,
      113, 112, 114, -1,
      113, 114, 115, -1,
      115, 114, 116, -1,
      115, 116, 117, -1,
      117, 116, 118, -1,
      117, 118, 119, -1,
      119, 118, 120, -1,
      119, 120, 121, -1,
      121, 120, 122, -1,
      121, 122, 123, -1,
      123, 122, 124, -1,
      123, 124, 125, -1,
      126, 127, 128, -1,
      126, 128, 129, -1,
      129, 128, 130, -1,
      129, 130, 131, -1,
      131, 130, 132, -1,
      131, 132, 133, -1,
      133, 132, 134, -1,
      133, 134, 135, -1,
      135, 134, 136, -1,
      135, 136, 137, -1,
      137, 136, 138, -1,
      137, 138, 139, -1,
      139, 138, 140, -1,
      139, 140, 141, -1,
      141, 140, 142, -1,
      141, 142, 143, -1,
      144, 145, 146, -1,
      144, 146, 147, -1,
      147, 146, 148, -1,
      147, 148, 149, -1,
      149, 148, 150, -1,
      149, 150, 151, -1,
      151, 150, 152, -1,
      151, 152, 153, -1,
      153, 152, 154, -1,
      153, 154, 155, -1,
      155, 154, 156, -1,
      155, 156, 157, -1,
      157, 156, 158, -1,
      157, 158, 159, -1,
      159, 158, 160, -1,
      159, 160, 161, -1,
      162, 163, 164, -1,
      162, 164, 165, -1,
      165, 164, 166, -1,
      165, 166, 167, -1,
      167, 166, 168, -1,
      167, 168, 169, -1,
      169, 168, 170, -1,
      169, 170, 171, -1,
      171, 170, 172, -1,
      171, 172, 173, -1,
      173, 172, 174, -1,
      173, 174, 175, -1,
      175, 174, 176, -1,
      175, 176, 177, -1,
      177, 176, 178, -1,
      177, 178, 179, -1,
      109, 108, 180, -1,
      180, 108, 181, -1,
      180, 181, 182, -1,
      182, 181, 183, -1,
      182, 183, 184, -1,
      184, 183, 185, -1,
      184, 185, 186, -1,
      186, 185, 187, -1,
      186, 187, 188, -1,
      188, 187, 189, -1,
      188, 189, 190, -1,
      190, 189, 191, -1,
      190, 191, 192, -1,
      192, 191, 193, -1,
      192, 193, 194, -1,
      194, 193, 195, -1,
      194, 195, 196, -1,
      196, 195, 197, -1,
      196, 197, 198, -1,
      198, 197, 199, -1,
      198, 199, 200, -1,
      200, 199, 201, -1,
      200, 201, 202, -1,
      202, 201, 203, -1,
      202, 203, 204, -1,
      204, 203, 205, -1,
      204, 205, 206, -1,
      206, 205, 207, -1,
      208, 209, 210, -1,
      210, 209, 211, -1,
      210, 211, 212, -1,
      212, 211, 213, -1,
      212, 213, 214, -1,
      214, 213, 215, -1,
      214, 215, 216, -1,
      216, 215, 217, -1,
      216, 217, 218, -1,
      218, 217, 219, -1,
      218, 219, 220, -1,
      220, 219, 221, -1,
      220, 221, 222, -1,
      222, 221, 223, -1,
      222, 223, 224, -1,
      224, 223, 225, -1,
      224, 225, 226, -1,
      226, 225, 227, -1,
      226, 227, 228, -1,
      228, 227, 229, -1,
      228, 229, 230, -1,
      230, 229, 231, -1,
      230, 231, 232, -1,
      232, 231, 233, -1,
      232, 233, 234, -1,
      234, 233, 235, -1,
      234, 235, 126, -1,
      126, 235, 127, -1,
      144, 236, 145, -1,
      145, 236, 237, -1,
      237, 236, 238, -1,
      238, 236, 239, -1,
      107, 106, 240, -1,
      240, 106, 241, -1,
      240, 241, 239, -1,
      239, 241, 242, -1,
      239, 242, 238, -1,
      243, 244, 245, -1,
      93, 92, 246, -1,
      246, 92, 247, -1,
      246, 247, 248, -1,
      248, 247, 243, -1,
      248, 243, 249, -1,
      249, 243, 245, -1,
      162, 245, 163, -1,
      163, 245, 244, -1,
      247, 240, 243, -1,
      243, 240, 239, -1,
      243, 239, 244, -1,
      244, 239, 236, -1,
      82, 81, 92, -1,
      88, 86, 84, -1,
      92, 81, 247, -1,
      247, 81, 107, -1,
      247, 107, 240, -1,
      82, 92, 84, -1,
      84, 92, 90, -1,
      84, 90, 88, -1,
      103, 97, 101, -1,
      101, 97, 99, -1,
      81, 94, 107, -1,
      107, 94, 97, -1,
      107, 97, 105, -1,
      105, 97, 103, -1,
      245, 237, 238, -1,
      245, 238, 249, -1,
      249, 238, 242, -1,
      249, 242, 248, -1,
      248, 242, 241, -1,
      248, 241, 246, -1,
      241, 95, 246, -1,
      246, 95, 80, -1,
      246, 80, 93, -1,
      85, 87, 89, -1,
      241, 106, 95, -1,
      95, 106, 104, -1,
      95, 104, 102, -1,
      80, 83, 93, -1,
      93, 83, 85, -1,
      93, 85, 91, -1,
      91, 85, 89, -1,
      102, 100, 95, -1,
      95, 100, 98, -1,
      95, 98, 96, -1,
      94, 81, 95, -1,
      95, 81, 80, -1,
      178, 143, 179, -1,
      179, 143, 142, -1,
      222, 192, 220, -1,
      220, 192, 194, -1,
      220, 194, 218, -1,
      218, 194, 196, -1,
      218, 196, 216, -1,
      216, 196, 198, -1,
      216, 198, 214, -1,
      214, 198, 200, -1,
      214, 200, 212, -1,
      212, 200, 202, -1,
      212, 202, 210, -1,
      210, 202, 204, -1,
      192, 222, 190, -1,
      190, 222, 224, -1,
      126, 109, 234, -1,
      234, 109, 180, -1,
      234, 180, 232, -1,
      232, 180, 182, -1,
      232, 182, 230, -1,
      230, 182, 184, -1,
      230, 184, 228, -1,
      228, 184, 186, -1,
      228, 186, 226, -1,
      226, 186, 188, -1,
      226, 188, 224, -1,
      224, 188, 190, -1,
      211, 205, 203, -1,
      211, 203, 213, -1,
      213, 203, 201, -1,
      213, 201, 215, -1,
      215, 201, 199, -1,
      215, 199, 217, -1,
      217, 199, 197, -1,
      217, 197, 219, -1,
      219, 197, 195, -1,
      219, 195, 221, -1,
      221, 195, 193, -1,
      221, 193, 223, -1,
      225, 223, 191, -1,
      191, 223, 193, -1,
      225, 191, 189, -1,
      225, 189, 227, -1,
      227, 189, 187, -1,
      227, 187, 229, -1,
      229, 187, 185, -1,
      229, 185, 231, -1,
      231, 185, 183, -1,
      231, 183, 233, -1,
      233, 183, 181, -1,
      233, 181, 235, -1,
      235, 181, 108, -1,
      235, 108, 127, -1,
      160, 125, 161, -1,
      161, 125, 124, -1,
      209, 207, 211, -1,
      211, 207, 205, -1,
      207, 209, 206, -1,
      206, 209, 208, -1,
      208, 210, 206, -1,
      206, 210, 204, -1,
      22, 244, 20, -1,
      20, 244, 236, -1,
      178, 40, 143, -1,
      143, 40, 42, -1,
      54, 56, 126, -1,
      14, 16, 236, -1,
      236, 16, 18, -1,
      236, 18, 20, -1,
      34, 36, 178, -1,
      178, 36, 38, -1,
      178, 38, 40, -1,
      62, 109, 60, -1,
      60, 109, 126, -1,
      60, 126, 58, -1,
      58, 126, 56, -1,
      116, 70, 118, -1,
      118, 70, 72, -1,
      118, 72, 120, -1,
      74, 124, 72, -1,
      72, 124, 122, -1,
      72, 122, 120, -1,
      74, 76, 124, -1,
      124, 76, 78, -1,
      124, 78, 161, -1,
      161, 78, 0, -1,
      161, 0, 2, -1,
      22, 24, 244, -1,
      244, 24, 26, -1,
      244, 26, 163, -1,
      163, 26, 28, -1,
      163, 28, 164, -1,
      164, 28, 166, -1,
      166, 28, 168, -1,
      168, 28, 30, -1,
      168, 30, 170, -1,
      170, 30, 172, -1,
      172, 30, 32, -1,
      172, 32, 174, -1,
      62, 64, 109, -1,
      109, 64, 66, -1,
      109, 66, 110, -1,
      110, 66, 68, -1,
      110, 68, 112, -1,
      112, 68, 70, -1,
      112, 70, 114, -1,
      114, 70, 116, -1,
      34, 178, 32, -1,
      32, 178, 176, -1,
      32, 176, 174, -1,
      14, 236, 12, -1,
      12, 236, 144, -1,
      12, 144, 147, -1,
      42, 44, 143, -1,
      143, 44, 46, -1,
      143, 46, 141, -1,
      141, 46, 48, -1,
      133, 135, 50, -1,
      50, 135, 137, -1,
      50, 137, 48, -1,
      48, 137, 139, -1,
      48, 139, 141, -1,
      54, 126, 52, -1,
      52, 126, 129, -1,
      52, 129, 50, -1,
      50, 129, 131, -1,
      50, 131, 133, -1,
      2, 4, 161, -1,
      161, 4, 6, -1,
      161, 6, 159, -1,
      159, 6, 8, -1,
      147, 149, 12, -1,
      12, 149, 151, -1,
      12, 151, 10, -1,
      151, 153, 10, -1,
      10, 153, 155, -1,
      10, 155, 8, -1,
      8, 155, 157, -1,
      8, 157, 159, -1,
      7, 5, 160, -1,
      79, 125, 1, -1,
      1, 125, 160, -1,
      1, 160, 3, -1,
      3, 160, 5, -1,
      108, 67, 65, -1,
      148, 146, 13, -1,
      13, 146, 145, -1,
      13, 145, 15, -1,
      15, 145, 237, -1,
      15, 237, 17, -1,
      79, 77, 125, -1,
      125, 77, 75, -1,
      125, 75, 123, -1,
      123, 75, 73, -1,
      245, 21, 237, -1,
      237, 21, 19, -1,
      237, 19, 17, -1,
      148, 13, 150, -1,
      150, 13, 11, -1,
      150, 11, 152, -1,
      152, 11, 154, -1,
      154, 11, 9, -1,
      154, 9, 156, -1,
      115, 117, 71, -1,
      71, 117, 119, -1,
      71, 119, 73, -1,
      73, 119, 121, -1,
      73, 121, 123, -1,
      67, 108, 69, -1,
      69, 108, 111, -1,
      69, 111, 71, -1,
      71, 111, 113, -1,
      71, 113, 115, -1,
      165, 167, 29, -1,
      29, 167, 169, -1,
      29, 169, 31, -1,
      7, 160, 9, -1,
      9, 160, 158, -1,
      9, 158, 156, -1,
      65, 63, 108, -1,
      108, 63, 61, -1,
      108, 61, 127, -1,
      127, 61, 59, -1,
      39, 37, 179, -1,
      179, 37, 35, -1,
      179, 35, 177, -1,
      177, 35, 33, -1,
      169, 171, 31, -1,
      31, 171, 173, -1,
      31, 173, 33, -1,
      33, 173, 175, -1,
      33, 175, 177, -1,
      27, 25, 245, -1,
      245, 25, 23, -1,
      245, 23, 21, -1,
      47, 45, 142, -1,
      142, 45, 43, -1,
      142, 43, 179, -1,
      179, 43, 41, -1,
      179, 41, 39, -1,
      27, 245, 29, -1,
      29, 245, 162, -1,
      29, 162, 165, -1,
      134, 51, 136, -1,
      136, 51, 49, -1,
      136, 49, 138, -1,
      47, 142, 49, -1,
      49, 142, 140, -1,
      49, 140, 138, -1,
      59, 57, 127, -1,
      127, 57, 55, -1,
      127, 55, 128, -1,
      128, 55, 53, -1,
      128, 53, 130, -1,
      130, 53, 51, -1,
      130, 51, 132, -1,
      132, 51, 134, -1,
    ]
  }
}

Shape {
  appearance Appearance {
    material Material {
      diffuseColor 0.3922 0.6000 0.3922
      specularColor 0.3451 0.5294 0.3451
      ambientIntensity 0.2
      transparency 0.0000
      shininess 0.5
    }
  }
  geometry IndexedFaceSet {
    ccw TRUE
    solid FALSE
    coord DEF co Coordinate {
      point [
        1.968504 0.051192 -0.778015,
        1.968504 0.046202 -0.778606,
        1.968504 0.076220 -0.778606,
        1.968504 -0.266622 -0.604539,
        1.968504 -0.259126 -0.623287,
        1.968504 -0.203116 -0.623287,
        1.968504 -0.284041 -0.580239,
        1.968504 -0.278426 -0.588072,
        1.968504 -0.203116 -0.588072,
        1.968504 -0.421040 -0.453525,
        1.968504 -0.402571 -0.465942,
        1.968504 -0.203116 -0.465942,
        1.968504 -0.382948 -0.479134,
        1.968504 -0.352343 -0.515411,
        1.968504 -0.336836 -0.546594,
        1.968504 -0.332602 -0.548019,
        1.968504 -0.307194 -0.560641,
        1.968504 -0.950391 2.500000,
        1.968504 -0.535646 -0.438607,
        1.968504 -0.203116 2.500000,
        1.968504 -0.499083 -0.434730,
        1.968504 -0.463893 -0.438426,
        1.968504 -0.975300 2.496796,
        1.968504 -0.998589 2.487391,
        1.968504 -1.018738 2.472399,
        1.968504 -1.034438 2.452796,
        1.968504 -1.044665 2.429857,
        1.968504 -0.575392 -0.452411,
        1.968504 -1.496063 0.925197,
        1.968504 -0.598052 -0.465942,
        1.968504 -1.496063 -0.465942,
        1.968504 -0.601554 -0.468033,
        1.968504 -1.496063 -0.588072,
        1.968504 -0.784995 -0.588072,
        1.968504 -0.777032 -0.570428,
        1.968504 -0.756970 -0.544887,
        1.968504 -0.691328 -0.507787,
        1.968504 -0.658768 -0.503898,
        1.968504 -0.621622 -0.485218,
        1.968504 -0.648948 -0.504431,
        1.968504 -0.639128 -0.505606,
        1.968504 -0.750345 -0.538667,
        1.968504 -0.723034 -0.519798,
        1.968504 -0.735872 -0.757187,
        1.968504 -0.761239 -0.735313,
        1.968504 -1.496063 -0.778606,
        1.968504 -0.705197 -0.772557,
        1.968504 -0.781261 -0.706482,
        1.968504 -0.793231 -0.674631,
        1.968504 -1.496063 -0.623287,
        1.968504 -0.797104 -0.642234,
        1.968504 -0.796805 -0.633117,
        1.968504 -0.794981 -0.623287,
        1.968504 -0.790853 -0.601052,
        1.968504 -0.692925 -0.776301,
        1.968504 -0.691848 -0.778606,
        1.968504 -0.684371 -0.794608,
        1.968504 -0.671675 -0.810282,
        1.968504 -0.576444 -0.826182,
        1.968504 -0.591149 -0.831827,
        1.968504 -0.203116 -1.437008,
        1.968504 -0.611802 -0.834369,
        1.968504 -1.496063 -1.437008,
        1.968504 -0.615113 -0.834306,
        1.968504 -0.635273 -0.831158,
        1.968504 -1.496063 -0.826182,
        1.968504 -0.647109 -0.826182,
        1.968504 -0.654973 -0.822876,
        1.968504 -0.531779 -0.778606,
        1.968504 -0.531844 -0.778881,
        1.968504 -0.203116 -0.826182,
        1.968504 -0.541934 -0.797923,
        1.968504 -0.555093 -0.812684,
        1.968504 -0.572103 -0.824516,
        1.968504 -0.422751 -0.728230,
        1.968504 -0.416892 -0.725915,
        1.968504 -0.406859 -0.677246,
        1.968504 -0.547757 -0.691762,
        1.968504 -0.433330 -0.631987,
        1.968504 -0.562667 -0.678183,
        1.968504 -0.580784 -0.668469,
        1.968504 -0.428002 -0.731951,
        1.968504 -0.266958 -0.715998,
        1.968504 -0.283893 -0.739582,
        1.968504 -0.203116 -0.778606,
        1.968504 -0.305653 -0.651881,
        1.968504 -0.309652 -0.635477,
        1.968504 -0.316210 -0.623287,
        1.968504 -0.741185 -0.623287,
        1.968504 -0.256193 -0.630621,
        1.968504 -0.252297 -0.658459,
        1.968504 -0.256224 -0.688967,
        1.968504 -0.410274 -0.725066,
        1.968504 -0.409443 -0.725126,
        1.968504 -0.406881 -0.725693,
        1.968504 -0.736187 -0.674529,
        1.968504 -0.725977 -0.691913,
        1.968504 -0.682618 -0.700708,
        1.968504 -0.710664 -0.707639,
        1.968504 -0.692071 -0.719088,
        1.968504 -0.651032 -0.672445,
        1.968504 -0.668495 -0.684570,
        1.968504 -0.743307 -0.640526,
        1.968504 -0.742296 -0.653623,
        1.968504 -0.632168 -0.665235,
        1.968504 -0.611802 -0.662729,
        1.968504 -0.601395 -0.663347,
        1.968504 -0.307142 -0.759260,
        1.968504 -0.333198 -0.772006,
        1.968504 -0.361600 -0.778009,
        1.968504 -0.436746 -0.751537,
        1.968504 -0.436529 -0.748167,
        1.968504 -0.526409 -0.740436,
        1.968504 -0.434814 -0.741668,
        1.968504 -0.431530 -0.735842,
        1.968504 -0.322565 -0.704469,
        1.968504 -0.313172 -0.691148,
        1.968504 -0.307288 -0.675928,
        1.968504 -0.305241 -0.659313,
        1.968504 -0.411982 -0.778009,
        1.968504 -0.416793 -0.777234,
        1.968504 -0.422441 -0.775010,
        1.968504 -0.427979 -0.771073,
        1.968504 -0.429964 -0.769053,
        1.968504 -0.433687 -0.763689,
        1.968504 -0.435936 -0.757898,
        1.968504 -0.526864 -0.757797,
        1.968504 -0.526409 -0.748976,
        1.968504 -0.405151 -0.725920,
        1.968504 -0.366724 -0.725920,
        1.968504 -0.351437 -0.722996,
        1.968504 -0.336365 -0.716025,
        1.968504 -0.323732 -0.705722,
        1.968504 -0.378679 -0.592707,
        1.968504 -0.733454 -0.600828,
        1.968504 -0.740765 -0.619874,
        1.968504 -0.371848 -0.592707,
        1.968504 -0.317582 -0.620737,
        1.968504 -0.327470 -0.609689,
        1.968504 -0.340716 -0.600443,
        1.968504 -0.355621 -0.594706,
        1.968504 -0.397046 -0.541469,
        1.968504 -0.416294 -0.518448,
        1.968504 -0.612656 -0.567943,
        1.968504 -0.418521 -0.516418,
        1.968504 -0.442516 -0.499774,
        1.968504 -0.599622 -0.540949,
        1.968504 -0.724581 -0.588072,
        1.968504 -0.618826 -0.564572,
        1.968504 -0.379696 -0.588072,
        1.968504 -0.383885 -0.568991,
        1.968504 -0.637976 -0.557593,
        1.968504 -0.657914 -0.555133,
        1.968504 -0.666735 -0.555589,
        1.968504 -0.580474 -0.518065,
        1.968504 -0.469296 -0.489519,
        1.968504 -0.557543 -0.501311,
        1.968504 -0.498229 -0.485965,
        1.968504 -0.529644 -0.490009,
        1.968504 -0.687820 -0.560569,
        1.968504 -0.706861 -0.570659,
        1.968504 -0.721622 -0.583817,
        1.968504 0.367086 -0.588072,
        1.968504 0.328080 -0.587059,
        1.968504 0.310948 -0.587059,
        1.968504 0.282334 -0.466955,
        1.968504 0.367086 -0.465942,
        1.968504 0.254626 -0.465942,
        1.968504 0.237142 -0.587059,
        1.968504 0.220010 -0.587059,
        1.968504 0.216679 -0.588072,
        1.968504 0.254626 -0.588072,
        1.968504 0.254626 -0.554208,
        1.968504 0.248685 -0.554208,
        1.968504 0.216679 -0.465942,
        1.968504 0.254626 -0.496175,
        1.968504 0.265756 -0.466955,
        1.968504 0.104219 -0.465942,
        1.968504 0.076220 -0.465942,
        1.968504 0.090143 -0.466955,
        1.968504 0.076220 -0.466955,
        1.968504 0.043783 -0.480770,
        1.968504 0.043783 -0.519209,
        1.968504 0.076220 -0.480770,
        1.968504 0.076220 -0.519209,
        1.968504 0.090143 -0.480770,
        1.968504 0.086735 -0.519209,
        1.968504 0.092875 -0.573366,
        1.968504 0.086735 -0.532963,
        1.968504 0.076220 -0.573366,
        1.968504 0.076220 -0.532963,
        1.968504 0.043783 -0.573366,
        1.968504 0.043783 -0.532963,
        1.968504 0.028279 -0.587059,
        1.968504 0.021325 -0.588072,
        1.968504 0.076220 -0.588072,
        1.968504 0.104219 -0.588072,
        1.968504 0.092875 -0.587059,
        1.968504 0.076220 -0.587059,
        1.968504 0.028279 -0.466955,
        1.968504 0.021325 -0.465942,
        1.968504 -0.009280 -0.480694,
        1.968504 -0.024067 -0.478928,
        1.968504 -0.000887 -0.569529,
        1.968504 0.004240 -0.486051,
        1.968504 0.004240 -0.567226,
        1.968504 0.002902 -0.485329,
        1.968504 -0.000887 -0.483887,
        1.968504 -0.030284 -0.479266,
        1.968504 -0.040520 -0.481580,
        1.968504 -0.049812 -0.486285,
        1.968504 -0.056794 -0.492253,
        1.968504 -0.057573 -0.493105,
        1.968504 -0.063388 -0.501443,
        1.968504 -0.067420 -0.511802,
        1.968504 -0.069413 -0.528358,
        1.968504 -0.069163 -0.534450,
        1.968504 -0.066987 -0.546092,
        1.968504 -0.021154 -0.575060,
        1.968504 -0.007571 -0.572531,
        1.968504 -0.047375 -0.570525,
        1.968504 -0.038809 -0.573824,
        1.968504 -0.026769 -0.575270,
        1.968504 -0.062874 -0.555556,
        1.968504 -0.057624 -0.562620,
        1.968504 -0.055230 -0.564985,
        1.968504 -0.011339 -0.465942,
        1.968504 -0.008477 -0.466167,
        1.968504 -0.000887 -0.465942,
        1.968504 -0.000887 -0.468359,
        1.968504 0.004240 -0.469841,
        1.968504 -0.024201 -0.464928,
        1.968504 -0.000887 2.500000,
        1.968504 -0.024220 -0.464928,
        1.968504 -0.080312 2.500000,
        1.968504 -0.032539 -0.465942,
        1.968504 -0.080312 -0.465942,
        1.968504 -0.077046 -0.493988,
        1.968504 -0.068339 -0.482613,
        1.968504 -0.065402 -0.479808,
        1.968504 -0.054163 -0.471925,
        1.968504 -0.041618 -0.467047,
        1.968504 -0.087511 -0.588072,
        1.968504 -0.080312 -0.588072,
        1.968504 -0.080312 -0.556526,
        1.968504 -0.087511 -0.465942,
        1.968504 -0.082750 -0.507329,
        1.968504 -0.080312 -0.501627,
        1.968504 -0.083301 -0.548888,
        1.968504 -0.085685 -0.529279,
        1.968504 -0.085474 -0.523009,
        1.968504 -0.039520 -0.588072,
        1.968504 -0.049283 -0.586061,
        1.968504 -0.060617 -0.580715,
        1.968504 -0.070272 -0.572691,
        1.968504 -0.071224 -0.571652,
        1.968504 -0.078402 -0.561409,
        1.968504 -0.036268 -0.588742,
        1.968504 -0.080312 -0.623287,
        1.968504 -0.029010 -0.589085,
        1.968504 -0.000887 -0.623287,
        1.968504 -0.018412 -0.588072,
        1.968504 0.004240 -0.582085,
        1.968504 0.002191 -0.583106,
        1.968504 -0.000887 -0.588072,
        1.968504 -0.000887 -0.584116,
        1.968504 -0.010704 -0.587335,
        1.968504 0.984252 2.500000,
        1.968504 1.026645 -0.465942,
        1.968504 1.004631 2.497317,
        1.968504 1.023622 2.489451,
        1.968504 1.501852 1.118693,
        1.968504 1.476378 1.122047,
        1.968504 1.433071 0.846457,
        1.968504 1.026645 2.487131,
        1.968504 1.062992 1.122047,
        1.968504 1.062992 2.421260,
        1.968504 1.216535 0.846457,
        1.968504 1.060309 2.441639,
        1.968504 1.052443 2.460630,
        1.968504 1.039930 2.476937,
        1.968504 1.574803 -0.465942,
        1.968504 1.574803 1.023622,
        1.968504 1.571449 1.049096,
        1.968504 1.561617 1.072835,
        1.968504 1.545975 1.093219,
        1.968504 1.525591 1.108861,
        1.968504 1.433071 -0.465942,
        1.968504 1.433071 -0.588072,
        1.968504 1.574803 -0.588072,
        1.968504 1.433071 -0.623287,
        1.968504 1.574803 -0.623287,
        1.968504 1.433071 -0.778606,
        1.968504 1.574803 -0.778606,
        1.968504 1.433071 -0.826182,
        1.968504 1.574803 -0.826182,
        1.968504 1.433071 -1.437008,
        1.968504 1.574803 -1.437008,
        1.968504 1.216535 -0.465942,
        1.968504 1.026645 -0.588072,
        1.968504 1.216535 -0.588072,
        1.968504 1.026645 -0.623287,
        1.968504 1.216535 -0.623287,
        1.968504 1.026645 -0.778606,
        1.968504 1.216535 -0.778606,
        1.968504 -0.072432 -0.742126,
        1.968504 -0.069328 -0.737238,
        1.968504 -0.066558 -0.712444,
        1.968504 -0.000887 -0.778606,
        1.968504 -0.006014 -0.777593,
        1.968504 -0.021058 -0.777593,
        1.968504 -0.033329 -0.702603,
        1.968504 -0.038435 -0.702067,
        1.968504 -0.046479 -0.726628,
        1.968504 -0.080312 -0.778606,
        1.968504 -0.072350 -0.766594,
        1.968504 -0.074181 -0.761520,
        1.968504 -0.007472 -0.709795,
        1.968504 -0.006014 -0.722391,
        1.968504 -0.064925 -0.733174,
        1.968504 -0.058872 -0.729839,
        1.968504 -0.056191 -0.705926,
        1.968504 -0.046769 -0.702870,
        1.968504 -0.062505 -0.776399,
        1.968504 -0.056737 -0.778574,
        1.968504 -0.056462 -0.778606,
        1.968504 -0.067571 -0.772865,
        1.968504 -0.069215 -0.771202,
        1.968504 -0.074939 -0.754628,
        1.968504 -0.074251 -0.747639,
        1.968504 -0.021058 -0.764330,
        1.968504 -0.021457 -0.764330,
        1.968504 -0.024560 -0.768880,
        1.968504 -0.029410 -0.773714,
        1.968504 -0.066558 -0.697830,
        1.968504 -0.026736 -0.690930,
        1.968504 -0.020687 -0.693012,
        1.968504 -0.015889 -0.696015,
        1.968504 -0.021058 -0.723067,
        1.968504 -0.021579 -0.716429,
        1.968504 -0.023133 -0.711067,
        1.968504 -0.024900 -0.707967,
        1.968504 -0.013121 -0.698679,
        1.968504 -0.009943 -0.703333,
        1.968504 -0.063468 -0.696040,
        1.968504 -0.052284 -0.691702,
        1.968504 -0.037023 -0.689848,
        1.968504 -0.027173 -0.705546,
        1.968504 -0.029842 -0.703823,
        1.968504 -0.047738 -0.779619,
        1.968504 -0.080312 -0.826182,
        1.968504 -0.039592 -0.778666,
        1.968504 -0.000887 -0.826182,
        1.968504 -0.039432 -0.778606,
        1.968504 0.014463 -0.714961,
        1.968504 0.015054 -0.709598,
        1.968504 0.016774 -0.725406,
        1.968504 0.015113 -0.720814,
        1.968504 0.014372 -0.759049,
        1.968504 0.020853 -0.762993,
        1.968504 0.021325 -0.763162,
        1.968504 0.021325 -0.731193,
        1.968504 0.018731 -0.728531,
        1.968504 0.021192 -0.731106,
        1.968504 0.027882 -0.778606,
        1.968504 0.024965 -0.778303,
        1.968504 0.021325 -0.778606,
        1.968504 0.021325 -0.777025,
        1.968504 0.014372 -0.774584,
        1.968504 0.068191 -0.693655,
        1.968504 0.068191 -0.708269,
        1.968504 0.024104 -0.696663,
        1.968504 0.027826 -0.694379,
        1.968504 0.021325 -0.623287,
        1.968504 0.063683 -0.736875,
        1.968504 0.067270 -0.740075,
        1.968504 0.016841 -0.704754,
        1.968504 0.019631 -0.700687,
        1.968504 0.021325 -0.699163,
        1.968504 0.071591 -0.760301,
        1.968504 0.069744 -0.765069,
        1.968504 0.066941 -0.769037,
        1.968504 0.035893 -0.691276,
        1.968504 0.047867 -0.689848,
        1.968504 0.076220 -0.623287,
        1.968504 0.058420 -0.690784,
        1.968504 0.070077 -0.744217,
        1.968504 0.071683 -0.748652,
        1.968504 0.072305 -0.754259,
        1.968504 0.034950 -0.722867,
        1.968504 0.047867 -0.728961,
        1.968504 0.046393 -0.702067,
        1.968504 0.062634 -0.772803,
        1.968504 0.059113 -0.774967,
        1.968504 0.053692 -0.731319,
        1.968504 0.064106 -0.705978,
        1.968504 0.055552 -0.703025,
        1.968504 0.041940 -0.702401,
        1.968504 0.037916 -0.703466,
        1.968504 0.029968 -0.713611,
        1.968504 0.034543 -0.705260,
        1.968504 0.030105 -0.715612,
        1.968504 0.030702 -0.717949,
        1.968504 0.031786 -0.719978,
        1.968504 0.033253 -0.721593,
        1.968504 0.032272 -0.707266,
        1.968504 0.030983 -0.709180,
        1.968504 0.030240 -0.711211,
        1.968504 0.030315 -0.766381,
        1.968504 0.037244 -0.739891,
        1.968504 0.028277 -0.735781,
        1.968504 0.039117 -0.767338,
        1.968504 0.039781 -0.767334,
        1.968504 0.047122 -0.744028,
        1.968504 0.047493 -0.766470,
        1.968504 0.056862 -0.755733,
        1.968504 0.056715 -0.753862,
        1.968504 0.051375 -0.765049,
        1.968504 0.052746 -0.764217,
        1.968504 0.054473 -0.762685,
        1.968504 0.055786 -0.760743,
        1.968504 0.056551 -0.758603,
        1.968504 0.056031 -0.751513,
        1.968504 0.054869 -0.749519,
        1.968504 0.052994 -0.747567,
        1.968504 0.178686 -0.657488,
        1.968504 0.216679 -0.657488,
        1.968504 0.216679 -0.623287,
        1.968504 0.119370 -0.756286,
        1.968504 0.121213 -0.763347,
        1.968504 0.121612 -0.763347,
        1.968504 0.162476 -0.691813,
        1.968504 0.104219 -0.623287,
        1.968504 0.146879 -0.691813,
        1.968504 0.104219 -0.712700,
        1.968504 0.123454 -0.756409,
        1.968504 0.122303 -0.760407,
        1.968504 0.104219 -0.778606,
        1.968504 0.104219 -0.753081,
        1.968504 0.080134 -0.691813,
        1.968504 0.096959 -0.691813,
        1.968504 0.113783 -0.777408,
        1.968504 0.113276 -0.778606,
        1.968504 0.107182 -0.793005,
        1.968504 0.076220 -0.826182,
        1.968504 0.083235 -0.816768,
        1.968504 0.083235 -0.803382,
        1.968504 0.101357 -0.801614,
        1.968504 0.104161 -0.798514,
        1.968504 0.104219 -0.798407,
        1.968504 0.037643 -0.779619,
        1.968504 0.021325 -0.826182,
        1.968504 0.086313 -0.804391,
        1.968504 0.091770 -0.805101,
        1.968504 0.104219 -0.815314,
        1.968504 0.099015 -0.817297,
        1.968504 0.104219 -0.826182,
        1.968504 0.092937 -0.817996,
        1.968504 0.089616 -0.817877,
        1.968504 0.095682 -0.804622,
        1.968504 0.098944 -0.803315,
        1.968504 0.123546 -0.790549,
        1.968504 0.116734 -0.803814,
        1.968504 0.216679 -0.826182,
        1.968504 0.128255 -0.778606,
        1.968504 0.111229 -0.810425,
        1.968504 0.110206 -0.811363,
        1.968504 0.104951 -0.815035,
        1.968504 0.240550 -0.657488,
        1.968504 0.240550 -0.671304,
        1.968504 0.254626 -0.623287,
        1.968504 0.243282 -0.763900,
        1.968504 0.254626 -0.778606,
        1.968504 0.243282 -0.777593,
        1.968504 0.216679 -0.778606,
        1.968504 0.216679 -0.777593,
        1.968504 0.178686 -0.777593,
        1.968504 0.194190 -0.671304,
        1.968504 0.194190 -0.709742,
        1.968504 0.216679 -0.671304,
        1.968504 0.216679 -0.709742,
        1.968504 0.237142 -0.709742,
        1.968504 0.237142 -0.723496,
        1.968504 0.216679 -0.763900,
        1.968504 0.216679 -0.723496,
        1.968504 0.194190 -0.763900,
        1.968504 0.194190 -0.723496,
        1.968504 -0.138430 -0.466955,
        1.968504 -0.138430 -0.573366,
        1.968504 -0.090597 -0.573366,
        1.968504 -0.153934 -0.587059,
        1.968504 -0.153934 -0.466955,
        1.968504 -0.090597 -0.587059,
        1.968504 -0.089338 -0.763900,
        1.968504 -0.089338 -0.777593,
        1.968504 -0.087511 -0.778606,
        1.968504 -0.153934 -0.777593,
        1.968504 -0.153934 -0.657488,
        1.968504 -0.087511 -0.623287,
        1.968504 -0.092070 -0.657488,
        1.968504 -0.092070 -0.671304,
        1.968504 -0.138430 -0.671304,
        1.968504 -0.138430 -0.709742,
        1.968504 -0.138430 -0.723496,
        1.968504 -0.138430 -0.763900,
        1.968504 -0.095478 -0.723496,
        1.968504 -0.095478 -0.709742,
        1.968504 -0.087511 2.500000,
        1.968504 -0.087511 -0.826182,
        1.968504 -0.033557 -0.776391,
        1.968504 0.210079 -0.547178,
        1.968504 0.204166 -0.559602,
        1.968504 0.195234 -0.570235,
        1.968504 0.182724 -0.579210,
        1.968504 0.149826 -0.466955,
        1.968504 0.168164 -0.468980,
        1.968504 0.182659 -0.474274,
        1.968504 0.169041 -0.584564,
        1.968504 0.148598 -0.587059,
        1.968504 0.115564 -0.587059,
        1.968504 0.115564 -0.466955,
        1.968504 0.195234 -0.482858,
        1.968504 0.199447 -0.486976,
        1.968504 0.206888 -0.497441,
        1.968504 0.211338 -0.508888,
        1.968504 0.213348 -0.525472,
        1.968504 0.212988 -0.533116,
        1.968504 0.021325 2.500000,
        1.968504 0.076220 2.500000,
        1.968504 0.104219 2.500000,
        1.968504 0.216679 2.500000,
        1.968504 0.254626 2.500000,
        1.968504 0.367086 2.500000,
        1.968504 0.318571 -0.659513,
        1.968504 0.333066 -0.664808,
        1.968504 0.367086 -0.623287,
        1.968504 0.360486 -0.737712,
        1.968504 0.354572 -0.750135,
        1.968504 0.367086 -0.778606,
        1.968504 0.345641 -0.760768,
        1.968504 0.333131 -0.769744,
        1.968504 0.319448 -0.775098,
        1.968504 0.299005 -0.777593,
        1.968504 0.265970 -0.777593,
        1.968504 0.265970 -0.657488,
        1.968504 0.300233 -0.657488,
        1.968504 0.298698 -0.554208,
        1.968504 0.345641 -0.673392,
        1.968504 0.349854 -0.677510,
        1.968504 0.357294 -0.687974,
        1.968504 0.361744 -0.699422,
        1.968504 0.363755 -0.716006,
        1.968504 0.363394 -0.723650,
        1.968504 0.387548 -0.777593,
        1.968504 0.370417 -0.777593,
        1.968504 0.461355 -0.777593,
        1.968504 0.449105 -0.744742,
        1.968504 0.399092 -0.744742,
        1.968504 0.416162 -0.657488,
        1.968504 0.432741 -0.657488,
        1.968504 0.478486 -0.777593,
        1.968504 0.254626 -0.826182,
        1.968504 0.367086 -0.826182,
        1.968504 1.026645 -0.826182,
        1.968504 1.216535 -0.826182,
        1.968504 -0.087511 -1.437008,
        1.968504 -0.080312 -1.437008,
        1.968504 -0.000887 -1.437008,
        1.968504 0.021325 -1.437008,
        1.968504 0.076220 -1.437008,
        1.968504 0.104219 -1.437008,
        1.968504 0.216679 -1.437008,
        1.968504 0.254626 -1.437008,
        1.968504 0.367086 -1.437008,
        1.968504 1.026645 -1.437008,
        1.968504 1.216535 -1.437008,
        1.176682 0.743209 2.500000,
        1.322350 0.689259 2.500000,
        0.455321 0.556435 2.500000,
        0.578157 0.651518 2.500000,
        -1.968504 0.984252 2.500000,
        1.454176 0.607092 2.500000,
        1.566763 0.500069 2.500000,
        1.655502 0.372574 2.500000,
        1.748030 -0.077669 2.500000,
        1.748030 0.077669 2.500000,
        1.716760 0.229826 2.500000,
        -0.791822 0.743209 2.500000,
        -0.646154 0.689259 2.500000,
        0.354138 0.438572 2.500000,
        -0.514328 0.607092 2.500000,
        -0.401741 0.500069 2.500000,
        -0.220474 0.077669 2.500000,
        0.278753 0.302754 2.500000,
        -0.251743 0.229826 2.500000,
        -0.313002 0.372574 2.500000,
        -1.614366 0.438572 2.500000,
        -1.513183 0.556435 2.500000,
        0.717620 0.719928 2.500000,
        0.867998 0.758863 2.500000,
        1.023136 0.766731 2.500000,
        -0.945368 -0.766731 2.500000,
        -1.100506 -0.758863 2.500000,
        -1.968504 -0.950391 2.500000,
        -1.250884 -0.719928 2.500000,
        -1.390346 -0.651518 2.500000,
        -1.513183 -0.556435 2.500000,
        -1.614366 -0.438572 2.500000,
        -1.689751 -0.302754 2.500000,
        -1.689751 0.302754 2.500000,
        -1.390346 0.651518 2.500000,
        -1.250884 0.719928 2.500000,
        -1.100506 0.758863 2.500000,
        -0.945368 0.766731 2.500000,
        0.354138 -0.438572 2.500000,
        0.278753 -0.302754 2.500000,
        -0.251743 -0.229826 2.500000,
        0.232251 -0.154540 2.500000,
        -0.220474 -0.077669 2.500000,
        0.216535 -0.000000 2.500000,
        0.232251 0.154540 2.500000,
        1.716760 -0.229826 2.500000,
        1.655502 -0.372574 2.500000,
        1.566763 -0.500069 2.500000,
        -1.736253 -0.154540 2.500000,
        -1.751969 -0.000000 2.500000,
        -1.736253 0.154540 2.500000,
        1.454176 -0.607092 2.500000,
        1.322350 -0.689259 2.500000,
        1.176682 -0.743209 2.500000,
        -0.401741 -0.500069 2.500000,
        0.717620 -0.719928 2.500000,
        -0.313002 -0.372574 2.500000,
        0.578157 -0.651518 2.500000,
        0.455321 -0.556435 2.500000,
        -0.514328 -0.607092 2.500000,
        -0.646154 -0.689259 2.500000,
        -0.791822 -0.743209 2.500000,
        1.023136 -0.766731 2.500000,
        0.867998 -0.758863 2.500000,
        -1.968504 1.476378 1.122047,
        -1.968504 1.501852 1.118693,
        -1.968504 1.525591 1.108861,
        -1.968504 1.545975 1.093219,
        -1.968504 1.561617 1.072835,
        -1.968504 1.571449 1.049096,
        -1.968504 1.574803 1.023622,
        -1.968504 -1.044665 2.429857,
        -1.968504 -1.034438 2.452796,
        -1.968504 -1.018738 2.472399,
        -1.968504 -0.998589 2.487391,
        -1.968504 -0.975300 2.496796,
        2.204724 1.127953 0.846457,
        2.204724 1.521654 0.846457,
        2.204724 1.127953 -1.437008,
        2.204724 1.521654 -1.437008,
        -1.732283 1.521654 0.846457,
        -1.732283 1.127953 0.846457,
        -1.968504 1.433071 0.846457,
        -1.968504 1.216535 0.846457,
        -1.968504 1.216535 -1.437008,
        -1.732283 1.127953 -1.437008,
        -1.732283 1.521654 -1.437008,
        -1.968504 1.433071 -1.437008,
        0.278753 0.302754 1.496063,
        0.232251 0.154540 1.496063,
        0.430184 0.131208 1.299213,
        0.459650 0.225124 1.299213,
        0.476243 0.255019 1.299213,
        0.354138 0.438572 1.496063,
        0.515706 0.326118 1.299213,
        0.549138 0.365061 1.299213,
        0.455321 0.556435 1.496063,
        0.590944 0.413760 1.299213,
        0.645085 0.455669 1.299213,
        0.578157 0.651518 1.496063,
        0.682284 0.484462 1.299213,
        0.759134 0.522159 1.299213,
        0.717620 0.719928 1.496063,
        0.785987 0.535331 1.299213,
        0.885412 0.561074 1.299213,
        0.867998 0.758863 1.496063,
        0.897807 0.564283 1.299213,
        1.023136 0.766731 1.496063,
        1.013166 0.570133 1.299213,
        1.017381 0.569488 1.299213,
        1.176682 0.743209 1.496063,
        1.127341 0.552643 1.299213,
        1.147365 0.545227 1.299213,
        1.322350 0.689259 1.496063,
        1.235658 0.512526 1.299213,
        1.268308 0.492175 1.299213,
        1.454176 0.607092 1.496063,
        1.333683 0.451427 1.299213,
        1.373989 0.413113 1.299213,
        1.566763 0.500069 1.496063,
        1.417401 0.371846 1.299213,
        1.458961 0.312135 1.299213,
        1.655502 0.372574 1.496063,
        1.483387 0.277043 1.299213,
        1.518830 0.194449 1.299213,
        1.716760 0.229826 1.496063,
        1.528938 0.170896 1.299213,
        1.550472 0.066112 1.299213,
        1.748030 0.077669 1.496063,
        1.552189 0.057754 1.299213,
        1.748030 -0.077669 1.496063,
        1.555118 -0.000000 1.299213,
        1.552189 -0.057754 1.299213,
        1.550472 -0.066112 1.299213,
        1.716760 -0.229826 1.496063,
        1.528938 -0.170896 1.299213,
        1.518830 -0.194449 1.299213,
        1.655502 -0.372574 1.496063,
        1.483387 -0.277043 1.299213,
        1.458961 -0.312135 1.299213,
        1.566763 -0.500069 1.496063,
        1.417401 -0.371846 1.299213,
        1.373989 -0.413113 1.299213,
        1.454176 -0.607092 1.496063,
        1.333683 -0.451427 1.299213,
        1.268308 -0.492175 1.299213,
        1.322350 -0.689259 1.496063,
        1.235658 -0.512526 1.299213,
        1.147365 -0.545227 1.299213,
        1.176682 -0.743209 1.496063,
        1.127341 -0.552643 1.299213,
        1.017381 -0.569488 1.299213,
        1.023136 -0.766731 1.496063,
        1.013166 -0.570133 1.299213,
        0.867998 -0.758863 1.496063,
        0.897807 -0.564283 1.299213,
        0.885412 -0.561074 1.299213,
        0.717620 -0.719928 1.496063,
        0.785987 -0.535331 1.299213,
        0.759134 -0.522159 1.299213,
        0.578157 -0.651518 1.496063,
        0.682284 -0.484462 1.299213,
        0.645085 -0.455669 1.299213,
        0.455321 -0.556435 1.496063,
        0.590944 -0.413760 1.299213,
        0.549138 -0.365061 1.299213,
        0.354138 -0.438572 1.496063,
        0.515706 -0.326118 1.299213,
        0.476243 -0.255019 1.299213,
        0.278753 -0.302754 1.496063,
        0.459650 -0.225124 1.299213,
        0.430184 -0.131208 1.299213,
        0.232251 -0.154540 1.496063,
        0.425072 -0.114915 1.299213,
        0.216535 -0.000000 1.496063,
        0.413386 -0.000000 1.299213,
        0.425072 0.114915 1.299213,
        0.428774 -0.131651 1.003937,
        0.413386 -0.000000 1.003937,
        0.474107 -0.256204 1.003937,
        0.546943 -0.366946 1.003937,
        0.643354 -0.457905 1.003937,
        0.758143 -0.524178 1.003937,
        0.885122 -0.562193 1.003937,
        1.017445 -0.569900 1.003937,
        1.147978 -0.546884 1.003937,
        1.269685 -0.494385 1.003937,
        1.376004 -0.415233 1.003937,
        1.461204 -0.313696 1.003937,
        1.520691 -0.195248 1.003937,
        1.551258 -0.066274 1.003937,
        1.551258 0.066274 1.003937,
        1.520691 0.195248 1.003937,
        1.461204 0.313696 1.003937,
        1.376004 0.415233 1.003937,
        1.269685 0.494385 1.003937,
        1.147978 0.546884 1.003937,
        0.885122 0.562193 1.003937,
        0.984252 0.570866 1.003937,
        1.017445 0.569900 1.003937,
        0.758143 0.524178 1.003937,
        0.643354 0.457905 1.003937,
        0.546943 0.366946 1.003937,
        0.474107 0.256204 1.003937,
        0.428774 0.131651 1.003937,
        1.195467 -1.496063 -1.437008,
        1.195467 -1.496063 -1.082677,
        1.102362 -0.118110 -1.437008,
        1.102362 -0.118110 -1.082677,
        0.773037 -1.496063 -1.082677,
        0.773037 -1.496063 -1.437008,
        0.866142 -0.118110 -1.082677,
        0.866142 -0.118110 -1.437008,
        1.102362 0.275591 -1.082677,
        1.102362 0.275591 -1.437008,
        0.866142 0.275591 -1.082677,
        0.866142 0.275591 -1.437008,
        0.177165 -1.423380 1.167474,
        0.177165 -1.259843 1.003937,
        1.791339 -1.423380 1.167474,
        1.791339 -1.259843 1.003937,
        0.177165 0.944882 -1.082677,
        0.177165 0.944882 1.003937,
        0.177165 -1.496063 -1.082677,
        0.177165 -1.496063 0.925197,
        1.791339 -1.496063 0.925197,
        1.791339 0.944882 1.003937,
        1.791339 0.944882 -1.082677,
        1.791339 -1.496063 -1.082677,
        -1.689751 0.302754 1.496063,
        -1.736253 0.154540 1.496063,
        -1.538320 0.131208 1.299213,
        -1.508854 0.225124 1.299213,
        -1.492261 0.255019 1.299213,
        -1.614366 0.438572 1.496063,
        -1.452798 0.326118 1.299213,
        -1.419366 0.365061 1.299213,
        -1.513183 0.556435 1.496063,
        -1.377560 0.413760 1.299213,
        -1.323418 0.455669 1.299213,
        -1.390346 0.651518 1.496063,
        -1.286220 0.484462 1.299213,
        -1.209370 0.522159 1.299213,
        -1.250884 0.719928 1.496063,
        -1.182517 0.535331 1.299213,
        -1.083092 0.561074 1.299213,
        -1.100506 0.758863 1.496063,
        -1.070697 0.564283 1.299213,
        -0.945368 0.766731 1.496063,
        -0.955338 0.570133 1.299213,
        -0.951122 0.569488 1.299213,
        -0.791822 0.743209 1.496063,
        -0.841163 0.552643 1.299213,
        -0.821139 0.545227 1.299213,
        -0.646154 0.689259 1.496063,
        -0.732846 0.512526 1.299213,
        -0.700196 0.492175 1.299213,
        -0.514328 0.607092 1.496063,
        -0.634821 0.451427 1.299213,
        -0.594515 0.413113 1.299213,
        -0.401741 0.500069 1.496063,
        -0.551103 0.371846 1.299213,
        -0.509543 0.312135 1.299213,
        -0.313002 0.372574 1.496063,
        -0.485117 0.277043 1.299213,
        -0.449674 0.194449 1.299213,
        -0.251743 0.229826 1.496063,
        -0.439566 0.170896 1.299213,
        -0.418032 0.066112 1.299213,
        -0.220474 0.077669 1.496063,
        -0.416315 0.057754 1.299213,
        -0.413386 -0.000000 1.299213,
        -0.220474 -0.077669 1.496063,
        -0.416315 -0.057754 1.299213,
        -0.418032 -0.066112 1.299213,
        -0.251743 -0.229826 1.496063,
        -0.439566 -0.170896 1.299213,
        -0.449674 -0.194449 1.299213,
        -0.313002 -0.372574 1.496063,
        -0.485117 -0.277043 1.299213,
        -0.509543 -0.312135 1.299213,
        -0.401741 -0.500069 1.496063,
        -0.551103 -0.371846 1.299213,
        -0.594515 -0.413113 1.299213,
        -0.514328 -0.607092 1.496063,
        -0.634821 -0.451427 1.299213,
        -0.700196 -0.492175 1.299213,
        -0.646154 -0.689259 1.496063,
        -0.732846 -0.512526 1.299213,
        -0.821139 -0.545227 1.299213,
        -0.791822 -0.743209 1.496063,
        -0.841163 -0.552643 1.299213,
        -0.951122 -0.569488 1.299213,
        -0.945368 -0.766731 1.496063,
        -0.955338 -0.570133 1.299213,
        -1.100506 -0.758863 1.496063,
        -1.070697 -0.564283 1.299213,
        -1.083092 -0.561074 1.299213,
        -1.250884 -0.719928 1.496063,
        -1.182517 -0.535331 1.299213,
        -1.209370 -0.522159 1.299213,
        -1.390346 -0.651518 1.496063,
        -1.286220 -0.484462 1.299213,
        -1.323418 -0.455669 1.299213,
        -1.513183 -0.556435 1.496063,
        -1.377560 -0.413760 1.299213,
        -1.419366 -0.365061 1.299213,
        -1.614366 -0.438572 1.496063,
        -1.452798 -0.326118 1.299213,
        -1.492261 -0.255019 1.299213,
        -1.689751 -0.302754 1.496063,
        -1.508854 -0.225124 1.299213,
        -1.538320 -0.131208 1.299213,
        -1.736253 -0.154540 1.496063,
        -1.543433 -0.114915 1.299213,
        -1.751969 -0.000000 1.496063,
        -1.555118 -0.000000 1.299213,
        -1.543433 0.114915 1.299213,
        -1.539730 -0.131651 1.003937,
        -1.555118 -0.000000 1.003937,
        -1.494397 -0.256204 1.003937,
        -1.421561 -0.366946 1.003937,
        -1.325150 -0.457905 1.003937,
        -1.210361 -0.524178 1.003937,
        -1.083382 -0.562193 1.003937,
        -0.951059 -0.569900 1.003937,
        -0.820526 -0.546884 1.003937,
        -0.698819 -0.494385 1.003937,
        -0.592500 -0.415233 1.003937,
        -0.507300 -0.313696 1.003937,
        -0.447813 -0.195248 1.003937,
        -0.417246 -0.066274 1.003937,
        -0.417246 0.066274 1.003937,
        -0.447813 0.195248 1.003937,
        -0.507300 0.313696 1.003937,
        -0.592500 0.415233 1.003937,
        -0.698819 0.494385 1.003937,
        -0.820526 0.546884 1.003937,
        -1.083382 0.562193 1.003937,
        -0.984252 0.570866 1.003937,
        -0.951059 0.569900 1.003937,
        -1.210361 0.524178 1.003937,
        -1.325150 0.457905 1.003937,
        -1.421561 0.366946 1.003937,
        -1.494397 0.256204 1.003937,
        -1.539730 0.131651 1.003937,
        -0.773037 -1.496063 -1.437008,
        -0.773037 -1.496063 -1.082677,
        -0.866142 -0.118110 -1.437008,
        -0.866142 -0.118110 -1.082677,
        -1.195467 -1.496063 -1.082677,
        -1.195467 -1.496063 -1.437008,
        -1.102362 -0.118110 -1.082677,
        -1.102362 -0.118110 -1.437008,
        -0.866142 0.275591 -1.082677,
        -0.866142 0.275591 -1.437008,
        -1.102362 0.275591 -1.082677,
        -1.102362 0.275591 -1.437008,
        -1.791339 -1.423380 1.167474,
        -1.791339 -1.259843 1.003937,
        -0.177165 -1.423380 1.167474,
        -0.177165 -1.259843 1.003937,
        -1.791339 0.944882 -1.082677,
        -1.791339 0.944882 1.003937,
        -1.791339 -1.496063 -1.082677,
        -1.791339 -1.496063 0.925197,
        -0.177165 -1.496063 0.925197,
        -0.177165 0.944882 1.003937,
        -0.177165 0.944882 -1.082677,
        -0.177165 -1.496063 -1.082677,
        -1.968504 1.574803 -1.437008,
        -1.968504 1.062992 1.122047,
        -1.968504 1.062992 2.421260,
        -1.968504 -1.496063 0.925197,
        -1.968504 -1.496063 -1.437008,
        -1.968504 1.004631 2.497317,
        -1.968504 1.023622 2.489451,
        -1.968504 1.039930 2.476937,
        -1.968504 1.052443 2.460630,
        -1.968504 1.060309 2.441639,
      ]
    }
    coordIndex [
      0, 1, 2, -1,
      3, 4, 5, -1,
      6, 7, 8, -1,
      9, 10, 11, -1,
      11, 10, 12, -1,
      11, 12, 13, -1,
      13, 14, 11, -1,
      11, 14, 15, -1,
      11, 15, 16, -1,
      17, 18, 19, -1,
      19, 18, 20, -1,
      19, 20, 21, -1,
      17, 22, 18, -1,
      18, 22, 23, -1,
      18, 23, 24, -1,
      24, 25, 18, -1,
      18, 25, 26, -1,
      18, 26, 27, -1,
      27, 26, 28, -1,
      27, 28, 29, -1,
      29, 28, 30, -1,
      29, 30, 31, -1,
      32, 33, 30, -1,
      30, 33, 34, -1,
      30, 34, 35, -1,
      30, 36, 31, -1,
      31, 36, 37, -1,
      31, 37, 38, -1,
      38, 37, 39, -1,
      38, 39, 40, -1,
      35, 41, 30, -1,
      30, 41, 42, -1,
      30, 42, 36, -1,
      43, 44, 45, -1,
      43, 45, 46, -1,
      44, 47, 45, -1,
      45, 47, 48, -1,
      45, 48, 49, -1,
      49, 48, 50, -1,
      50, 51, 49, -1,
      49, 51, 52, -1,
      49, 52, 32, -1,
      32, 52, 53, -1,
      32, 53, 33, -1,
      54, 46, 55, -1,
      55, 46, 45, -1,
      55, 45, 56, -1,
      56, 45, 57, -1,
      58, 59, 60, -1,
      60, 59, 61, -1,
      60, 61, 62, -1,
      61, 63, 62, -1,
      62, 63, 64, -1,
      62, 64, 65, -1,
      65, 64, 66, -1,
      65, 66, 45, -1,
      45, 66, 67, -1,
      45, 67, 57, -1,
      68, 69, 70, -1,
      69, 71, 70, -1,
      70, 71, 72, -1,
      70, 72, 73, -1,
      74, 75, 76, -1,
      77, 78, 79, -1,
      79, 78, 80, -1,
      74, 76, 81, -1,
      82, 83, 84, -1,
      85, 86, 78, -1,
      78, 86, 87, -1,
      78, 87, 88, -1,
      4, 89, 5, -1,
      5, 89, 90, -1,
      5, 90, 84, -1,
      84, 90, 91, -1,
      84, 91, 82, -1,
      75, 92, 76, -1,
      76, 92, 93, -1,
      76, 93, 94, -1,
      95, 96, 97, -1,
      97, 96, 98, -1,
      97, 98, 99, -1,
      100, 88, 101, -1,
      101, 88, 102, -1,
      101, 102, 97, -1,
      97, 102, 103, -1,
      97, 103, 95, -1,
      100, 104, 88, -1,
      88, 104, 105, -1,
      88, 105, 78, -1,
      78, 105, 106, -1,
      78, 106, 80, -1,
      83, 107, 84, -1,
      84, 107, 108, -1,
      84, 108, 109, -1,
      110, 111, 112, -1,
      112, 111, 113, -1,
      112, 113, 76, -1,
      76, 113, 114, -1,
      76, 114, 81, -1,
      115, 116, 76, -1,
      76, 116, 117, -1,
      76, 117, 78, -1,
      78, 117, 118, -1,
      78, 118, 85, -1,
      119, 120, 68, -1,
      120, 121, 68, -1,
      68, 121, 122, -1,
      68, 122, 123, -1,
      123, 124, 68, -1,
      68, 124, 125, -1,
      68, 125, 126, -1,
      126, 125, 110, -1,
      126, 110, 127, -1,
      127, 110, 112, -1,
      94, 128, 76, -1,
      76, 128, 129, -1,
      76, 129, 130, -1,
      130, 131, 76, -1,
      76, 131, 132, -1,
      76, 132, 115, -1,
      133, 134, 135, -1,
      135, 88, 133, -1,
      133, 88, 87, -1,
      133, 87, 136, -1,
      136, 87, 137, -1,
      137, 138, 136, -1,
      136, 138, 139, -1,
      136, 139, 140, -1,
      141, 142, 143, -1,
      142, 144, 143, -1,
      143, 144, 145, -1,
      143, 145, 146, -1,
      147, 143, 148, -1,
      134, 133, 147, -1,
      147, 133, 149, -1,
      147, 149, 143, -1,
      143, 149, 150, -1,
      143, 150, 141, -1,
      148, 151, 147, -1,
      147, 151, 152, -1,
      147, 152, 153, -1,
      146, 145, 154, -1,
      154, 145, 155, -1,
      154, 155, 156, -1,
      156, 155, 157, -1,
      156, 157, 158, -1,
      159, 160, 153, -1,
      153, 160, 161, -1,
      153, 161, 147, -1,
      162, 163, 164, -1,
      163, 162, 165, -1,
      165, 162, 166, -1,
      165, 166, 167, -1,
      168, 169, 170, -1,
      171, 172, 173, -1,
      170, 169, 174, -1,
      174, 169, 175, -1,
      174, 175, 167, -1,
      167, 175, 176, -1,
      167, 176, 165, -1,
      177, 178, 179, -1,
      179, 178, 180, -1,
      181, 182, 183, -1,
      183, 182, 184, -1,
      183, 184, 185, -1,
      185, 184, 186, -1,
      185, 186, 187, -1,
      187, 186, 188, -1,
      187, 188, 189, -1,
      189, 188, 190, -1,
      189, 190, 191, -1,
      191, 190, 192, -1,
      193, 194, 195, -1,
      179, 185, 177, -1,
      177, 185, 187, -1,
      177, 187, 196, -1,
      196, 187, 197, -1,
      196, 197, 195, -1,
      195, 197, 198, -1,
      195, 198, 193, -1,
      180, 178, 199, -1,
      199, 178, 200, -1,
      199, 200, 193, -1,
      201, 202, 203, -1,
      193, 200, 194, -1,
      194, 200, 204, -1,
      194, 204, 205, -1,
      205, 204, 206, -1,
      205, 206, 203, -1,
      203, 206, 207, -1,
      203, 207, 201, -1,
      202, 208, 203, -1,
      203, 208, 209, -1,
      203, 209, 210, -1,
      210, 211, 203, -1,
      203, 211, 212, -1,
      203, 212, 213, -1,
      213, 214, 203, -1,
      203, 214, 215, -1,
      203, 215, 216, -1,
      217, 218, 216, -1,
      216, 218, 219, -1,
      216, 219, 203, -1,
      220, 221, 222, -1,
      217, 223, 218, -1,
      218, 223, 224, -1,
      218, 224, 222, -1,
      222, 224, 225, -1,
      222, 225, 220, -1,
      226, 227, 228, -1,
      228, 227, 229, -1,
      228, 229, 200, -1,
      200, 229, 230, -1,
      200, 230, 204, -1,
      231, 232, 233, -1,
      233, 232, 234, -1,
      233, 234, 235, -1,
      236, 237, 238, -1,
      238, 239, 236, -1,
      236, 239, 240, -1,
      236, 240, 241, -1,
      242, 243, 244, -1,
      245, 246, 236, -1,
      236, 246, 247, -1,
      236, 247, 237, -1,
      244, 248, 242, -1,
      242, 248, 249, -1,
      242, 249, 245, -1,
      245, 249, 250, -1,
      245, 250, 246, -1,
      251, 252, 243, -1,
      243, 252, 253, -1,
      243, 253, 254, -1,
      254, 255, 243, -1,
      243, 255, 256, -1,
      243, 256, 244, -1,
      257, 258, 259, -1,
      259, 258, 260, -1,
      259, 260, 261, -1,
      205, 262, 194, -1,
      194, 262, 263, -1,
      194, 263, 264, -1,
      264, 263, 265, -1,
      264, 265, 266, -1,
      267, 268, 269, -1,
      269, 268, 270, -1,
      271, 272, 273, -1,
      270, 268, 274, -1,
      274, 268, 275, -1,
      274, 275, 276, -1,
      273, 272, 277, -1,
      276, 278, 274, -1,
      274, 278, 279, -1,
      274, 279, 280, -1,
      281, 282, 273, -1,
      273, 282, 283, -1,
      273, 283, 284, -1,
      284, 285, 273, -1,
      273, 285, 286, -1,
      273, 286, 271, -1,
      273, 287, 281, -1,
      281, 287, 288, -1,
      281, 288, 289, -1,
      289, 288, 290, -1,
      289, 290, 291, -1,
      291, 290, 292, -1,
      291, 292, 293, -1,
      293, 292, 294, -1,
      293, 294, 295, -1,
      295, 294, 296, -1,
      295, 296, 297, -1,
      272, 275, 277, -1,
      277, 275, 268, -1,
      277, 268, 298, -1,
      298, 268, 299, -1,
      298, 299, 300, -1,
      300, 299, 301, -1,
      300, 301, 302, -1,
      302, 301, 303, -1,
      302, 303, 304, -1,
      305, 306, 307, -1,
      308, 309, 310, -1,
      311, 312, 313, -1,
      314, 315, 316, -1,
      260, 317, 318, -1,
      306, 319, 307, -1,
      307, 319, 320, -1,
      307, 320, 321, -1,
      321, 320, 313, -1,
      321, 313, 322, -1,
      322, 313, 312, -1,
      323, 314, 324, -1,
      324, 314, 325, -1,
      323, 326, 314, -1,
      314, 326, 327, -1,
      314, 327, 315, -1,
      328, 329, 258, -1,
      330, 331, 310, -1,
      310, 331, 332, -1,
      310, 332, 333, -1,
      305, 307, 329, -1,
      329, 307, 334, -1,
      329, 334, 258, -1,
      335, 336, 260, -1,
      260, 336, 337, -1,
      338, 339, 313, -1,
      313, 339, 340, -1,
      313, 340, 341, -1,
      337, 342, 260, -1,
      260, 342, 343, -1,
      260, 343, 317, -1,
      334, 344, 258, -1,
      258, 344, 345, -1,
      258, 345, 260, -1,
      260, 345, 346, -1,
      260, 346, 335, -1,
      341, 347, 313, -1,
      313, 347, 348, -1,
      313, 348, 311, -1,
      349, 350, 351, -1,
      351, 350, 352, -1,
      351, 352, 353, -1,
      354, 355, 260, -1,
      356, 357, 358, -1,
      359, 360, 361, -1,
      356, 358, 362, -1,
      357, 354, 358, -1,
      358, 354, 260, -1,
      358, 260, 308, -1,
      308, 260, 318, -1,
      308, 318, 309, -1,
      359, 361, 358, -1,
      358, 361, 363, -1,
      358, 363, 362, -1,
      364, 365, 366, -1,
      366, 365, 367, -1,
      366, 367, 308, -1,
      308, 367, 368, -1,
      308, 368, 358, -1,
      369, 370, 2, -1,
      371, 372, 373, -1,
      374, 375, 370, -1,
      355, 376, 260, -1,
      260, 376, 377, -1,
      260, 377, 373, -1,
      373, 377, 378, -1,
      373, 378, 371, -1,
      379, 380, 2, -1,
      2, 380, 381, -1,
      372, 382, 373, -1,
      373, 382, 383, -1,
      373, 383, 384, -1,
      384, 383, 385, -1,
      384, 385, 369, -1,
      375, 386, 370, -1,
      370, 386, 387, -1,
      370, 387, 2, -1,
      2, 387, 388, -1,
      2, 388, 379, -1,
      389, 390, 391, -1,
      381, 392, 2, -1,
      2, 392, 393, -1,
      2, 393, 0, -1,
      374, 370, 394, -1,
      394, 370, 395, -1,
      394, 395, 390, -1,
      390, 395, 396, -1,
      390, 396, 391, -1,
      397, 398, 399, -1,
      399, 398, 400, -1,
      397, 399, 391, -1,
      391, 399, 401, -1,
      391, 401, 402, -1,
      402, 403, 391, -1,
      391, 403, 404, -1,
      391, 404, 389, -1,
      405, 406, 400, -1,
      400, 406, 407, -1,
      400, 407, 399, -1,
      408, 409, 360, -1,
      360, 409, 410, -1,
      360, 410, 361, -1,
      408, 411, 409, -1,
      409, 411, 412, -1,
      409, 412, 413, -1,
      413, 412, 414, -1,
      413, 415, 416, -1,
      414, 417, 413, -1,
      413, 417, 418, -1,
      413, 418, 419, -1,
      419, 420, 413, -1,
      413, 420, 421, -1,
      413, 421, 415, -1,
      416, 422, 413, -1,
      413, 422, 423, -1,
      413, 423, 424, -1,
      425, 426, 427, -1,
      428, 429, 430, -1,
      431, 432, 433, -1,
      433, 432, 434, -1,
      433, 434, 435, -1,
      435, 434, 428, -1,
      435, 428, 436, -1,
      436, 428, 430, -1,
      437, 438, 2, -1,
      2, 438, 439, -1,
      369, 2, 384, -1,
      384, 2, 439, -1,
      384, 439, 432, -1,
      432, 439, 440, -1,
      432, 440, 434, -1,
      441, 438, 442, -1,
      442, 438, 437, -1,
      442, 437, 443, -1,
      444, 445, 446, -1,
      447, 448, 437, -1,
      437, 448, 449, -1,
      437, 449, 443, -1,
      450, 451, 1, -1,
      1, 451, 444, -1,
      1, 444, 2, -1,
      2, 444, 446, -1,
      2, 446, 437, -1,
      437, 446, 452, -1,
      437, 452, 453, -1,
      454, 455, 456, -1,
      456, 455, 457, -1,
      456, 457, 444, -1,
      444, 457, 458, -1,
      444, 458, 445, -1,
      453, 459, 437, -1,
      437, 459, 460, -1,
      437, 460, 447, -1,
      461, 462, 463, -1,
      461, 463, 464, -1,
      462, 465, 463, -1,
      463, 465, 466, -1,
      463, 466, 456, -1,
      456, 466, 467, -1,
      456, 467, 454, -1,
      468, 469, 470, -1,
      470, 469, 471, -1,
      470, 471, 472, -1,
      472, 471, 473, -1,
      472, 473, 474, -1,
      474, 473, 475, -1,
      474, 475, 476, -1,
      477, 478, 479, -1,
      479, 478, 480, -1,
      479, 480, 469, -1,
      469, 480, 481, -1,
      469, 481, 471, -1,
      471, 481, 482, -1,
      471, 482, 483, -1,
      483, 482, 484, -1,
      483, 484, 485, -1,
      485, 484, 486, -1,
      487, 488, 489, -1,
      242, 490, 8, -1,
      8, 490, 11, -1,
      8, 11, 6, -1,
      6, 11, 16, -1,
      490, 491, 11, -1,
      11, 491, 487, -1,
      11, 487, 245, -1,
      245, 487, 489, -1,
      245, 489, 242, -1,
      242, 489, 492, -1,
      242, 492, 490, -1,
      493, 494, 495, -1,
      495, 494, 496, -1,
      495, 496, 84, -1,
      84, 496, 5, -1,
      5, 496, 497, -1,
      5, 497, 498, -1,
      498, 497, 499, -1,
      498, 499, 500, -1,
      500, 501, 502, -1,
      503, 504, 505, -1,
      505, 504, 493, -1,
      505, 493, 506, -1,
      21, 9, 19, -1,
      19, 9, 11, -1,
      19, 11, 507, -1,
      507, 11, 245, -1,
      507, 245, 234, -1,
      234, 245, 236, -1,
      234, 236, 235, -1,
      235, 236, 241, -1,
      7, 3, 8, -1,
      8, 3, 5, -1,
      8, 5, 242, -1,
      242, 5, 498, -1,
      242, 498, 243, -1,
      243, 498, 258, -1,
      243, 258, 251, -1,
      251, 258, 257, -1,
      502, 506, 500, -1,
      500, 506, 493, -1,
      500, 493, 498, -1,
      498, 493, 495, -1,
      498, 495, 258, -1,
      258, 495, 314, -1,
      258, 314, 328, -1,
      328, 314, 316, -1,
      349, 325, 350, -1,
      350, 325, 314, -1,
      350, 314, 508, -1,
      508, 314, 495, -1,
      508, 495, 70, -1,
      70, 495, 84, -1,
      70, 84, 68, -1,
      68, 84, 109, -1,
      68, 109, 119, -1,
      333, 509, 310, -1,
      310, 509, 353, -1,
      310, 353, 308, -1,
      308, 353, 352, -1,
      308, 352, 366, -1,
      366, 352, 451, -1,
      366, 451, 364, -1,
      364, 451, 450, -1,
      266, 261, 264, -1,
      264, 261, 260, -1,
      264, 260, 194, -1,
      194, 260, 373, -1,
      194, 373, 195, -1,
      195, 373, 384, -1,
      195, 384, 196, -1,
      196, 384, 432, -1,
      196, 432, 170, -1,
      510, 511, 170, -1,
      170, 511, 512, -1,
      170, 512, 513, -1,
      177, 514, 174, -1,
      174, 514, 515, -1,
      174, 515, 516, -1,
      513, 517, 170, -1,
      170, 517, 518, -1,
      170, 518, 196, -1,
      196, 518, 519, -1,
      196, 519, 177, -1,
      177, 519, 520, -1,
      177, 520, 514, -1,
      516, 521, 174, -1,
      174, 521, 522, -1,
      174, 522, 523, -1,
      523, 524, 174, -1,
      174, 524, 525, -1,
      174, 525, 170, -1,
      170, 525, 526, -1,
      170, 526, 510, -1,
      171, 427, 470, -1,
      470, 427, 426, -1,
      470, 426, 468, -1,
      231, 226, 232, -1,
      232, 226, 228, -1,
      232, 228, 527, -1,
      527, 228, 200, -1,
      527, 200, 528, -1,
      528, 200, 178, -1,
      528, 178, 529, -1,
      529, 178, 177, -1,
      529, 177, 530, -1,
      530, 177, 174, -1,
      530, 174, 531, -1,
      531, 174, 167, -1,
      531, 167, 532, -1,
      532, 167, 166, -1,
      533, 534, 535, -1,
      536, 537, 538, -1,
      538, 537, 539, -1,
      538, 539, 540, -1,
      540, 541, 538, -1,
      538, 541, 542, -1,
      538, 542, 472, -1,
      472, 542, 543, -1,
      472, 543, 470, -1,
      470, 543, 544, -1,
      470, 544, 545, -1,
      546, 172, 164, -1,
      164, 172, 171, -1,
      164, 171, 162, -1,
      162, 171, 470, -1,
      162, 470, 535, -1,
      535, 470, 545, -1,
      535, 545, 533, -1,
      534, 547, 535, -1,
      535, 547, 548, -1,
      535, 548, 549, -1,
      549, 550, 535, -1,
      535, 550, 551, -1,
      535, 551, 538, -1,
      538, 551, 552, -1,
      538, 552, 536, -1,
      553, 554, 538, -1,
      555, 556, 557, -1,
      538, 554, 535, -1,
      535, 554, 558, -1,
      535, 558, 559, -1,
      557, 553, 555, -1,
      555, 553, 538, -1,
      555, 538, 560, -1,
      560, 538, 303, -1,
      560, 303, 559, -1,
      559, 303, 301, -1,
      559, 301, 535, -1,
      535, 301, 299, -1,
      535, 299, 162, -1,
      162, 299, 268, -1,
      162, 268, 166, -1,
      166, 268, 267, -1,
      166, 267, 532, -1,
      173, 168, 171, -1,
      171, 168, 170, -1,
      171, 170, 427, -1,
      427, 170, 432, -1,
      427, 432, 425, -1,
      425, 432, 431, -1,
      425, 431, 476, -1,
      476, 431, 464, -1,
      476, 464, 474, -1,
      474, 464, 463, -1,
      474, 463, 472, -1,
      472, 463, 561, -1,
      472, 561, 538, -1,
      538, 561, 562, -1,
      538, 562, 303, -1,
      303, 562, 563, -1,
      303, 563, 304, -1,
      304, 563, 564, -1,
      73, 58, 70, -1,
      70, 58, 60, -1,
      70, 60, 508, -1,
      508, 60, 565, -1,
      508, 565, 350, -1,
      350, 565, 566, -1,
      350, 566, 352, -1,
      352, 566, 567, -1,
      352, 567, 451, -1,
      451, 567, 568, -1,
      451, 568, 444, -1,
      444, 568, 569, -1,
      444, 569, 456, -1,
      456, 569, 570, -1,
      456, 570, 463, -1,
      463, 570, 571, -1,
      463, 571, 561, -1,
      561, 571, 572, -1,
      561, 572, 562, -1,
      562, 572, 573, -1,
      562, 573, 563, -1,
      563, 573, 574, -1,
      563, 574, 564, -1,
      564, 574, 575, -1,
      576, 577, 267, -1,
      578, 579, 580, -1,
      577, 581, 267, -1,
      267, 581, 582, -1,
      267, 582, 583, -1,
      584, 17, 585, -1,
      585, 17, 267, -1,
      585, 267, 586, -1,
      586, 267, 583, -1,
      587, 588, 589, -1,
      589, 588, 590, -1,
      589, 590, 591, -1,
      592, 593, 594, -1,
      594, 593, 589, -1,
      594, 589, 595, -1,
      595, 589, 591, -1,
      596, 597, 580, -1,
      579, 598, 580, -1,
      580, 598, 599, -1,
      580, 599, 267, -1,
      267, 599, 600, -1,
      267, 600, 576, -1,
      601, 602, 603, -1,
      603, 602, 604, -1,
      603, 604, 605, -1,
      605, 606, 603, -1,
      603, 606, 607, -1,
      603, 607, 608, -1,
      596, 580, 609, -1,
      597, 610, 580, -1,
      580, 610, 611, -1,
      580, 611, 612, -1,
      612, 613, 580, -1,
      580, 613, 587, -1,
      580, 587, 578, -1,
      578, 587, 589, -1,
      614, 615, 616, -1,
      616, 615, 617, -1,
      616, 617, 618, -1,
      618, 617, 619, -1,
      618, 619, 592, -1,
      592, 619, 620, -1,
      592, 620, 593, -1,
      584, 621, 17, -1,
      17, 621, 622, -1,
      17, 622, 623, -1,
      608, 624, 603, -1,
      603, 624, 625, -1,
      603, 625, 580, -1,
      580, 625, 626, -1,
      580, 626, 609, -1,
      623, 627, 17, -1,
      17, 627, 628, -1,
      17, 628, 629, -1,
      630, 631, 632, -1,
      632, 631, 633, -1,
      632, 633, 616, -1,
      616, 633, 634, -1,
      616, 634, 614, -1,
      630, 635, 631, -1,
      631, 635, 636, -1,
      631, 636, 637, -1,
      629, 638, 17, -1,
      17, 638, 639, -1,
      17, 639, 603, -1,
      603, 639, 631, -1,
      603, 631, 601, -1,
      601, 631, 637, -1,
      640, 272, 271, -1,
      640, 271, 641, -1,
      641, 271, 286, -1,
      641, 286, 642, -1,
      642, 286, 285, -1,
      642, 285, 643, -1,
      643, 285, 284, -1,
      643, 284, 644, -1,
      644, 284, 283, -1,
      644, 283, 645, -1,
      645, 283, 282, -1,
      645, 282, 646, -1,
      647, 26, 25, -1,
      647, 25, 648, -1,
      648, 25, 24, -1,
      648, 24, 649, -1,
      649, 24, 23, -1,
      649, 23, 650, -1,
      650, 23, 22, -1,
      650, 22, 651, -1,
      651, 22, 17, -1,
      651, 17, 603, -1,
      652, 653, 277, -1,
      277, 653, 273, -1,
      652, 277, 654, -1,
      654, 277, 575, -1,
      653, 652, 655, -1,
      655, 652, 654, -1,
      273, 653, 296, -1,
      296, 653, 655, -1,
      656, 657, 658, -1,
      658, 657, 659, -1,
      659, 657, 660, -1,
      660, 657, 661, -1,
      657, 656, 661, -1,
      661, 656, 662, -1,
      656, 658, 662, -1,
      662, 658, 663, -1,
      664, 665, 666, -1,
      666, 667, 664, -1,
      664, 667, 668, -1,
      664, 668, 669, -1,
      668, 670, 669, -1,
      669, 670, 671, -1,
      669, 671, 672, -1,
      671, 673, 672, -1,
      672, 673, 674, -1,
      672, 674, 675, -1,
      674, 676, 675, -1,
      675, 676, 677, -1,
      675, 677, 678, -1,
      677, 679, 678, -1,
      678, 679, 680, -1,
      678, 680, 681, -1,
      681, 680, 682, -1,
      681, 682, 683, -1,
      682, 684, 683, -1,
      683, 684, 685, -1,
      683, 685, 686, -1,
      685, 687, 686, -1,
      686, 687, 688, -1,
      686, 688, 689, -1,
      688, 690, 689, -1,
      689, 690, 691, -1,
      689, 691, 692, -1,
      691, 693, 692, -1,
      692, 693, 694, -1,
      692, 694, 695, -1,
      694, 696, 695, -1,
      695, 696, 697, -1,
      695, 697, 698, -1,
      697, 699, 698, -1,
      698, 699, 700, -1,
      698, 700, 701, -1,
      700, 702, 701, -1,
      701, 702, 703, -1,
      701, 703, 704, -1,
      704, 703, 705, -1,
      704, 705, 706, -1,
      706, 705, 707, -1,
      707, 708, 706, -1,
      706, 708, 709, -1,
      706, 709, 710, -1,
      709, 711, 710, -1,
      710, 711, 712, -1,
      710, 712, 713, -1,
      712, 714, 713, -1,
      713, 714, 715, -1,
      713, 715, 716, -1,
      715, 717, 716, -1,
      716, 717, 718, -1,
      716, 718, 719, -1,
      718, 720, 719, -1,
      719, 720, 721, -1,
      719, 721, 722, -1,
      721, 723, 722, -1,
      722, 723, 724, -1,
      722, 724, 725, -1,
      724, 726, 725, -1,
      725, 726, 727, -1,
      725, 727, 728, -1,
      728, 727, 729, -1,
      728, 729, 730, -1,
      729, 731, 730, -1,
      730, 731, 732, -1,
      730, 732, 733, -1,
      732, 734, 733, -1,
      733, 734, 735, -1,
      733, 735, 736, -1,
      735, 737, 736, -1,
      736, 737, 738, -1,
      736, 738, 739, -1,
      738, 740, 739, -1,
      739, 740, 741, -1,
      739, 741, 742, -1,
      741, 743, 742, -1,
      742, 743, 744, -1,
      742, 744, 745, -1,
      744, 746, 745, -1,
      745, 746, 747, -1,
      745, 747, 748, -1,
      748, 747, 749, -1,
      748, 749, 750, -1,
      750, 749, 751, -1,
      750, 751, 665, -1,
      665, 751, 752, -1,
      665, 752, 666, -1,
      749, 753, 754, -1,
      749, 747, 753, -1,
      753, 747, 746, -1,
      753, 746, 755, -1,
      746, 744, 755, -1,
      755, 744, 743, -1,
      755, 743, 756, -1,
      743, 741, 756, -1,
      756, 741, 740, -1,
      756, 740, 757, -1,
      740, 738, 757, -1,
      757, 738, 737, -1,
      757, 737, 758, -1,
      732, 759, 734, -1,
      734, 759, 758, -1,
      734, 758, 735, -1,
      735, 758, 737, -1,
      732, 731, 759, -1,
      759, 731, 729, -1,
      759, 729, 760, -1,
      729, 727, 760, -1,
      760, 727, 726, -1,
      760, 726, 761, -1,
      726, 724, 761, -1,
      761, 724, 723, -1,
      761, 723, 762, -1,
      723, 721, 762, -1,
      762, 721, 720, -1,
      762, 720, 763, -1,
      720, 718, 763, -1,
      763, 718, 717, -1,
      763, 717, 764, -1,
      717, 715, 764, -1,
      764, 715, 714, -1,
      764, 714, 765, -1,
      714, 712, 765, -1,
      765, 712, 711, -1,
      765, 711, 766, -1,
      766, 711, 709, -1,
      766, 709, 708, -1,
      708, 707, 766, -1,
      766, 707, 705, -1,
      766, 705, 767, -1,
      705, 703, 767, -1,
      767, 703, 702, -1,
      767, 702, 768, -1,
      702, 700, 768, -1,
      768, 700, 699, -1,
      768, 699, 769, -1,
      699, 697, 769, -1,
      769, 697, 696, -1,
      769, 696, 770, -1,
      696, 694, 770, -1,
      770, 694, 693, -1,
      770, 693, 771, -1,
      693, 691, 771, -1,
      771, 691, 690, -1,
      771, 690, 772, -1,
      682, 773, 774, -1,
      690, 688, 772, -1,
      772, 688, 687, -1,
      772, 687, 775, -1,
      775, 687, 685, -1,
      775, 685, 774, -1,
      774, 685, 684, -1,
      774, 684, 682, -1,
      682, 680, 773, -1,
      773, 680, 679, -1,
      773, 679, 776, -1,
      679, 677, 776, -1,
      776, 677, 676, -1,
      776, 676, 777, -1,
      676, 674, 777, -1,
      777, 674, 673, -1,
      777, 673, 778, -1,
      673, 671, 778, -1,
      778, 671, 670, -1,
      778, 670, 779, -1,
      670, 668, 779, -1,
      779, 668, 667, -1,
      779, 667, 780, -1,
      667, 666, 780, -1,
      780, 666, 752, -1,
      780, 752, 754, -1,
      754, 752, 751, -1,
      754, 751, 749, -1,
      750, 619, 748, -1,
      748, 619, 617, -1,
      748, 617, 745, -1,
      745, 617, 615, -1,
      745, 615, 742, -1,
      742, 615, 614, -1,
      742, 614, 739, -1,
      739, 614, 634, -1,
      739, 634, 736, -1,
      736, 634, 633, -1,
      736, 633, 733, -1,
      733, 633, 631, -1,
      733, 631, 730, -1,
      730, 631, 639, -1,
      730, 639, 728, -1,
      728, 639, 638, -1,
      728, 638, 725, -1,
      725, 638, 629, -1,
      725, 629, 722, -1,
      722, 629, 628, -1,
      722, 628, 719, -1,
      719, 628, 627, -1,
      719, 627, 716, -1,
      716, 627, 623, -1,
      716, 623, 713, -1,
      713, 623, 622, -1,
      713, 622, 710, -1,
      710, 622, 621, -1,
      710, 621, 706, -1,
      706, 621, 584, -1,
      706, 584, 704, -1,
      704, 584, 585, -1,
      704, 585, 701, -1,
      701, 585, 586, -1,
      701, 586, 698, -1,
      698, 586, 583, -1,
      698, 583, 695, -1,
      695, 583, 582, -1,
      695, 582, 692, -1,
      692, 582, 581, -1,
      692, 581, 689, -1,
      689, 581, 577, -1,
      689, 577, 686, -1,
      686, 577, 576, -1,
      686, 576, 683, -1,
      683, 576, 600, -1,
      683, 600, 681, -1,
      681, 600, 599, -1,
      681, 599, 678, -1,
      678, 599, 598, -1,
      678, 598, 675, -1,
      675, 598, 579, -1,
      675, 579, 672, -1,
      672, 579, 578, -1,
      672, 578, 669, -1,
      669, 578, 589, -1,
      669, 589, 664, -1,
      664, 589, 593, -1,
      664, 593, 665, -1,
      665, 593, 620, -1,
      665, 620, 750, -1,
      750, 620, 619, -1,
      781, 782, 783, -1,
      783, 782, 784, -1,
      785, 786, 787, -1,
      787, 786, 788, -1,
      789, 790, 784, -1,
      784, 790, 783, -1,
      791, 792, 789, -1,
      789, 792, 790, -1,
      787, 788, 791, -1,
      791, 788, 792, -1,
      793, 794, 795, -1,
      795, 794, 796, -1,
      797, 798, 799, -1,
      799, 798, 794, -1,
      799, 794, 800, -1,
      800, 794, 793, -1,
      801, 795, 796, -1,
      802, 803, 796, -1,
      796, 803, 804, -1,
      796, 804, 801, -1,
      805, 806, 807, -1,
      807, 808, 805, -1,
      805, 808, 809, -1,
      805, 809, 810, -1,
      809, 811, 810, -1,
      810, 811, 812, -1,
      810, 812, 813, -1,
      812, 814, 813, -1,
      813, 814, 815, -1,
      813, 815, 816, -1,
      815, 817, 816, -1,
      816, 817, 818, -1,
      816, 818, 819, -1,
      818, 820, 819, -1,
      819, 820, 821, -1,
      819, 821, 822, -1,
      822, 821, 823, -1,
      822, 823, 824, -1,
      823, 825, 824, -1,
      824, 825, 826, -1,
      824, 826, 827, -1,
      826, 828, 827, -1,
      827, 828, 829, -1,
      827, 829, 830, -1,
      829, 831, 830, -1,
      830, 831, 832, -1,
      830, 832, 833, -1,
      832, 834, 833, -1,
      833, 834, 835, -1,
      833, 835, 836, -1,
      835, 837, 836, -1,
      836, 837, 838, -1,
      836, 838, 839, -1,
      838, 840, 839, -1,
      839, 840, 841, -1,
      839, 841, 842, -1,
      841, 843, 842, -1,
      842, 843, 844, -1,
      842, 844, 845, -1,
      844, 846, 845, -1,
      845, 846, 847, -1,
      845, 847, 848, -1,
      847, 849, 848, -1,
      848, 849, 850, -1,
      848, 850, 851, -1,
      850, 852, 851, -1,
      851, 852, 853, -1,
      851, 853, 854, -1,
      853, 855, 854, -1,
      854, 855, 856, -1,
      854, 856, 857, -1,
      856, 858, 857, -1,
      857, 858, 859, -1,
      857, 859, 860, -1,
      859, 861, 860, -1,
      860, 861, 862, -1,
      860, 862, 863, -1,
      862, 864, 863, -1,
      863, 864, 865, -1,
      863, 865, 866, -1,
      865, 867, 866, -1,
      866, 867, 868, -1,
      866, 868, 869, -1,
      869, 868, 870, -1,
      869, 870, 871, -1,
      870, 872, 871, -1,
      871, 872, 873, -1,
      871, 873, 874, -1,
      873, 875, 874, -1,
      874, 875, 876, -1,
      874, 876, 877, -1,
      876, 878, 877, -1,
      877, 878, 879, -1,
      877, 879, 880, -1,
      879, 881, 880, -1,
      880, 881, 882, -1,
      880, 882, 883, -1,
      882, 884, 883, -1,
      883, 884, 885, -1,
      883, 885, 886, -1,
      885, 887, 886, -1,
      886, 887, 888, -1,
      886, 888, 889, -1,
      889, 888, 890, -1,
      889, 890, 891, -1,
      891, 890, 892, -1,
      891, 892, 806, -1,
      806, 892, 893, -1,
      806, 893, 807, -1,
      890, 894, 895, -1,
      890, 888, 894, -1,
      894, 888, 887, -1,
      894, 887, 896, -1,
      887, 885, 896, -1,
      896, 885, 884, -1,
      896, 884, 897, -1,
      884, 882, 897, -1,
      897, 882, 881, -1,
      897, 881, 898, -1,
      881, 879, 898, -1,
      898, 879, 878, -1,
      898, 878, 899, -1,
      873, 900, 875, -1,
      875, 900, 899, -1,
      875, 899, 876, -1,
      876, 899, 878, -1,
      873, 872, 900, -1,
      900, 872, 870, -1,
      900, 870, 901, -1,
      870, 868, 901, -1,
      901, 868, 867, -1,
      901, 867, 902, -1,
      867, 865, 902, -1,
      902, 865, 864, -1,
      902, 864, 903, -1,
      864, 862, 903, -1,
      903, 862, 861, -1,
      903, 861, 904, -1,
      861, 859, 904, -1,
      904, 859, 858, -1,
      904, 858, 905, -1,
      858, 856, 905, -1,
      905, 856, 855, -1,
      905, 855, 906, -1,
      855, 853, 906, -1,
      906, 853, 852, -1,
      906, 852, 907, -1,
      907, 852, 850, -1,
      907, 850, 849, -1,
      849, 847, 907, -1,
      907, 847, 846, -1,
      907, 846, 908, -1,
      846, 844, 908, -1,
      908, 844, 843, -1,
      908, 843, 909, -1,
      843, 841, 909, -1,
      909, 841, 840, -1,
      909, 840, 910, -1,
      840, 838, 910, -1,
      910, 838, 837, -1,
      910, 837, 911, -1,
      837, 835, 911, -1,
      911, 835, 834, -1,
      911, 834, 912, -1,
      834, 832, 912, -1,
      912, 832, 831, -1,
      912, 831, 913, -1,
      823, 914, 915, -1,
      831, 829, 913, -1,
      913, 829, 828, -1,
      913, 828, 916, -1,
      916, 828, 826, -1,
      916, 826, 915, -1,
      915, 826, 825, -1,
      915, 825, 823, -1,
      823, 821, 914, -1,
      914, 821, 820, -1,
      914, 820, 917, -1,
      820, 818, 917, -1,
      917, 818, 817, -1,
      917, 817, 918, -1,
      817, 815, 918, -1,
      918, 815, 814, -1,
      918, 814, 919, -1,
      814, 812, 919, -1,
      919, 812, 811, -1,
      919, 811, 920, -1,
      811, 809, 920, -1,
      920, 809, 808, -1,
      920, 808, 921, -1,
      808, 807, 921, -1,
      921, 807, 893, -1,
      921, 893, 895, -1,
      895, 893, 892, -1,
      895, 892, 890, -1,
      891, 625, 889, -1,
      889, 625, 624, -1,
      889, 624, 886, -1,
      886, 624, 608, -1,
      886, 608, 883, -1,
      883, 608, 607, -1,
      883, 607, 880, -1,
      880, 607, 606, -1,
      880, 606, 877, -1,
      877, 606, 605, -1,
      877, 605, 874, -1,
      874, 605, 604, -1,
      874, 604, 871, -1,
      871, 604, 602, -1,
      871, 602, 869, -1,
      869, 602, 601, -1,
      869, 601, 866, -1,
      866, 601, 637, -1,
      866, 637, 863, -1,
      863, 637, 636, -1,
      863, 636, 860, -1,
      860, 636, 635, -1,
      860, 635, 857, -1,
      857, 635, 630, -1,
      857, 630, 854, -1,
      854, 630, 632, -1,
      854, 632, 851, -1,
      851, 632, 616, -1,
      851, 616, 848, -1,
      848, 616, 618, -1,
      848, 618, 845, -1,
      845, 618, 592, -1,
      845, 592, 842, -1,
      842, 592, 594, -1,
      842, 594, 839, -1,
      839, 594, 595, -1,
      839, 595, 836, -1,
      836, 595, 591, -1,
      836, 591, 833, -1,
      833, 591, 590, -1,
      833, 590, 830, -1,
      830, 590, 588, -1,
      830, 588, 827, -1,
      827, 588, 587, -1,
      827, 587, 824, -1,
      824, 587, 613, -1,
      824, 613, 822, -1,
      822, 613, 612, -1,
      822, 612, 819, -1,
      819, 612, 611, -1,
      819, 611, 816, -1,
      816, 611, 610, -1,
      816, 610, 813, -1,
      813, 610, 597, -1,
      813, 597, 810, -1,
      810, 597, 596, -1,
      810, 596, 805, -1,
      805, 596, 609, -1,
      805, 609, 806, -1,
      806, 609, 626, -1,
      806, 626, 891, -1,
      891, 626, 625, -1,
      922, 923, 924, -1,
      924, 923, 925, -1,
      926, 927, 928, -1,
      928, 927, 929, -1,
      930, 931, 925, -1,
      925, 931, 924, -1,
      932, 933, 930, -1,
      930, 933, 931, -1,
      928, 929, 932, -1,
      932, 929, 933, -1,
      934, 935, 936, -1,
      936, 935, 937, -1,
      938, 939, 940, -1,
      940, 939, 935, -1,
      940, 935, 941, -1,
      941, 935, 934, -1,
      942, 936, 937, -1,
      943, 944, 937, -1,
      937, 944, 945, -1,
      937, 945, 942, -1,
      946, 646, 297, -1,
      297, 646, 282, -1,
      275, 272, 947, -1,
      947, 272, 640, -1,
      947, 948, 275, -1,
      275, 948, 276, -1,
      949, 941, 934, -1,
      936, 26, 934, -1,
      934, 26, 647, -1,
      934, 647, 949, -1,
      801, 28, 795, -1,
      795, 28, 26, -1,
      795, 26, 793, -1,
      793, 26, 936, -1,
      793, 936, 800, -1,
      800, 936, 942, -1,
      938, 944, 939, -1,
      939, 944, 943, -1,
      944, 938, 932, -1,
      940, 926, 938, -1,
      938, 926, 928, -1,
      938, 928, 932, -1,
      923, 945, 925, -1,
      925, 945, 944, -1,
      925, 944, 930, -1,
      930, 944, 932, -1,
      941, 949, 940, -1,
      940, 949, 950, -1,
      940, 950, 926, -1,
      926, 950, 927, -1,
      914, 917, 939, -1,
      939, 917, 918, -1,
      894, 935, 895, -1,
      895, 935, 939, -1,
      895, 939, 921, -1,
      894, 896, 935, -1,
      935, 896, 897, -1,
      935, 897, 898, -1,
      918, 919, 939, -1,
      939, 919, 920, -1,
      939, 920, 921, -1,
      898, 899, 935, -1,
      935, 899, 900, -1,
      935, 900, 937, -1,
      937, 900, 901, -1,
      937, 901, 902, -1,
      902, 903, 937, -1,
      937, 903, 904, -1,
      937, 904, 905, -1,
      905, 906, 937, -1,
      937, 906, 907, -1,
      937, 907, 943, -1,
      943, 907, 908, -1,
      943, 908, 909, -1,
      909, 910, 943, -1,
      943, 910, 911, -1,
      943, 911, 912, -1,
      912, 913, 943, -1,
      943, 913, 916, -1,
      943, 916, 939, -1,
      939, 916, 915, -1,
      939, 915, 914, -1,
      797, 803, 798, -1,
      798, 803, 802, -1,
      803, 797, 791, -1,
      799, 785, 797, -1,
      797, 785, 787, -1,
      797, 787, 791, -1,
      782, 804, 784, -1,
      784, 804, 803, -1,
      784, 803, 789, -1,
      789, 803, 791, -1,
      782, 781, 804, -1,
      804, 781, 62, -1,
      804, 62, 801, -1,
      801, 62, 28, -1,
      786, 785, 922, -1,
      922, 785, 799, -1,
      923, 922, 945, -1,
      945, 922, 799, -1,
      945, 799, 942, -1,
      942, 799, 800, -1,
      773, 776, 798, -1,
      794, 759, 796, -1,
      796, 759, 760, -1,
      796, 760, 761, -1,
      776, 777, 798, -1,
      798, 777, 778, -1,
      798, 778, 779, -1,
      761, 762, 796, -1,
      796, 762, 763, -1,
      796, 763, 764, -1,
      768, 769, 802, -1,
      802, 769, 770, -1,
      802, 770, 771, -1,
      771, 772, 802, -1,
      802, 772, 775, -1,
      802, 775, 798, -1,
      798, 775, 774, -1,
      798, 774, 773, -1,
      764, 765, 796, -1,
      796, 765, 766, -1,
      796, 766, 802, -1,
      802, 766, 767, -1,
      802, 767, 768, -1,
      755, 756, 794, -1,
      779, 780, 798, -1,
      798, 780, 754, -1,
      798, 754, 794, -1,
      794, 754, 753, -1,
      794, 753, 755, -1,
      756, 757, 794, -1,
      794, 757, 758, -1,
      794, 758, 759, -1,
      660, 661, 931, -1,
      655, 654, 296, -1,
      296, 654, 575, -1,
      575, 62, 781, -1,
      927, 950, 929, -1,
      929, 950, 660, -1,
      929, 660, 933, -1,
      933, 660, 931, -1,
      792, 296, 790, -1,
      790, 296, 575, -1,
      790, 575, 783, -1,
      783, 575, 781, -1,
      786, 922, 788, -1,
      788, 922, 924, -1,
      788, 924, 792, -1,
      792, 924, 931, -1,
      792, 931, 296, -1,
      296, 931, 661, -1,
      296, 661, 297, -1,
      297, 661, 662, -1,
      297, 662, 946, -1,
      946, 662, 663, -1,
      946, 663, 646, -1,
      646, 663, 658, -1,
      950, 949, 947, -1,
      947, 949, 647, -1,
      947, 647, 648, -1,
      660, 950, 659, -1,
      659, 950, 947, -1,
      659, 947, 658, -1,
      658, 947, 640, -1,
      648, 649, 947, -1,
      947, 649, 650, -1,
      947, 650, 651, -1,
      651, 603, 947, -1,
      947, 603, 580, -1,
      947, 580, 948, -1,
      948, 580, 951, -1,
      948, 951, 952, -1,
      640, 641, 658, -1,
      658, 641, 642, -1,
      658, 642, 643, -1,
      953, 954, 952, -1,
      952, 954, 955, -1,
      952, 955, 948, -1,
      643, 644, 658, -1,
      658, 644, 645, -1,
      658, 645, 646, -1,
      580, 267, 269, -1,
      580, 269, 951, -1,
      951, 269, 270, -1,
      951, 270, 952, -1,
      952, 270, 280, -1,
      952, 280, 953, -1,
      953, 280, 279, -1,
      953, 279, 954, -1,
      954, 279, 278, -1,
      954, 278, 955, -1,
      955, 278, 276, -1,
      955, 276, 948, -1,
    ]
  }
}

Shape {
  appearance Appearance {
    material Material {
      diffuseColor 0.0000 0.0000 0.0000
      specularColor 0.0000 0.0000 0.0000
      ambientIntensity 0.2
      transparency 0.0000
      shininess 0.5
    }
  }
  geometry IndexedFaceSet {
    ccw TRUE
    solid FALSE
    coord DEF co Coordinate {
      point [
        1.968504 0.090143 -0.466955,
        1.968504 0.076220 -0.466955,
        1.968504 0.043783 -0.480770,
        1.968504 0.043783 -0.519209,
        1.968504 0.076220 -0.480770,
        1.968504 0.076220 -0.519209,
        1.968504 0.090143 -0.480770,
        1.968504 0.086735 -0.519209,
        1.968504 0.092875 -0.573366,
        1.968504 0.086735 -0.532963,
        1.968504 0.076220 -0.573366,
        1.968504 0.076220 -0.532963,
        1.968504 0.043783 -0.573366,
        1.968504 0.043783 -0.532963,
        1.968504 0.028279 -0.587059,
        1.968504 0.092875 -0.587059,
        1.968504 0.076220 -0.587059,
        1.968504 0.028279 -0.466955,
        1.968504 -0.009280 -0.480694,
        1.968504 -0.024067 -0.478928,
        1.968504 -0.000887 -0.569529,
        1.968504 0.004240 -0.486051,
        1.968504 0.004240 -0.567226,
        1.968504 0.002902 -0.485329,
        1.968504 -0.000887 -0.483887,
        1.968504 -0.030284 -0.479266,
        1.968504 -0.040520 -0.481580,
        1.968504 -0.049812 -0.486285,
        1.968504 -0.056794 -0.492253,
        1.968504 -0.057573 -0.493105,
        1.968504 -0.063388 -0.501443,
        1.968504 -0.067420 -0.511802,
        1.968504 -0.069413 -0.528358,
        1.968504 -0.069163 -0.534450,
        1.968504 -0.066987 -0.546092,
        1.968504 -0.021154 -0.575060,
        1.968504 -0.007571 -0.572531,
        1.968504 -0.047375 -0.570525,
        1.968504 -0.038809 -0.573824,
        1.968504 -0.026769 -0.575270,
        1.968504 -0.062874 -0.555556,
        1.968504 -0.057624 -0.562620,
        1.968504 -0.055230 -0.564985,
        1.968504 -0.011339 -0.465942,
        1.968504 -0.008477 -0.466167,
        1.968504 -0.000887 -0.468359,
        1.968504 0.004240 -0.469841,
        1.968504 -0.024201 -0.464928,
        1.968504 -0.024220 -0.464928,
        1.968504 -0.032539 -0.465942,
        1.968504 -0.077046 -0.493988,
        1.968504 -0.068339 -0.482613,
        1.968504 -0.065402 -0.479808,
        1.968504 -0.054163 -0.471925,
        1.968504 -0.041618 -0.467047,
        1.968504 -0.080312 -0.556526,
        1.968504 -0.082750 -0.507329,
        1.968504 -0.080312 -0.501627,
        1.968504 -0.083301 -0.548888,
        1.968504 -0.085685 -0.529279,
        1.968504 -0.085474 -0.523009,
        1.968504 -0.039520 -0.588072,
        1.968504 -0.049283 -0.586061,
        1.968504 -0.060617 -0.580715,
        1.968504 -0.070272 -0.572691,
        1.968504 -0.071224 -0.571652,
        1.968504 -0.078402 -0.561409,
        1.968504 -0.036268 -0.588742,
        1.968504 -0.029010 -0.589085,
        1.968504 -0.018412 -0.588072,
        1.968504 0.004240 -0.582085,
        1.968504 0.002191 -0.583106,
        1.968504 -0.000887 -0.584116,
        1.968504 -0.010704 -0.587335,
        1.968504 -0.138430 -0.466955,
        1.968504 -0.138430 -0.573366,
        1.968504 -0.090597 -0.573366,
        1.968504 -0.153934 -0.587059,
        1.968504 -0.153934 -0.466955,
        1.968504 -0.090597 -0.587059,
        1.968504 0.210079 -0.547178,
        1.968504 0.204166 -0.559602,
        1.968504 0.195234 -0.570235,
        1.968504 0.182724 -0.579210,
        1.968504 0.149826 -0.466955,
        1.968504 0.168164 -0.468980,
        1.968504 0.182659 -0.474274,
        1.968504 0.169041 -0.584564,
        1.968504 0.148598 -0.587059,
        1.968504 0.115564 -0.587059,
        1.968504 0.115564 -0.466955,
        1.968504 0.195234 -0.482858,
        1.968504 0.199447 -0.486976,
        1.968504 0.206888 -0.497441,
        1.968504 0.211338 -0.508888,
        1.968504 0.213348 -0.525472,
        1.968504 0.212988 -0.533116,
        1.968543 -0.090597 -0.573366,
        1.968543 -0.090597 -0.587059,
        1.968543 -0.138430 -0.573366,
        1.968543 -0.138430 -0.466955,
        1.968543 -0.153934 -0.466955,
        1.968543 -0.153934 -0.587059,
        1.968543 0.004240 -0.582085,
        1.968543 0.002191 -0.583106,
        1.968543 -0.010704 -0.587335,
        1.968543 -0.029010 -0.589085,
        1.968543 0.004240 -0.567226,
        1.968543 -0.007571 -0.572531,
        1.968543 -0.021154 -0.575060,
        1.968543 -0.026769 -0.575270,
        1.968543 -0.038809 -0.573824,
        1.968543 -0.047375 -0.570525,
        1.968543 -0.055230 -0.564985,
        1.968543 -0.057624 -0.562620,
        1.968543 -0.062874 -0.555556,
        1.968543 -0.066987 -0.546092,
        1.968543 -0.069163 -0.534450,
        1.968543 -0.069413 -0.528358,
        1.968543 -0.067420 -0.511802,
        1.968543 -0.063388 -0.501443,
        1.968543 -0.057573 -0.493105,
        1.968543 -0.056794 -0.492253,
        1.968543 -0.049812 -0.486285,
        1.968543 -0.040520 -0.481580,
        1.968543 -0.030284 -0.479266,
        1.968543 -0.024067 -0.478928,
        1.968543 0.004240 -0.486051,
        1.968543 0.002902 -0.485329,
        1.968543 -0.009280 -0.480694,
        1.968543 0.004240 -0.469841,
        1.968543 -0.024220 -0.464928,
        1.968543 -0.024201 -0.464928,
        1.968543 -0.008477 -0.466167,
        1.968543 -0.041618 -0.467047,
        1.968543 -0.054163 -0.471925,
        1.968543 -0.065402 -0.479808,
        1.968543 -0.068339 -0.482613,
        1.968543 -0.077046 -0.493988,
        1.968543 -0.082750 -0.507329,
        1.968543 -0.085474 -0.523009,
        1.968543 -0.085685 -0.529279,
        1.968543 -0.083301 -0.548888,
        1.968543 -0.078402 -0.561409,
        1.968543 -0.071224 -0.571652,
        1.968543 -0.070272 -0.572691,
        1.968543 -0.036268 -0.588742,
        1.968543 -0.060617 -0.580715,
        1.968543 -0.049283 -0.586061,
        1.968543 0.092875 -0.573366,
        1.968543 0.092875 -0.587059,
        1.968543 0.043783 -0.573366,
        1.968543 0.043783 -0.532963,
        1.968543 0.086735 -0.532963,
        1.968543 0.086735 -0.519209,
        1.968543 0.043783 -0.519209,
        1.968543 0.043783 -0.480770,
        1.968543 0.090143 -0.480770,
        1.968543 0.090143 -0.466955,
        1.968543 0.028279 -0.466955,
        1.968543 0.028279 -0.587059,
        1.968543 0.195234 -0.570235,
        1.968543 0.182848 -0.562113,
        1.968543 0.182724 -0.579210,
        1.968543 0.175112 -0.567505,
        1.968543 0.169041 -0.584564,
        1.968543 0.165210 -0.571362,
        1.968543 0.148598 -0.587059,
        1.968543 0.148506 -0.573366,
        1.968543 0.115564 -0.587059,
        1.968543 0.131068 -0.573366,
        1.968543 0.115564 -0.466955,
        1.968543 0.131068 -0.480770,
        1.968543 0.149826 -0.466955,
        1.968543 0.149213 -0.480770,
        1.968543 0.153737 -0.480901,
        1.968543 0.168164 -0.468980,
        1.968543 0.166317 -0.482899,
        1.968543 0.182659 -0.474274,
        1.968543 0.176451 -0.486943,
        1.968543 0.195234 -0.482858,
        1.968543 0.183874 -0.492069,
        1.968543 0.199447 -0.486976,
        1.968543 0.187193 -0.495335,
        1.968543 0.206888 -0.497441,
        1.968543 0.191856 -0.502058,
        1.968543 0.211338 -0.508888,
        1.968543 0.195249 -0.510813,
        1.968543 0.213348 -0.525472,
        1.968543 0.197046 -0.525902,
        1.968543 0.212988 -0.533116,
        1.968543 0.196501 -0.534743,
        1.968543 0.210079 -0.547178,
        1.968543 0.193989 -0.545472,
        1.968543 0.204166 -0.559602,
        1.968543 0.189680 -0.554224,
        1.968543 0.184212 -0.560840,
        1.968504 0.149213 -0.480770,
        1.968504 0.131068 -0.480770,
        1.968504 0.131068 -0.573366,
        1.968504 0.148506 -0.573366,
        1.968504 0.184212 -0.560840,
        1.968504 0.182848 -0.562113,
        1.968504 0.175112 -0.567505,
        1.968504 0.165210 -0.571362,
        1.968504 0.197046 -0.525902,
        1.968504 0.196501 -0.534743,
        1.968504 0.193989 -0.545472,
        1.968504 0.189680 -0.554224,
        1.968504 0.183874 -0.492069,
        1.968504 0.187193 -0.495335,
        1.968504 0.191856 -0.502058,
        1.968504 0.195249 -0.510813,
        1.968504 0.153737 -0.480901,
        1.968504 0.166317 -0.482899,
        1.968504 0.176451 -0.486943,
      ]
    }
    coordIndex [
      97, 98, 76, -1,
      76, 98, 79, -1,
      99, 97, 75, -1,
      75, 97, 76, -1,
      100, 99, 74, -1,
      74, 99, 75, -1,
      101, 100, 78, -1,
      78, 100, 74, -1,
      102, 101, 77, -1,
      77, 101, 78, -1,
      98, 102, 79, -1,
      79, 102, 77, -1,
      100, 101, 99, -1,
      99, 101, 102, -1,
      99, 102, 97, -1,
      97, 102, 98, -1,
      70, 103, 104, -1,
      105, 106, 69, -1,
      69, 106, 68, -1,
      69, 73, 105, -1,
      105, 73, 72, -1,
      105, 72, 104, -1,
      104, 72, 71, -1,
      104, 71, 70, -1,
      107, 103, 22, -1,
      22, 103, 70, -1,
      107, 22, 20, -1,
      107, 20, 108, -1,
      20, 36, 108, -1,
      108, 36, 35, -1,
      108, 35, 109, -1,
      109, 35, 39, -1,
      109, 39, 110, -1,
      110, 39, 38, -1,
      110, 38, 111, -1,
      111, 38, 37, -1,
      111, 37, 112, -1,
      112, 37, 42, -1,
      112, 42, 113, -1,
      113, 42, 41, -1,
      113, 41, 114, -1,
      114, 41, 40, -1,
      114, 40, 115, -1,
      115, 40, 34, -1,
      115, 34, 116, -1,
      116, 34, 33, -1,
      116, 33, 117, -1,
      117, 33, 32, -1,
      117, 32, 118, -1,
      118, 32, 31, -1,
      118, 31, 119, -1,
      119, 31, 30, -1,
      119, 30, 120, -1,
      120, 30, 29, -1,
      120, 29, 121, -1,
      121, 29, 28, -1,
      121, 28, 122, -1,
      122, 28, 27, -1,
      122, 27, 123, -1,
      123, 27, 26, -1,
      123, 26, 124, -1,
      124, 26, 25, -1,
      124, 25, 125, -1,
      125, 25, 19, -1,
      125, 19, 126, -1,
      21, 127, 128, -1,
      126, 19, 18, -1,
      126, 18, 129, -1,
      129, 18, 24, -1,
      129, 24, 128, -1,
      128, 24, 23, -1,
      128, 23, 21, -1,
      130, 127, 46, -1,
      46, 127, 21, -1,
      48, 131, 132, -1,
      130, 46, 45, -1,
      130, 45, 133, -1,
      45, 44, 133, -1,
      133, 44, 43, -1,
      133, 43, 132, -1,
      132, 43, 47, -1,
      132, 47, 48, -1,
      131, 48, 49, -1,
      131, 49, 134, -1,
      49, 54, 134, -1,
      134, 54, 53, -1,
      134, 53, 135, -1,
      135, 53, 52, -1,
      135, 52, 136, -1,
      136, 52, 51, -1,
      136, 51, 137, -1,
      137, 51, 50, -1,
      137, 50, 138, -1,
      138, 50, 57, -1,
      138, 57, 139, -1,
      57, 56, 139, -1,
      139, 56, 60, -1,
      139, 60, 140, -1,
      140, 60, 59, -1,
      140, 59, 141, -1,
      141, 59, 58, -1,
      141, 58, 142, -1,
      142, 58, 55, -1,
      142, 55, 143, -1,
      55, 66, 143, -1,
      143, 66, 65, -1,
      143, 65, 144, -1,
      144, 65, 64, -1,
      144, 64, 145, -1,
      68, 106, 146, -1,
      145, 64, 63, -1,
      145, 63, 147, -1,
      147, 63, 62, -1,
      147, 62, 148, -1,
      148, 62, 61, -1,
      148, 61, 146, -1,
      146, 61, 67, -1,
      146, 67, 68, -1,
      128, 127, 130, -1,
      119, 120, 138, -1,
      138, 120, 137, -1,
      128, 130, 129, -1,
      129, 130, 133, -1,
      129, 133, 126, -1,
      126, 133, 132, -1,
      126, 132, 125, -1,
      125, 132, 131, -1,
      125, 131, 124, -1,
      124, 131, 134, -1,
      124, 134, 123, -1,
      103, 107, 104, -1,
      104, 107, 108, -1,
      104, 108, 105, -1,
      105, 108, 109, -1,
      105, 109, 106, -1,
      106, 109, 110, -1,
      106, 110, 146, -1,
      146, 110, 111, -1,
      146, 111, 148, -1,
      148, 111, 112, -1,
      148, 112, 147, -1,
      147, 112, 113, -1,
      147, 113, 145, -1,
      145, 113, 114, -1,
      145, 114, 144, -1,
      144, 114, 115, -1,
      144, 115, 143, -1,
      141, 118, 140, -1,
      140, 118, 119, -1,
      140, 119, 139, -1,
      139, 119, 138, -1,
      120, 121, 137, -1,
      137, 121, 122, -1,
      137, 122, 136, -1,
      136, 122, 123, -1,
      136, 123, 135, -1,
      135, 123, 134, -1,
      143, 115, 142, -1,
      142, 115, 116, -1,
      142, 116, 141, -1,
      141, 116, 117, -1,
      141, 117, 118, -1,
      149, 150, 8, -1,
      8, 150, 15, -1,
      12, 151, 10, -1,
      10, 151, 149, -1,
      10, 149, 8, -1,
      152, 151, 13, -1,
      13, 151, 12, -1,
      9, 153, 11, -1,
      11, 153, 152, -1,
      11, 152, 13, -1,
      154, 153, 7, -1,
      7, 153, 9, -1,
      3, 155, 5, -1,
      5, 155, 154, -1,
      5, 154, 7, -1,
      156, 155, 2, -1,
      2, 155, 3, -1,
      6, 157, 4, -1,
      4, 157, 156, -1,
      4, 156, 2, -1,
      158, 157, 0, -1,
      0, 157, 6, -1,
      17, 159, 1, -1,
      1, 159, 158, -1,
      1, 158, 0, -1,
      160, 159, 14, -1,
      14, 159, 17, -1,
      15, 150, 16, -1,
      16, 150, 160, -1,
      16, 160, 14, -1,
      160, 150, 149, -1,
      149, 151, 160, -1,
      160, 151, 152, -1,
      160, 152, 159, -1,
      157, 158, 156, -1,
      156, 158, 159, -1,
      156, 159, 155, -1,
      155, 159, 152, -1,
      155, 152, 154, -1,
      154, 152, 153, -1,
      161, 162, 163, -1,
      163, 162, 164, -1,
      163, 164, 165, -1,
      165, 164, 166, -1,
      165, 166, 167, -1,
      167, 166, 168, -1,
      167, 168, 169, -1,
      169, 168, 170, -1,
      169, 170, 171, -1,
      171, 170, 172, -1,
      171, 172, 173, -1,
      172, 174, 173, -1,
      173, 174, 175, -1,
      173, 175, 176, -1,
      176, 175, 177, -1,
      176, 177, 178, -1,
      178, 177, 179, -1,
      178, 179, 180, -1,
      180, 179, 181, -1,
      180, 181, 182, -1,
      182, 181, 183, -1,
      182, 183, 184, -1,
      184, 183, 185, -1,
      184, 185, 186, -1,
      186, 185, 187, -1,
      186, 187, 188, -1,
      188, 187, 189, -1,
      188, 189, 190, -1,
      190, 189, 191, -1,
      190, 191, 192, -1,
      192, 191, 193, -1,
      192, 193, 194, -1,
      194, 193, 195, -1,
      194, 195, 161, -1,
      161, 195, 196, -1,
      161, 196, 162, -1,
      167, 169, 88, -1,
      88, 169, 89, -1,
      167, 88, 87, -1,
      167, 87, 165, -1,
      165, 87, 83, -1,
      165, 83, 163, -1,
      163, 83, 82, -1,
      163, 82, 161, -1,
      161, 82, 81, -1,
      161, 81, 194, -1,
      194, 81, 80, -1,
      194, 80, 192, -1,
      192, 80, 96, -1,
      192, 96, 190, -1,
      190, 96, 95, -1,
      190, 95, 188, -1,
      188, 95, 94, -1,
      188, 94, 186, -1,
      186, 94, 93, -1,
      186, 93, 184, -1,
      184, 93, 92, -1,
      184, 92, 182, -1,
      182, 92, 91, -1,
      182, 91, 180, -1,
      180, 91, 86, -1,
      180, 86, 178, -1,
      178, 86, 85, -1,
      178, 85, 176, -1,
      176, 85, 84, -1,
      176, 84, 173, -1,
      171, 173, 90, -1,
      90, 173, 84, -1,
      169, 171, 89, -1,
      89, 171, 90, -1,
      174, 172, 197, -1,
      197, 172, 198, -1,
      172, 170, 198, -1,
      198, 170, 199, -1,
      170, 168, 199, -1,
      199, 168, 200, -1,
      196, 201, 202, -1,
      196, 202, 162, -1,
      162, 202, 203, -1,
      162, 203, 164, -1,
      164, 203, 204, -1,
      164, 204, 166, -1,
      166, 204, 200, -1,
      166, 200, 168, -1,
      189, 205, 206, -1,
      189, 206, 191, -1,
      191, 206, 207, -1,
      191, 207, 193, -1,
      193, 207, 208, -1,
      193, 208, 195, -1,
      195, 208, 201, -1,
      195, 201, 196, -1,
      181, 209, 210, -1,
      181, 210, 183, -1,
      183, 210, 211, -1,
      183, 211, 185, -1,
      185, 211, 212, -1,
      185, 212, 187, -1,
      187, 212, 205, -1,
      187, 205, 189, -1,
      174, 197, 213, -1,
      174, 213, 175, -1,
      175, 213, 214, -1,
      175, 214, 177, -1,
      177, 214, 215, -1,
      177, 215, 179, -1,
      179, 215, 209, -1,
      179, 209, 181, -1,
    ]
  }
}

Shape {
  appearance Appearance {
    material Material {
      diffuseColor 0.3922 0.6000 0.3922
      specularColor 0.3451 0.5294 0.3451
      ambientIntensity 0.2
      transparency 0.0000
      shininess 0.5
    }
  }
  geometry IndexedFaceSet {
    ccw TRUE
    solid FALSE
    coord DEF co Coordinate {
      point [
        1.968504 0.149213 -0.480770,
        1.968504 0.131068 -0.480770,
        1.968504 0.131068 -0.573366,
        1.968504 0.148506 -0.573366,
        1.968504 0.184212 -0.560840,
        1.968504 0.182848 -0.562113,
        1.968504 0.175112 -0.567505,
        1.968504 0.165210 -0.571362,
        1.968504 0.197046 -0.525902,
        1.968504 0.196501 -0.534743,
        1.968504 0.193989 -0.545472,
        1.968504 0.189680 -0.554224,
        1.968504 0.183874 -0.492069,
        1.968504 0.187193 -0.495335,
        1.968504 0.191856 -0.502058,
        1.968504 0.195249 -0.510813,
        1.968504 0.153737 -0.480901,
        1.968504 0.166317 -0.482899,
        1.968504 0.176451 -0.486943,
      ]
    }
    coordIndex [
      5, 4, 16, -1,
      5, 16, 6, -1,
      1, 2, 0, -1,
      0, 2, 3, -1,
      0, 3, 16, -1,
      16, 3, 7, -1,
      16, 7, 6, -1,
      4, 11, 16, -1,
      16, 11, 10, -1,
      16, 10, 9, -1,
      12, 9, 8, -1,
      12, 18, 9, -1,
      9, 18, 17, -1,
      9, 17, 16, -1,
      15, 14, 8, -1,
      8, 14, 13, -1,
      8, 13, 12, -1,
    ]
  }
}

Shape {
  appearance Appearance {
    material Material {
      diffuseColor 0.0000 0.0000 0.0000
      specularColor 0.0000 0.0000 0.0000
      ambientIntensity 0.2
      transparency 0.0000
      shininess 0.5
    }
  }
  geometry IndexedFaceSet {
    ccw TRUE
    solid FALSE
    coord DEF co Coordinate {
      point [
        1.968504 0.328080 -0.587059,
        1.968504 0.310948 -0.587059,
        1.968504 0.282334 -0.466955,
        1.968504 0.237142 -0.587059,
        1.968504 0.220010 -0.587059,
        1.968504 0.254626 -0.554208,
        1.968504 0.248685 -0.554208,
        1.968504 0.254626 -0.496175,
        1.968504 0.265756 -0.466955,
        1.968504 0.298698 -0.554208,
        1.968543 0.253598 -0.540638,
        1.968543 0.248685 -0.554208,
        1.968543 0.293909 -0.540638,
        1.968543 0.298698 -0.554208,
        1.968543 0.271558 -0.490718,
        1.968543 0.265756 -0.466955,
        1.968543 0.220010 -0.587059,
        1.968543 0.237142 -0.587059,
        1.968543 0.272598 -0.487133,
        1.968543 0.273523 -0.482306,
        1.968543 0.282334 -0.466955,
        1.968543 0.273891 -0.482306,
        1.968543 0.274862 -0.487387,
        1.968543 0.275764 -0.490718,
        1.968543 0.328080 -0.587059,
        1.968543 0.310948 -0.587059,
        1.968504 0.253598 -0.540638,
        1.968504 0.293909 -0.540638,
        1.968504 0.275764 -0.490718,
        1.968504 0.273891 -0.482306,
        1.968504 0.274862 -0.487387,
        1.968504 0.273523 -0.482306,
        1.968504 0.271558 -0.490718,
        1.968504 0.272598 -0.487133,
      ]
    }
    coordIndex [
      10, 11, 12, -1,
      12, 11, 13, -1,
      14, 15, 10, -1,
      10, 15, 16, -1,
      10, 16, 11, -1,
      11, 16, 17, -1,
      14, 18, 15, -1,
      15, 18, 19, -1,
      15, 19, 20, -1,
      20, 19, 21, -1,
      20, 21, 22, -1,
      22, 23, 20, -1,
      20, 23, 12, -1,
      20, 12, 24, -1,
      24, 12, 13, -1,
      24, 13, 25, -1,
      20, 24, 2, -1,
      2, 24, 0, -1,
      15, 20, 8, -1,
      8, 20, 2, -1,
      4, 16, 7, -1,
      7, 16, 15, -1,
      7, 15, 8, -1,
      17, 16, 3, -1,
      3, 16, 4, -1,
      11, 17, 6, -1,
      6, 17, 3, -1,
      9, 13, 5, -1,
      5, 13, 11, -1,
      5, 11, 6, -1,
      25, 13, 1, -1,
      1, 13, 9, -1,
      24, 25, 0, -1,
      0, 25, 1, -1,
      10, 12, 26, -1,
      26, 12, 27, -1,
      12, 23, 27, -1,
      27, 23, 28, -1,
      21, 29, 30, -1,
      21, 30, 22, -1,
      22, 30, 28, -1,
      22, 28, 23, -1,
      21, 19, 29, -1,
      29, 19, 31, -1,
      14, 32, 33, -1,
      14, 33, 18, -1,
      18, 33, 31, -1,
      18, 31, 19, -1,
      14, 10, 32, -1,
      32, 10, 26, -1,
    ]
  }
}

Shape {
  appearance Appearance {
    material Material {
      diffuseColor 0.3922 0.6000 0.3922
      specularColor 0.3451 0.5294 0.3451
      ambientIntensity 0.2
      transparency 0.0000
      shininess 0.5
    }
  }
  geometry IndexedFaceSet {
    ccw TRUE
    solid FALSE
    coord DEF co Coordinate {
      point [
        1.968504 0.253598 -0.540638,
        1.968504 0.293909 -0.540638,
        1.968504 0.275764 -0.490718,
        1.968504 0.273891 -0.482306,
        1.968504 0.274862 -0.487387,
        1.968504 0.273523 -0.482306,
        1.968504 0.271558 -0.490718,
        1.968504 0.272598 -0.487133,
      ]
    }
    coordIndex [
      3, 5, 4, -1,
      4, 5, 7, -1,
      4, 7, 2, -1,
      2, 7, 6, -1,
      2, 6, 1, -1,
      1, 6, 0, -1,
    ]
  }
}

Shape {
  appearance Appearance {
    material Material {
      diffuseColor 0.0000 0.0000 0.0000
      specularColor 0.0000 0.0000 0.0000
      ambientIntensity 0.2
      transparency 0.0000
      shininess 0.5
    }
  }
  geometry IndexedFaceSet {
    ccw TRUE
    solid FALSE
    coord DEF co Coordinate {
      point [
        1.968504 -0.072432 -0.742126,
        1.968504 -0.069328 -0.737238,
        1.968504 -0.066558 -0.712444,
        1.968504 -0.006014 -0.777593,
        1.968504 -0.021058 -0.777593,
        1.968504 -0.033329 -0.702603,
        1.968504 -0.038435 -0.702067,
        1.968504 -0.046479 -0.726628,
        1.968504 -0.072350 -0.766594,
        1.968504 -0.074181 -0.761520,
        1.968504 -0.007472 -0.709795,
        1.968504 -0.006014 -0.722391,
        1.968504 -0.064925 -0.733174,
        1.968504 -0.058872 -0.729839,
        1.968504 -0.056191 -0.705926,
        1.968504 -0.046769 -0.702870,
        1.968504 -0.062505 -0.776399,
        1.968504 -0.056737 -0.778574,
        1.968504 -0.056462 -0.778606,
        1.968504 -0.067571 -0.772865,
        1.968504 -0.069215 -0.771202,
        1.968504 -0.074939 -0.754628,
        1.968504 -0.074251 -0.747639,
        1.968504 -0.021058 -0.764330,
        1.968504 -0.021457 -0.764330,
        1.968504 -0.024560 -0.768880,
        1.968504 -0.029410 -0.773714,
        1.968504 -0.066558 -0.697830,
        1.968504 -0.026736 -0.690930,
        1.968504 -0.020687 -0.693012,
        1.968504 -0.015889 -0.696015,
        1.968504 -0.021058 -0.723067,
        1.968504 -0.021579 -0.716429,
        1.968504 -0.023133 -0.711067,
        1.968504 -0.024900 -0.707967,
        1.968504 -0.013121 -0.698679,
        1.968504 -0.009943 -0.703333,
        1.968504 -0.063468 -0.696040,
        1.968504 -0.052284 -0.691702,
        1.968504 -0.037023 -0.689848,
        1.968504 -0.027173 -0.705546,
        1.968504 -0.029842 -0.703823,
        1.968504 -0.047738 -0.779619,
        1.968504 -0.039592 -0.778666,
        1.968504 -0.039432 -0.778606,
        1.968504 -0.089338 -0.763900,
        1.968504 -0.089338 -0.777593,
        1.968504 -0.153934 -0.777593,
        1.968504 -0.153934 -0.657488,
        1.968504 -0.092070 -0.657488,
        1.968504 -0.092070 -0.671304,
        1.968504 -0.138430 -0.671304,
        1.968504 -0.138430 -0.709742,
        1.968504 -0.138430 -0.723496,
        1.968504 -0.138430 -0.763900,
        1.968504 -0.095478 -0.723496,
        1.968504 -0.095478 -0.709742,
        1.968504 -0.033557 -0.776391,
        1.968543 -0.089338 -0.763900,
        1.968543 -0.089338 -0.777593,
        1.968543 -0.138430 -0.763900,
        1.968543 -0.138430 -0.723496,
        1.968543 -0.095478 -0.723496,
        1.968543 -0.095478 -0.709742,
        1.968543 -0.138430 -0.709742,
        1.968543 -0.138430 -0.671304,
        1.968543 -0.092070 -0.671304,
        1.968543 -0.092070 -0.657488,
        1.968543 -0.153934 -0.657488,
        1.968543 -0.153934 -0.777593,
        1.968543 -0.054180 -0.741319,
        1.968543 -0.050923 -0.739626,
        1.968543 -0.058872 -0.729839,
        1.968543 -0.021457 -0.764330,
        1.968543 -0.021058 -0.764330,
        1.968543 -0.022041 -0.750488,
        1.968543 -0.021072 -0.743776,
        1.968543 -0.006014 -0.722391,
        1.968543 -0.021058 -0.742777,
        1.968543 -0.021058 -0.734549,
        1.968543 -0.021058 -0.777593,
        1.968543 -0.006014 -0.777593,
        1.968543 -0.026736 -0.690930,
        1.968543 -0.029842 -0.703823,
        1.968543 -0.020687 -0.693012,
        1.968543 -0.027173 -0.705546,
        1.968543 -0.046479 -0.726628,
        1.968543 -0.041137 -0.737251,
        1.968543 -0.021058 -0.723067,
        1.968543 -0.024248 -0.755855,
        1.968543 -0.027506 -0.760277,
        1.968543 -0.024560 -0.768880,
        1.968543 -0.029391 -0.762120,
        1.968543 -0.029410 -0.773714,
        1.968543 -0.033643 -0.764989,
        1.968543 -0.033557 -0.776391,
        1.968543 -0.038206 -0.766647,
        1.968543 -0.039592 -0.778666,
        1.968543 -0.043839 -0.767277,
        1.968543 -0.047738 -0.779619,
        1.968543 -0.048920 -0.766704,
        1.968543 -0.056737 -0.778574,
        1.968543 -0.052323 -0.765456,
        1.968543 -0.062505 -0.776399,
        1.968543 -0.055321 -0.763409,
        1.968543 -0.067571 -0.772865,
        1.968543 -0.056600 -0.762123,
        1.968543 -0.021579 -0.716429,
        1.968543 -0.007472 -0.709795,
        1.968543 -0.023133 -0.711067,
        1.968543 -0.009943 -0.703333,
        1.968543 -0.024900 -0.707967,
        1.968543 -0.013121 -0.698679,
        1.968543 -0.015889 -0.696015,
        1.968543 -0.066558 -0.697830,
        1.968543 -0.066558 -0.712444,
        1.968543 -0.063468 -0.696040,
        1.968543 -0.056191 -0.705926,
        1.968543 -0.052284 -0.691702,
        1.968543 -0.046769 -0.702870,
        1.968543 -0.037023 -0.689848,
        1.968543 -0.038435 -0.702067,
        1.968543 -0.033329 -0.702603,
        1.968543 -0.055689 -0.742531,
        1.968543 -0.064925 -0.733174,
        1.968543 -0.057490 -0.744761,
        1.968543 -0.069328 -0.737238,
        1.968543 -0.058810 -0.747567,
        1.968543 -0.072432 -0.742126,
        1.968543 -0.059553 -0.751012,
        1.968543 -0.074251 -0.747639,
        1.968543 -0.059681 -0.753400,
        1.968543 -0.074939 -0.754628,
        1.968543 -0.059298 -0.756854,
        1.968543 -0.074181 -0.761520,
        1.968543 -0.058310 -0.759587,
        1.968543 -0.072350 -0.766594,
        1.968543 -0.069215 -0.771202,
        1.968504 -0.055689 -0.742531,
        1.968504 -0.054180 -0.741319,
        1.968504 -0.050923 -0.739626,
        1.968504 -0.041137 -0.737251,
        1.968504 -0.059681 -0.753400,
        1.968504 -0.059553 -0.751012,
        1.968504 -0.058810 -0.747567,
        1.968504 -0.057490 -0.744761,
        1.968504 -0.055321 -0.763409,
        1.968504 -0.056600 -0.762123,
        1.968504 -0.058310 -0.759587,
        1.968504 -0.059298 -0.756854,
        1.968504 -0.043839 -0.767277,
        1.968504 -0.048920 -0.766704,
        1.968504 -0.052323 -0.765456,
        1.968504 -0.027506 -0.760277,
        1.968504 -0.029391 -0.762120,
        1.968504 -0.033643 -0.764989,
        1.968504 -0.038206 -0.766647,
        1.968504 -0.021058 -0.742777,
        1.968504 -0.021072 -0.743776,
        1.968504 -0.022041 -0.750488,
        1.968504 -0.024248 -0.755855,
        1.968504 -0.021058 -0.734549,
      ]
    }
    coordIndex [
      58, 59, 45, -1,
      45, 59, 46, -1,
      60, 58, 54, -1,
      54, 58, 45, -1,
      61, 60, 53, -1,
      53, 60, 54, -1,
      62, 61, 55, -1,
      55, 61, 53, -1,
      63, 62, 56, -1,
      56, 62, 55, -1,
      64, 63, 52, -1,
      52, 63, 56, -1,
      65, 64, 51, -1,
      51, 64, 52, -1,
      66, 65, 50, -1,
      50, 65, 51, -1,
      67, 66, 49, -1,
      49, 66, 50, -1,
      68, 67, 48, -1,
      48, 67, 49, -1,
      69, 68, 47, -1,
      47, 68, 48, -1,
      59, 69, 46, -1,
      46, 69, 47, -1,
      69, 59, 58, -1,
      58, 60, 69, -1,
      69, 60, 61, -1,
      69, 61, 68, -1,
      66, 67, 65, -1,
      65, 67, 68, -1,
      65, 68, 64, -1,
      64, 68, 61, -1,
      64, 61, 63, -1,
      63, 61, 62, -1,
      70, 71, 72, -1,
      73, 74, 75, -1,
      76, 77, 78, -1,
      78, 77, 79, -1,
      80, 81, 74, -1,
      74, 81, 77, -1,
      74, 77, 75, -1,
      75, 77, 76, -1,
      82, 83, 84, -1,
      84, 83, 85, -1,
      72, 71, 86, -1,
      86, 71, 87, -1,
      86, 87, 88, -1,
      75, 89, 73, -1,
      73, 89, 90, -1,
      73, 90, 91, -1,
      91, 90, 92, -1,
      91, 92, 93, -1,
      93, 92, 94, -1,
      93, 94, 95, -1,
      95, 94, 96, -1,
      95, 96, 97, -1,
      97, 96, 98, -1,
      97, 98, 99, -1,
      99, 98, 100, -1,
      99, 100, 101, -1,
      101, 100, 102, -1,
      101, 102, 103, -1,
      103, 102, 104, -1,
      103, 104, 105, -1,
      105, 104, 106, -1,
      87, 79, 88, -1,
      88, 79, 77, -1,
      88, 77, 107, -1,
      107, 77, 108, -1,
      107, 108, 109, -1,
      109, 108, 110, -1,
      109, 110, 111, -1,
      111, 110, 112, -1,
      111, 112, 85, -1,
      85, 112, 113, -1,
      85, 113, 84, -1,
      114, 115, 116, -1,
      116, 115, 117, -1,
      116, 117, 118, -1,
      118, 117, 119, -1,
      118, 119, 120, -1,
      120, 119, 121, -1,
      120, 121, 82, -1,
      82, 121, 122, -1,
      82, 122, 83, -1,
      70, 72, 123, -1,
      123, 72, 124, -1,
      123, 124, 125, -1,
      125, 124, 126, -1,
      125, 126, 127, -1,
      127, 126, 128, -1,
      127, 128, 129, -1,
      129, 128, 130, -1,
      129, 130, 131, -1,
      131, 130, 132, -1,
      131, 132, 133, -1,
      133, 132, 134, -1,
      133, 134, 135, -1,
      135, 134, 136, -1,
      135, 136, 106, -1,
      106, 136, 137, -1,
      106, 137, 105, -1,
      120, 39, 38, -1,
      120, 38, 118, -1,
      118, 38, 37, -1,
      118, 37, 116, -1,
      116, 37, 27, -1,
      116, 27, 114, -1,
      115, 114, 2, -1,
      2, 114, 27, -1,
      115, 2, 14, -1,
      115, 14, 117, -1,
      117, 14, 15, -1,
      117, 15, 119, -1,
      119, 15, 6, -1,
      119, 6, 121, -1,
      121, 6, 5, -1,
      121, 5, 122, -1,
      122, 5, 41, -1,
      122, 41, 83, -1,
      83, 41, 40, -1,
      83, 40, 85, -1,
      85, 40, 34, -1,
      85, 34, 111, -1,
      111, 34, 33, -1,
      111, 33, 109, -1,
      109, 33, 32, -1,
      109, 32, 107, -1,
      107, 32, 31, -1,
      107, 31, 88, -1,
      86, 88, 7, -1,
      7, 88, 31, -1,
      86, 7, 13, -1,
      86, 13, 72, -1,
      72, 13, 12, -1,
      72, 12, 124, -1,
      124, 12, 1, -1,
      124, 1, 126, -1,
      126, 1, 0, -1,
      126, 0, 128, -1,
      128, 0, 22, -1,
      128, 22, 130, -1,
      130, 22, 21, -1,
      130, 21, 132, -1,
      132, 21, 9, -1,
      132, 9, 134, -1,
      134, 9, 8, -1,
      134, 8, 136, -1,
      136, 8, 20, -1,
      136, 20, 137, -1,
      137, 20, 19, -1,
      137, 19, 105, -1,
      42, 99, 18, -1,
      18, 99, 101, -1,
      18, 101, 17, -1,
      17, 101, 103, -1,
      17, 103, 16, -1,
      16, 103, 105, -1,
      16, 105, 19, -1,
      99, 42, 43, -1,
      99, 43, 97, -1,
      97, 43, 44, -1,
      97, 44, 95, -1,
      44, 57, 95, -1,
      95, 57, 26, -1,
      95, 26, 93, -1,
      93, 26, 25, -1,
      93, 25, 91, -1,
      91, 25, 24, -1,
      91, 24, 73, -1,
      74, 73, 23, -1,
      23, 73, 24, -1,
      80, 74, 4, -1,
      4, 74, 23, -1,
      81, 80, 3, -1,
      3, 80, 4, -1,
      77, 81, 11, -1,
      11, 81, 3, -1,
      77, 11, 10, -1,
      77, 10, 108, -1,
      108, 10, 36, -1,
      108, 36, 110, -1,
      110, 36, 35, -1,
      110, 35, 112, -1,
      112, 35, 30, -1,
      112, 30, 113, -1,
      113, 30, 29, -1,
      113, 29, 84, -1,
      84, 29, 28, -1,
      84, 28, 82, -1,
      82, 28, 39, -1,
      82, 39, 120, -1,
      123, 138, 139, -1,
      123, 139, 70, -1,
      70, 139, 140, -1,
      70, 140, 71, -1,
      71, 140, 141, -1,
      71, 141, 87, -1,
      131, 142, 143, -1,
      131, 143, 129, -1,
      129, 143, 144, -1,
      129, 144, 127, -1,
      127, 144, 145, -1,
      127, 145, 125, -1,
      125, 145, 138, -1,
      125, 138, 123, -1,
      104, 146, 147, -1,
      104, 147, 106, -1,
      106, 147, 148, -1,
      106, 148, 135, -1,
      135, 148, 149, -1,
      135, 149, 133, -1,
      133, 149, 142, -1,
      133, 142, 131, -1,
      98, 150, 151, -1,
      98, 151, 100, -1,
      100, 151, 152, -1,
      100, 152, 102, -1,
      102, 152, 146, -1,
      102, 146, 104, -1,
      90, 153, 154, -1,
      90, 154, 92, -1,
      92, 154, 155, -1,
      92, 155, 94, -1,
      94, 155, 156, -1,
      94, 156, 96, -1,
      96, 156, 150, -1,
      96, 150, 98, -1,
      78, 157, 158, -1,
      78, 158, 76, -1,
      76, 158, 159, -1,
      76, 159, 75, -1,
      75, 159, 160, -1,
      75, 160, 89, -1,
      89, 160, 153, -1,
      89, 153, 90, -1,
      78, 79, 157, -1,
      157, 79, 161, -1,
      79, 87, 161, -1,
      161, 87, 141, -1,
    ]
  }
}

Shape {
  appearance Appearance {
    material Material {
      diffuseColor 0.3922 0.6000 0.3922
      specularColor 0.3451 0.5294 0.3451
      ambientIntensity 0.2
      transparency 0.0000
      shininess 0.5
    }
  }
  geometry IndexedFaceSet {
    ccw TRUE
    solid FALSE
    coord DEF co Coordinate {
      point [
        1.968504 -0.055689 -0.742531,
        1.968504 -0.054180 -0.741319,
        1.968504 -0.050923 -0.739626,
        1.968504 -0.041137 -0.737251,
        1.968504 -0.059681 -0.753400,
        1.968504 -0.059553 -0.751012,
        1.968504 -0.058810 -0.747567,
        1.968504 -0.057490 -0.744761,
        1.968504 -0.055321 -0.763409,
        1.968504 -0.056600 -0.762123,
        1.968504 -0.058310 -0.759587,
        1.968504 -0.059298 -0.756854,
        1.968504 -0.043839 -0.767277,
        1.968504 -0.048920 -0.766704,
        1.968504 -0.052323 -0.765456,
        1.968504 -0.027506 -0.760277,
        1.968504 -0.029391 -0.762120,
        1.968504 -0.033643 -0.764989,
        1.968504 -0.038206 -0.766647,
        1.968504 -0.021058 -0.742777,
        1.968504 -0.021072 -0.743776,
        1.968504 -0.022041 -0.750488,
        1.968504 -0.024248 -0.755855,
        1.968504 -0.021058 -0.734549,
      ]
    }
    coordIndex [
      20, 19, 0, -1,
      19, 23, 3, -1,
      3, 2, 19, -1,
      19, 2, 1, -1,
      19, 1, 0, -1,
      20, 0, 21, -1,
      21, 0, 7, -1,
      21, 7, 22, -1,
      9, 8, 16, -1,
      9, 16, 10, -1,
      17, 16, 18, -1,
      18, 16, 12, -1,
      7, 6, 22, -1,
      22, 6, 5, -1,
      22, 5, 15, -1,
      15, 5, 4, -1,
      15, 4, 16, -1,
      16, 4, 11, -1,
      16, 11, 10, -1,
      8, 14, 16, -1,
      16, 14, 13, -1,
      16, 13, 12, -1,
    ]
  }
}

Shape {
  appearance Appearance {
    material Material {
      diffuseColor 0.0000 0.0000 0.0000
      specularColor 0.0000 0.0000 0.0000
      ambientIntensity 0.2
      transparency 0.0000
      shininess 0.5
    }
  }
  geometry IndexedFaceSet {
    ccw TRUE
    solid FALSE
    coord DEF co Coordinate {
      point [
        1.968504 0.051192 -0.778015,
        1.968504 0.046202 -0.778606,
        1.968504 0.014463 -0.714961,
        1.968504 0.015054 -0.709598,
        1.968504 0.016774 -0.725406,
        1.968504 0.015113 -0.720814,
        1.968504 0.014372 -0.759049,
        1.968504 0.020853 -0.762993,
        1.968504 0.021325 -0.763162,
        1.968504 0.021325 -0.731193,
        1.968504 0.018731 -0.728531,
        1.968504 0.021192 -0.731106,
        1.968504 0.027882 -0.778606,
        1.968504 0.024965 -0.778303,
        1.968504 0.021325 -0.777025,
        1.968504 0.014372 -0.774584,
        1.968504 0.068191 -0.693655,
        1.968504 0.068191 -0.708269,
        1.968504 0.024104 -0.696663,
        1.968504 0.027826 -0.694379,
        1.968504 0.063683 -0.736875,
        1.968504 0.067270 -0.740075,
        1.968504 0.016841 -0.704754,
        1.968504 0.019631 -0.700687,
        1.968504 0.021325 -0.699163,
        1.968504 0.071591 -0.760301,
        1.968504 0.069744 -0.765069,
        1.968504 0.066941 -0.769037,
        1.968504 0.035893 -0.691276,
        1.968504 0.047867 -0.689848,
        1.968504 0.058420 -0.690784,
        1.968504 0.070077 -0.744217,
        1.968504 0.071683 -0.748652,
        1.968504 0.072305 -0.754259,
        1.968504 0.034950 -0.722867,
        1.968504 0.047867 -0.728961,
        1.968504 0.046393 -0.702067,
        1.968504 0.062634 -0.772803,
        1.968504 0.059113 -0.774967,
        1.968504 0.053692 -0.731319,
        1.968504 0.064106 -0.705978,
        1.968504 0.055552 -0.703025,
        1.968504 0.041940 -0.702401,
        1.968504 0.037916 -0.703466,
        1.968504 0.029968 -0.713611,
        1.968504 0.034543 -0.705260,
        1.968504 0.030105 -0.715612,
        1.968504 0.030702 -0.717949,
        1.968504 0.031786 -0.719978,
        1.968504 0.033253 -0.721593,
        1.968504 0.032272 -0.707266,
        1.968504 0.030983 -0.709180,
        1.968504 0.030240 -0.711211,
        1.968504 0.030315 -0.766381,
        1.968504 0.037244 -0.739891,
        1.968504 0.028277 -0.735781,
        1.968504 0.039117 -0.767338,
        1.968504 0.039781 -0.767334,
        1.968504 0.047122 -0.744028,
        1.968504 0.047493 -0.766470,
        1.968504 0.056862 -0.755733,
        1.968504 0.056715 -0.753862,
        1.968504 0.051375 -0.765049,
        1.968504 0.052746 -0.764217,
        1.968504 0.054473 -0.762685,
        1.968504 0.055786 -0.760743,
        1.968504 0.056551 -0.758603,
        1.968504 0.056031 -0.751513,
        1.968504 0.054869 -0.749519,
        1.968504 0.052994 -0.747567,
        1.968504 0.178686 -0.657488,
        1.968504 0.216679 -0.657488,
        1.968504 0.119370 -0.756286,
        1.968504 0.121213 -0.763347,
        1.968504 0.121612 -0.763347,
        1.968504 0.162476 -0.691813,
        1.968504 0.146879 -0.691813,
        1.968504 0.104219 -0.712700,
        1.968504 0.123454 -0.756409,
        1.968504 0.122303 -0.760407,
        1.968504 0.104219 -0.753081,
        1.968504 0.080134 -0.691813,
        1.968504 0.096959 -0.691813,
        1.968504 0.113783 -0.777408,
        1.968504 0.113276 -0.778606,
        1.968504 0.107182 -0.793005,
        1.968504 0.083235 -0.816768,
        1.968504 0.083235 -0.803382,
        1.968504 0.101357 -0.801614,
        1.968504 0.104161 -0.798514,
        1.968504 0.104219 -0.798407,
        1.968504 0.037643 -0.779619,
        1.968504 0.086313 -0.804391,
        1.968504 0.091770 -0.805101,
        1.968504 0.104219 -0.815314,
        1.968504 0.099015 -0.817297,
        1.968504 0.092937 -0.817996,
        1.968504 0.089616 -0.817877,
        1.968504 0.095682 -0.804622,
        1.968504 0.098944 -0.803315,
        1.968504 0.123546 -0.790549,
        1.968504 0.116734 -0.803814,
        1.968504 0.128255 -0.778606,
        1.968504 0.111229 -0.810425,
        1.968504 0.110206 -0.811363,
        1.968504 0.104951 -0.815035,
        1.968504 0.240550 -0.657488,
        1.968504 0.240550 -0.671304,
        1.968504 0.243282 -0.763900,
        1.968504 0.243282 -0.777593,
        1.968504 0.216679 -0.777593,
        1.968504 0.178686 -0.777593,
        1.968504 0.194190 -0.671304,
        1.968504 0.194190 -0.709742,
        1.968504 0.216679 -0.671304,
        1.968504 0.216679 -0.709742,
        1.968504 0.237142 -0.709742,
        1.968504 0.237142 -0.723496,
        1.968504 0.216679 -0.763900,
        1.968504 0.216679 -0.723496,
        1.968504 0.194190 -0.763900,
        1.968504 0.194190 -0.723496,
        1.968504 0.318571 -0.659513,
        1.968504 0.333066 -0.664808,
        1.968504 0.360486 -0.737712,
        1.968504 0.354572 -0.750135,
        1.968504 0.345641 -0.760768,
        1.968504 0.333131 -0.769744,
        1.968504 0.319448 -0.775098,
        1.968504 0.299005 -0.777593,
        1.968504 0.265970 -0.777593,
        1.968504 0.265970 -0.657488,
        1.968504 0.300233 -0.657488,
        1.968504 0.345641 -0.673392,
        1.968504 0.349854 -0.677510,
        1.968504 0.357294 -0.687974,
        1.968504 0.361744 -0.699422,
        1.968504 0.363755 -0.716006,
        1.968504 0.363394 -0.723650,
        1.968543 0.014372 -0.759049,
        1.968543 0.020853 -0.762993,
        1.968543 0.039117 -0.767338,
        1.968543 0.030315 -0.766381,
        1.968543 0.014372 -0.774584,
        1.968543 0.024965 -0.778303,
        1.968543 0.037643 -0.779619,
        1.968543 0.051192 -0.778015,
        1.968543 0.059113 -0.774967,
        1.968543 0.062634 -0.772803,
        1.968543 0.066941 -0.769037,
        1.968543 0.069744 -0.765069,
        1.968543 0.071591 -0.760301,
        1.968543 0.072305 -0.754259,
        1.968543 0.071683 -0.748652,
        1.968543 0.070077 -0.744217,
        1.968543 0.067270 -0.740075,
        1.968543 0.063683 -0.736875,
        1.968543 0.053692 -0.731319,
        1.968543 0.047867 -0.728961,
        1.968543 0.034950 -0.722867,
        1.968543 0.033253 -0.721593,
        1.968543 0.031786 -0.719978,
        1.968543 0.030702 -0.717949,
        1.968543 0.030105 -0.715612,
        1.968543 0.029968 -0.713611,
        1.968543 0.030240 -0.711211,
        1.968543 0.030983 -0.709180,
        1.968543 0.032272 -0.707266,
        1.968543 0.034543 -0.705260,
        1.968543 0.037916 -0.703466,
        1.968543 0.041940 -0.702401,
        1.968543 0.046393 -0.702067,
        1.968543 0.055552 -0.703025,
        1.968543 0.064106 -0.705978,
        1.968543 0.068191 -0.708269,
        1.968543 0.068191 -0.693655,
        1.968543 0.058420 -0.690784,
        1.968543 0.047867 -0.689848,
        1.968543 0.035893 -0.691276,
        1.968543 0.027826 -0.694379,
        1.968543 0.024104 -0.696663,
        1.968543 0.019631 -0.700687,
        1.968543 0.016841 -0.704754,
        1.968543 0.015054 -0.709598,
        1.968543 0.014463 -0.714961,
        1.968543 0.015113 -0.720814,
        1.968543 0.016774 -0.725406,
        1.968543 0.018731 -0.728531,
        1.968543 0.037244 -0.739891,
        1.968543 0.028277 -0.735781,
        1.968543 0.021192 -0.731106,
        1.968543 0.047122 -0.744028,
        1.968543 0.052994 -0.747567,
        1.968543 0.054869 -0.749519,
        1.968543 0.056031 -0.751513,
        1.968543 0.056715 -0.753862,
        1.968543 0.056862 -0.755733,
        1.968543 0.056551 -0.758603,
        1.968543 0.055786 -0.760743,
        1.968543 0.054473 -0.762685,
        1.968543 0.052746 -0.764217,
        1.968543 0.051375 -0.765049,
        1.968543 0.047493 -0.766470,
        1.968543 0.039781 -0.767334,
        1.968543 0.146879 -0.691813,
        1.968543 0.162476 -0.691813,
        1.968543 0.123454 -0.756409,
        1.968543 0.122303 -0.760407,
        1.968543 0.121612 -0.763347,
        1.968543 0.121213 -0.763347,
        1.968543 0.119370 -0.756286,
        1.968543 0.096959 -0.691813,
        1.968543 0.080134 -0.691813,
        1.968543 0.113783 -0.777408,
        1.968543 0.107182 -0.793005,
        1.968543 0.104161 -0.798514,
        1.968543 0.101357 -0.801614,
        1.968543 0.098944 -0.803315,
        1.968543 0.095682 -0.804622,
        1.968543 0.091770 -0.805101,
        1.968543 0.086313 -0.804391,
        1.968543 0.083235 -0.803382,
        1.968543 0.083235 -0.816768,
        1.968543 0.089616 -0.817877,
        1.968543 0.092937 -0.817996,
        1.968543 0.099015 -0.817297,
        1.968543 0.104951 -0.815035,
        1.968543 0.110206 -0.811363,
        1.968543 0.111229 -0.810425,
        1.968543 0.116734 -0.803814,
        1.968543 0.123546 -0.790549,
        1.968543 0.243282 -0.763900,
        1.968543 0.243282 -0.777593,
        1.968543 0.194190 -0.763900,
        1.968543 0.194190 -0.723496,
        1.968543 0.237142 -0.723496,
        1.968543 0.237142 -0.709742,
        1.968543 0.194190 -0.709742,
        1.968543 0.194190 -0.671304,
        1.968543 0.240550 -0.671304,
        1.968543 0.240550 -0.657488,
        1.968543 0.178686 -0.657488,
        1.968543 0.178686 -0.777593,
        1.968543 0.345641 -0.760768,
        1.968543 0.333255 -0.752647,
        1.968543 0.333131 -0.769744,
        1.968543 0.325519 -0.758039,
        1.968543 0.319448 -0.775098,
        1.968543 0.315617 -0.761895,
        1.968543 0.299005 -0.777593,
        1.968543 0.298913 -0.763900,
        1.968543 0.265970 -0.777593,
        1.968543 0.281475 -0.763900,
        1.968543 0.265970 -0.657488,
        1.968543 0.281475 -0.671304,
        1.968543 0.300233 -0.657488,
        1.968543 0.299619 -0.671304,
        1.968543 0.304144 -0.671434,
        1.968543 0.318571 -0.659513,
        1.968543 0.316724 -0.673433,
        1.968543 0.333066 -0.664808,
        1.968543 0.326857 -0.677477,
        1.968543 0.345641 -0.673392,
        1.968543 0.334281 -0.682602,
        1.968543 0.349854 -0.677510,
        1.968543 0.337600 -0.685868,
        1.968543 0.357294 -0.687974,
        1.968543 0.342263 -0.692591,
        1.968543 0.361744 -0.699422,
        1.968543 0.345656 -0.701346,
        1.968543 0.363755 -0.716006,
        1.968543 0.347452 -0.716435,
        1.968543 0.363394 -0.723650,
        1.968543 0.346908 -0.725277,
        1.968543 0.360486 -0.737712,
        1.968543 0.344395 -0.736006,
        1.968543 0.354572 -0.750135,
        1.968543 0.340087 -0.744757,
        1.968543 0.334619 -0.751374,
        1.968504 0.299619 -0.671304,
        1.968504 0.281475 -0.671304,
        1.968504 0.281475 -0.763900,
        1.968504 0.298913 -0.763900,
        1.968504 0.334619 -0.751374,
        1.968504 0.333255 -0.752647,
        1.968504 0.325519 -0.758039,
        1.968504 0.315617 -0.761895,
        1.968504 0.347452 -0.716435,
        1.968504 0.346908 -0.725277,
        1.968504 0.344395 -0.736006,
        1.968504 0.340087 -0.744757,
        1.968504 0.334281 -0.682602,
        1.968504 0.337600 -0.685868,
        1.968504 0.342263 -0.692591,
        1.968504 0.345656 -0.701346,
        1.968504 0.304144 -0.671434,
        1.968504 0.316724 -0.673433,
        1.968504 0.326857 -0.677477,
      ]
    }
    coordIndex [
      6, 139, 140, -1,
      141, 56, 53, -1,
      141, 53, 142, -1,
      142, 53, 8, -1,
      142, 8, 140, -1,
      140, 8, 7, -1,
      140, 7, 6, -1,
      143, 139, 15, -1,
      15, 139, 6, -1,
      144, 143, 14, -1,
      14, 143, 15, -1,
      91, 145, 12, -1,
      12, 145, 144, -1,
      12, 144, 13, -1,
      13, 144, 14, -1,
      146, 145, 1, -1,
      1, 145, 91, -1,
      1, 0, 146, -1,
      146, 0, 38, -1,
      146, 38, 147, -1,
      147, 38, 37, -1,
      147, 37, 148, -1,
      148, 37, 27, -1,
      148, 27, 149, -1,
      149, 27, 26, -1,
      149, 26, 150, -1,
      150, 26, 25, -1,
      150, 25, 151, -1,
      151, 25, 33, -1,
      151, 33, 152, -1,
      152, 33, 32, -1,
      152, 32, 153, -1,
      153, 32, 31, -1,
      153, 31, 154, -1,
      154, 31, 21, -1,
      154, 21, 155, -1,
      155, 21, 20, -1,
      155, 20, 156, -1,
      156, 20, 39, -1,
      156, 39, 157, -1,
      157, 39, 35, -1,
      157, 35, 158, -1,
      158, 35, 34, -1,
      158, 34, 159, -1,
      159, 34, 49, -1,
      159, 49, 160, -1,
      160, 49, 48, -1,
      160, 48, 161, -1,
      161, 48, 47, -1,
      161, 47, 162, -1,
      162, 47, 46, -1,
      162, 46, 163, -1,
      163, 46, 44, -1,
      163, 44, 164, -1,
      164, 44, 52, -1,
      164, 52, 165, -1,
      165, 52, 51, -1,
      165, 51, 166, -1,
      166, 51, 50, -1,
      166, 50, 167, -1,
      167, 50, 45, -1,
      167, 45, 168, -1,
      168, 45, 43, -1,
      168, 43, 169, -1,
      169, 43, 42, -1,
      169, 42, 170, -1,
      170, 42, 36, -1,
      170, 36, 171, -1,
      171, 36, 41, -1,
      171, 41, 172, -1,
      172, 41, 40, -1,
      172, 40, 173, -1,
      173, 40, 17, -1,
      173, 17, 174, -1,
      175, 174, 16, -1,
      16, 174, 17, -1,
      175, 16, 30, -1,
      175, 30, 176, -1,
      176, 30, 29, -1,
      176, 29, 177, -1,
      177, 29, 28, -1,
      177, 28, 178, -1,
      178, 28, 19, -1,
      178, 19, 179, -1,
      179, 19, 18, -1,
      179, 18, 180, -1,
      181, 180, 24, -1,
      24, 180, 18, -1,
      24, 23, 181, -1,
      181, 23, 22, -1,
      181, 22, 182, -1,
      182, 22, 3, -1,
      182, 3, 183, -1,
      183, 3, 2, -1,
      183, 2, 184, -1,
      184, 2, 5, -1,
      184, 5, 185, -1,
      185, 5, 4, -1,
      185, 4, 186, -1,
      186, 4, 10, -1,
      186, 10, 187, -1,
      54, 188, 189, -1,
      187, 10, 11, -1,
      187, 11, 190, -1,
      190, 11, 9, -1,
      190, 9, 189, -1,
      189, 9, 55, -1,
      189, 55, 54, -1,
      188, 54, 58, -1,
      188, 58, 191, -1,
      191, 58, 69, -1,
      191, 69, 192, -1,
      192, 69, 68, -1,
      192, 68, 193, -1,
      193, 68, 67, -1,
      193, 67, 194, -1,
      194, 67, 61, -1,
      194, 61, 195, -1,
      195, 61, 60, -1,
      195, 60, 196, -1,
      196, 60, 66, -1,
      196, 66, 197, -1,
      197, 66, 65, -1,
      197, 65, 198, -1,
      198, 65, 64, -1,
      198, 64, 199, -1,
      199, 64, 63, -1,
      199, 63, 200, -1,
      200, 63, 62, -1,
      200, 62, 201, -1,
      201, 62, 59, -1,
      201, 59, 202, -1,
      202, 59, 57, -1,
      202, 57, 203, -1,
      203, 57, 56, -1,
      203, 56, 141, -1,
      167, 168, 179, -1,
      179, 168, 178, -1,
      145, 141, 144, -1,
      144, 141, 142, -1,
      144, 142, 143, -1,
      143, 142, 140, -1,
      143, 140, 139, -1,
      168, 169, 178, -1,
      178, 169, 170, -1,
      178, 170, 177, -1,
      177, 170, 171, -1,
      177, 171, 176, -1,
      176, 171, 172, -1,
      176, 172, 175, -1,
      175, 172, 173, -1,
      175, 173, 174, -1,
      199, 200, 147, -1,
      147, 200, 201, -1,
      147, 201, 146, -1,
      146, 201, 202, -1,
      146, 202, 145, -1,
      145, 202, 203, -1,
      145, 203, 141, -1,
      179, 180, 167, -1,
      167, 180, 181, -1,
      167, 181, 166, -1,
      166, 181, 182, -1,
      166, 182, 165, -1,
      165, 182, 183, -1,
      165, 183, 164, -1,
      164, 183, 184, -1,
      164, 184, 163, -1,
      163, 184, 185, -1,
      163, 185, 162, -1,
      162, 185, 186, -1,
      162, 186, 161, -1,
      161, 186, 187, -1,
      161, 187, 160, -1,
      160, 187, 190, -1,
      160, 190, 159, -1,
      159, 190, 189, -1,
      159, 189, 158, -1,
      158, 189, 188, -1,
      158, 188, 157, -1,
      157, 188, 191, -1,
      157, 191, 156, -1,
      156, 191, 192, -1,
      156, 192, 155, -1,
      155, 192, 193, -1,
      155, 193, 154, -1,
      154, 193, 194, -1,
      154, 194, 153, -1,
      153, 194, 195, -1,
      153, 195, 152, -1,
      152, 195, 196, -1,
      152, 196, 151, -1,
      151, 196, 197, -1,
      151, 197, 150, -1,
      150, 197, 198, -1,
      150, 198, 149, -1,
      149, 198, 199, -1,
      149, 199, 148, -1,
      148, 199, 147, -1,
      204, 205, 76, -1,
      76, 205, 75, -1,
      206, 204, 78, -1,
      78, 204, 76, -1,
      206, 78, 79, -1,
      206, 79, 207, -1,
      207, 79, 74, -1,
      207, 74, 208, -1,
      209, 208, 73, -1,
      73, 208, 74, -1,
      210, 209, 72, -1,
      72, 209, 73, -1,
      82, 211, 77, -1,
      77, 211, 210, -1,
      77, 210, 72, -1,
      212, 211, 81, -1,
      81, 211, 82, -1,
      83, 213, 80, -1,
      80, 213, 212, -1,
      80, 212, 81, -1,
      85, 214, 84, -1,
      84, 214, 213, -1,
      84, 213, 83, -1,
      215, 214, 90, -1,
      90, 214, 85, -1,
      90, 89, 215, -1,
      215, 89, 88, -1,
      215, 88, 216, -1,
      216, 88, 99, -1,
      216, 99, 217, -1,
      217, 99, 98, -1,
      217, 98, 218, -1,
      218, 98, 93, -1,
      218, 93, 219, -1,
      219, 93, 92, -1,
      219, 92, 220, -1,
      220, 92, 87, -1,
      220, 87, 221, -1,
      222, 221, 86, -1,
      86, 221, 87, -1,
      222, 86, 97, -1,
      222, 97, 223, -1,
      223, 97, 96, -1,
      223, 96, 224, -1,
      224, 96, 95, -1,
      224, 95, 225, -1,
      225, 95, 94, -1,
      225, 94, 226, -1,
      94, 105, 226, -1,
      226, 105, 104, -1,
      226, 104, 227, -1,
      227, 104, 103, -1,
      227, 103, 228, -1,
      228, 103, 101, -1,
      228, 101, 229, -1,
      229, 101, 100, -1,
      229, 100, 230, -1,
      75, 205, 102, -1,
      102, 205, 230, -1,
      102, 230, 100, -1,
      207, 208, 230, -1,
      205, 204, 230, -1,
      230, 204, 206, -1,
      230, 206, 207, -1,
      211, 212, 210, -1,
      210, 212, 213, -1,
      210, 213, 209, -1,
      221, 222, 220, -1,
      220, 222, 223, -1,
      220, 223, 219, -1,
      219, 223, 224, -1,
      219, 224, 218, -1,
      218, 224, 225, -1,
      218, 225, 217, -1,
      217, 225, 226, -1,
      217, 226, 216, -1,
      208, 209, 230, -1,
      230, 209, 213, -1,
      230, 213, 229, -1,
      213, 214, 229, -1,
      229, 214, 215, -1,
      229, 215, 228, -1,
      228, 215, 216, -1,
      228, 216, 227, -1,
      227, 216, 226, -1,
      231, 232, 108, -1,
      108, 232, 109, -1,
      120, 233, 118, -1,
      118, 233, 231, -1,
      118, 231, 108, -1,
      234, 233, 121, -1,
      121, 233, 120, -1,
      117, 235, 119, -1,
      119, 235, 234, -1,
      119, 234, 121, -1,
      236, 235, 116, -1,
      116, 235, 117, -1,
      113, 237, 115, -1,
      115, 237, 236, -1,
      115, 236, 116, -1,
      238, 237, 112, -1,
      112, 237, 113, -1,
      107, 239, 114, -1,
      114, 239, 238, -1,
      114, 238, 112, -1,
      240, 239, 106, -1,
      106, 239, 107, -1,
      70, 241, 71, -1,
      71, 241, 240, -1,
      71, 240, 106, -1,
      242, 241, 111, -1,
      111, 241, 70, -1,
      109, 232, 110, -1,
      110, 232, 242, -1,
      110, 242, 111, -1,
      242, 232, 231, -1,
      231, 233, 242, -1,
      242, 233, 234, -1,
      242, 234, 241, -1,
      239, 240, 238, -1,
      238, 240, 241, -1,
      238, 241, 237, -1,
      237, 241, 234, -1,
      237, 234, 236, -1,
      236, 234, 235, -1,
      243, 244, 245, -1,
      245, 244, 246, -1,
      245, 246, 247, -1,
      247, 246, 248, -1,
      247, 248, 249, -1,
      249, 248, 250, -1,
      249, 250, 251, -1,
      251, 250, 252, -1,
      251, 252, 253, -1,
      253, 252, 254, -1,
      253, 254, 255, -1,
      254, 256, 255, -1,
      255, 256, 257, -1,
      255, 257, 258, -1,
      258, 257, 259, -1,
      258, 259, 260, -1,
      260, 259, 261, -1,
      260, 261, 262, -1,
      262, 261, 263, -1,
      262, 263, 264, -1,
      264, 263, 265, -1,
      264, 265, 266, -1,
      266, 265, 267, -1,
      266, 267, 268, -1,
      268, 267, 269, -1,
      268, 269, 270, -1,
      270, 269, 271, -1,
      270, 271, 272, -1,
      272, 271, 273, -1,
      272, 273, 274, -1,
      274, 273, 275, -1,
      274, 275, 276, -1,
      276, 275, 277, -1,
      276, 277, 243, -1,
      243, 277, 278, -1,
      243, 278, 244, -1,
      249, 251, 129, -1,
      129, 251, 130, -1,
      249, 129, 128, -1,
      249, 128, 247, -1,
      247, 128, 127, -1,
      247, 127, 245, -1,
      245, 127, 126, -1,
      245, 126, 243, -1,
      243, 126, 125, -1,
      243, 125, 276, -1,
      276, 125, 124, -1,
      276, 124, 274, -1,
      274, 124, 138, -1,
      274, 138, 272, -1,
      272, 138, 137, -1,
      272, 137, 270, -1,
      270, 137, 136, -1,
      270, 136, 268, -1,
      268, 136, 135, -1,
      268, 135, 266, -1,
      266, 135, 134, -1,
      266, 134, 264, -1,
      264, 134, 133, -1,
      264, 133, 262, -1,
      262, 133, 123, -1,
      262, 123, 260, -1,
      260, 123, 122, -1,
      260, 122, 258, -1,
      258, 122, 132, -1,
      258, 132, 255, -1,
      253, 255, 131, -1,
      131, 255, 132, -1,
      251, 253, 130, -1,
      130, 253, 131, -1,
      256, 254, 279, -1,
      279, 254, 280, -1,
      254, 252, 280, -1,
      280, 252, 281, -1,
      252, 250, 281, -1,
      281, 250, 282, -1,
      278, 283, 284, -1,
      278, 284, 244, -1,
      244, 284, 285, -1,
      244, 285, 246, -1,
      246, 285, 286, -1,
      246, 286, 248, -1,
      248, 286, 282, -1,
      248, 282, 250, -1,
      271, 287, 288, -1,
      271, 288, 273, -1,
      273, 288, 289, -1,
      273, 289, 275, -1,
      275, 289, 290, -1,
      275, 290, 277, -1,
      277, 290, 283, -1,
      277, 283, 278, -1,
      263, 291, 292, -1,
      263, 292, 265, -1,
      265, 292, 293, -1,
      265, 293, 267, -1,
      267, 293, 294, -1,
      267, 294, 269, -1,
      269, 294, 287, -1,
      269, 287, 271, -1,
      256, 279, 295, -1,
      256, 295, 257, -1,
      257, 295, 296, -1,
      257, 296, 259, -1,
      259, 296, 297, -1,
      259, 297, 261, -1,
      261, 297, 291, -1,
      261, 291, 263, -1,
    ]
  }
}

Shape {
  appearance Appearance {
    material Material {
      diffuseColor 0.3922 0.6000 0.3922
      specularColor 0.3451 0.5294 0.3451
      ambientIntensity 0.2
      transparency 0.0000
      shininess 0.5
    }
  }
  geometry IndexedFaceSet {
    ccw TRUE
    solid FALSE
    coord DEF co Coordinate {
      point [
        1.968504 0.299619 -0.671304,
        1.968504 0.281475 -0.671304,
        1.968504 0.281475 -0.763900,
        1.968504 0.298913 -0.763900,
        1.968504 0.334619 -0.751374,
        1.968504 0.333255 -0.752647,
        1.968504 0.325519 -0.758039,
        1.968504 0.315617 -0.761895,
        1.968504 0.347452 -0.716435,
        1.968504 0.346908 -0.725277,
        1.968504 0.344395 -0.736006,
        1.968504 0.340087 -0.744757,
        1.968504 0.334281 -0.682602,
        1.968504 0.337600 -0.685868,
        1.968504 0.342263 -0.692591,
        1.968504 0.345656 -0.701346,
        1.968504 0.304144 -0.671434,
        1.968504 0.316724 -0.673433,
        1.968504 0.326857 -0.677477,
      ]
    }
    coordIndex [
      5, 4, 16, -1,
      5, 16, 6, -1,
      1, 2, 0, -1,
      0, 2, 3, -1,
      0, 3, 16, -1,
      16, 3, 7, -1,
      16, 7, 6, -1,
      4, 11, 16, -1,
      16, 11, 10, -1,
      16, 10, 9, -1,
      12, 9, 8, -1,
      12, 18, 9, -1,
      9, 18, 17, -1,
      9, 17, 16, -1,
      15, 14, 8, -1,
      8, 14, 13, -1,
      8, 13, 12, -1,
    ]
  }
}

Shape {
  appearance Appearance {
    material Material {
      diffuseColor 0.0000 0.0000 0.0000
      specularColor 0.0000 0.0000 0.0000
      ambientIntensity 0.2
      transparency 0.0000
      shininess 0.5
    }
  }
  geometry IndexedFaceSet {
    ccw TRUE
    solid FALSE
    coord DEF co Coordinate {
      point [
        1.968504 0.387548 -0.777593,
        1.968504 0.370417 -0.777593,
        1.968504 0.461355 -0.777593,
        1.968504 0.449105 -0.744742,
        1.968504 0.399092 -0.744742,
        1.968504 0.416162 -0.657488,
        1.968504 0.432741 -0.657488,
        1.968504 0.478486 -0.777593,
        1.968543 0.404004 -0.731172,
        1.968543 0.399092 -0.744742,
        1.968543 0.444315 -0.731172,
        1.968543 0.449105 -0.744742,
        1.968543 0.421965 -0.681251,
        1.968543 0.416162 -0.657488,
        1.968543 0.370417 -0.777593,
        1.968543 0.387548 -0.777593,
        1.968543 0.423005 -0.677667,
        1.968543 0.423930 -0.672839,
        1.968543 0.432741 -0.657488,
        1.968543 0.424298 -0.672839,
        1.968543 0.425269 -0.677920,
        1.968543 0.426171 -0.681251,
        1.968543 0.478486 -0.777593,
        1.968543 0.461355 -0.777593,
        1.968504 0.404004 -0.731172,
        1.968504 0.444315 -0.731172,
        1.968504 0.426171 -0.681251,
        1.968504 0.424298 -0.672839,
        1.968504 0.425269 -0.677920,
        1.968504 0.423930 -0.672839,
        1.968504 0.421965 -0.681251,
        1.968504 0.423005 -0.677667,
      ]
    }
    coordIndex [
      8, 9, 10, -1,
      10, 9, 11, -1,
      12, 13, 8, -1,
      8, 13, 14, -1,
      8, 14, 9, -1,
      9, 14, 15, -1,
      12, 16, 13, -1,
      13, 16, 17, -1,
      13, 17, 18, -1,
      18, 17, 19, -1,
      18, 19, 20, -1,
      20, 21, 18, -1,
      18, 21, 10, -1,
      18, 10, 22, -1,
      22, 10, 11, -1,
      22, 11, 23, -1,
      18, 22, 6, -1,
      6, 22, 7, -1,
      13, 18, 5, -1,
      5, 18, 6, -1,
      14, 13, 1, -1,
      1, 13, 5, -1,
      15, 14, 0, -1,
      0, 14, 1, -1,
      9, 15, 4, -1,
      4, 15, 0, -1,
      11, 9, 3, -1,
      3, 9, 4, -1,
      23, 11, 2, -1,
      2, 11, 3, -1,
      22, 23, 7, -1,
      7, 23, 2, -1,
      8, 10, 24, -1,
      24, 10, 25, -1,
      10, 21, 25, -1,
      25, 21, 26, -1,
      19, 27, 28, -1,
      19, 28, 20, -1,
      20, 28, 26, -1,
      20, 26, 21, -1,
      19, 17, 27, -1,
      27, 17, 29, -1,
      12, 30, 31, -1,
      12, 31, 16, -1,
      16, 31, 29, -1,
      16, 29, 17, -1,
      12, 8, 30, -1,
      30, 8, 24, -1,
    ]
  }
}

Shape {
  appearance Appearance {
    material Material {
      diffuseColor 0.3922 0.6000 0.3922
      specularColor 0.3451 0.5294 0.3451
      ambientIntensity 0.2
      transparency 0.0000
      shininess 0.5
    }
  }
  geometry IndexedFaceSet {
    ccw TRUE
    solid FALSE
    coord DEF co Coordinate {
      point [
        1.968504 0.404004 -0.731172,
        1.968504 0.444315 -0.731172,
        1.968504 0.426171 -0.681251,
        1.968504 0.424298 -0.672839,
        1.968504 0.425269 -0.677920,
        1.968504 0.423930 -0.672839,
        1.968504 0.421965 -0.681251,
        1.968504 0.423005 -0.677667,
      ]
    }
    coordIndex [
      3, 5, 4, -1,
      4, 5, 7, -1,
      4, 7, 2, -1,
      2, 7, 6, -1,
      2, 6, 1, -1,
      1, 6, 0, -1,
    ]
  }
}

Shape {
  appearance Appearance {
    material Material {
      diffuseColor 0.0000 0.0000 0.0000
      specularColor 0.0000 0.0000 0.0000
      ambientIntensity 0.2
      transparency 0.0000
      shininess 0.5
    }
  }
  geometry IndexedFaceSet {
    ccw TRUE
    solid FALSE
    coord DEF co Coordinate {
      point [
        1.968504 -0.266622 -0.604539,
        1.968504 -0.259126 -0.623287,
        1.968504 -0.284041 -0.580239,
        1.968504 -0.278426 -0.588072,
        1.968504 -0.421040 -0.453525,
        1.968504 -0.402571 -0.465942,
        1.968504 -0.382948 -0.479134,
        1.968504 -0.352343 -0.515411,
        1.968504 -0.336836 -0.546594,
        1.968504 -0.332602 -0.548019,
        1.968504 -0.307194 -0.560641,
        1.968504 -0.535646 -0.438607,
        1.968504 -0.499083 -0.434730,
        1.968504 -0.463893 -0.438426,
        1.968504 -0.575392 -0.452411,
        1.968504 -0.598052 -0.465942,
        1.968504 -0.601554 -0.468033,
        1.968504 -0.784995 -0.588072,
        1.968504 -0.777032 -0.570428,
        1.968504 -0.756970 -0.544887,
        1.968504 -0.691328 -0.507787,
        1.968504 -0.658768 -0.503898,
        1.968504 -0.621622 -0.485218,
        1.968504 -0.648948 -0.504431,
        1.968504 -0.639128 -0.505606,
        1.968504 -0.750345 -0.538667,
        1.968504 -0.723034 -0.519798,
        1.968504 -0.735872 -0.757187,
        1.968504 -0.761239 -0.735313,
        1.968504 -0.705197 -0.772557,
        1.968504 -0.781261 -0.706482,
        1.968504 -0.793231 -0.674631,
        1.968504 -0.797104 -0.642234,
        1.968504 -0.796805 -0.633117,
        1.968504 -0.794981 -0.623287,
        1.968504 -0.790853 -0.601052,
        1.968504 -0.692925 -0.776301,
        1.968504 -0.691848 -0.778606,
        1.968504 -0.684371 -0.794608,
        1.968504 -0.671675 -0.810282,
        1.968504 -0.576444 -0.826182,
        1.968504 -0.591149 -0.831827,
        1.968504 -0.611802 -0.834369,
        1.968504 -0.615113 -0.834306,
        1.968504 -0.635273 -0.831158,
        1.968504 -0.647109 -0.826182,
        1.968504 -0.654973 -0.822876,
        1.968504 -0.531779 -0.778606,
        1.968504 -0.531844 -0.778881,
        1.968504 -0.541934 -0.797923,
        1.968504 -0.555093 -0.812684,
        1.968504 -0.572103 -0.824516,
        1.968504 -0.422751 -0.728230,
        1.968504 -0.416892 -0.725915,
        1.968504 -0.406859 -0.677246,
        1.968504 -0.547757 -0.691762,
        1.968504 -0.433330 -0.631987,
        1.968504 -0.562667 -0.678183,
        1.968504 -0.580784 -0.668469,
        1.968504 -0.428002 -0.731951,
        1.968504 -0.266958 -0.715998,
        1.968504 -0.283893 -0.739582,
        1.968504 -0.305653 -0.651881,
        1.968504 -0.309652 -0.635477,
        1.968504 -0.316210 -0.623287,
        1.968504 -0.741185 -0.623287,
        1.968504 -0.256193 -0.630621,
        1.968504 -0.252297 -0.658459,
        1.968504 -0.256224 -0.688967,
        1.968504 -0.410274 -0.725066,
        1.968504 -0.409443 -0.725126,
        1.968504 -0.406881 -0.725693,
        1.968504 -0.736187 -0.674529,
        1.968504 -0.725977 -0.691913,
        1.968504 -0.682618 -0.700708,
        1.968504 -0.710664 -0.707639,
        1.968504 -0.692071 -0.719088,
        1.968504 -0.651032 -0.672445,
        1.968504 -0.668495 -0.684570,
        1.968504 -0.743307 -0.640526,
        1.968504 -0.742296 -0.653623,
        1.968504 -0.632168 -0.665235,
        1.968504 -0.611802 -0.662729,
        1.968504 -0.601395 -0.663347,
        1.968504 -0.307142 -0.759260,
        1.968504 -0.333198 -0.772006,
        1.968504 -0.361600 -0.778009,
        1.968504 -0.436746 -0.751537,
        1.968504 -0.436529 -0.748167,
        1.968504 -0.526409 -0.740436,
        1.968504 -0.434814 -0.741668,
        1.968504 -0.431530 -0.735842,
        1.968504 -0.322565 -0.704469,
        1.968504 -0.313172 -0.691148,
        1.968504 -0.307288 -0.675928,
        1.968504 -0.305241 -0.659313,
        1.968504 -0.411982 -0.778009,
        1.968504 -0.416793 -0.777234,
        1.968504 -0.422441 -0.775010,
        1.968504 -0.427979 -0.771073,
        1.968504 -0.429964 -0.769053,
        1.968504 -0.433687 -0.763689,
        1.968504 -0.435936 -0.757898,
        1.968504 -0.526864 -0.757797,
        1.968504 -0.526409 -0.748976,
        1.968504 -0.405151 -0.725920,
        1.968504 -0.366724 -0.725920,
        1.968504 -0.351437 -0.722996,
        1.968504 -0.336365 -0.716025,
        1.968504 -0.323732 -0.705722,
        1.968504 -0.378679 -0.592707,
        1.968504 -0.733454 -0.600828,
        1.968504 -0.740765 -0.619874,
        1.968504 -0.371848 -0.592707,
        1.968504 -0.317582 -0.620737,
        1.968504 -0.327470 -0.609689,
        1.968504 -0.340716 -0.600443,
        1.968504 -0.355621 -0.594706,
        1.968504 -0.397046 -0.541469,
        1.968504 -0.416294 -0.518448,
        1.968504 -0.612656 -0.567943,
        1.968504 -0.418521 -0.516418,
        1.968504 -0.442516 -0.499774,
        1.968504 -0.599622 -0.540949,
        1.968504 -0.724581 -0.588072,
        1.968504 -0.618826 -0.564572,
        1.968504 -0.379696 -0.588072,
        1.968504 -0.383885 -0.568991,
        1.968504 -0.637976 -0.557593,
        1.968504 -0.657914 -0.555133,
        1.968504 -0.666735 -0.555589,
        1.968504 -0.580474 -0.518065,
        1.968504 -0.469296 -0.489519,
        1.968504 -0.557543 -0.501311,
        1.968504 -0.498229 -0.485965,
        1.968504 -0.529644 -0.490009,
        1.968504 -0.687820 -0.560569,
        1.968504 -0.706861 -0.570659,
        1.968504 -0.721622 -0.583817,
        1.968543 -0.684371 -0.794608,
        1.968543 -0.671675 -0.810282,
        1.968543 -0.692071 -0.719088,
        1.968543 -0.706861 -0.570659,
        1.968543 -0.687820 -0.560569,
        1.968543 -0.691328 -0.507787,
        1.968543 -0.541934 -0.797923,
        1.968543 -0.531844 -0.778881,
        1.968543 -0.526864 -0.757797,
        1.968543 -0.639128 -0.505606,
        1.968543 -0.612656 -0.567943,
        1.968543 -0.599622 -0.540949,
        1.968543 -0.634804 -0.774674,
        1.968543 -0.627985 -0.779372,
        1.968543 -0.654973 -0.822876,
        1.968543 -0.620087 -0.782288,
        1.968543 -0.658768 -0.503898,
        1.968543 -0.406859 -0.677246,
        1.968543 -0.433330 -0.631987,
        1.968543 -0.526409 -0.740436,
        1.968543 -0.547757 -0.691762,
        1.968543 -0.526409 -0.748976,
        1.968543 -0.572103 -0.824516,
        1.968543 -0.555093 -0.812684,
        1.968543 -0.581883 -0.737057,
        1.968543 -0.579716 -0.744873,
        1.968543 -0.579520 -0.753157,
        1.968543 -0.581435 -0.761385,
        1.968543 -0.585310 -0.768798,
        1.968543 -0.710664 -0.707639,
        1.968543 -0.705197 -0.772557,
        1.968543 -0.692925 -0.776301,
        1.968543 -0.378679 -0.592707,
        1.968543 -0.371848 -0.592707,
        1.968543 -0.336836 -0.546594,
        1.968543 -0.355621 -0.594706,
        1.968543 -0.332602 -0.548019,
        1.968543 -0.340716 -0.600443,
        1.968543 -0.307194 -0.560641,
        1.968543 -0.284041 -0.580239,
        1.968543 -0.621622 -0.485218,
        1.968543 -0.580474 -0.518065,
        1.968543 -0.601554 -0.468033,
        1.968543 -0.557543 -0.501311,
        1.968543 -0.575392 -0.452411,
        1.968543 -0.666735 -0.555589,
        1.968543 -0.657914 -0.555133,
        1.968543 -0.648948 -0.504431,
        1.968543 -0.637976 -0.557593,
        1.968543 -0.618826 -0.564572,
        1.968543 -0.635273 -0.831158,
        1.968543 -0.615113 -0.834306,
        1.968543 -0.612656 -0.783133,
        1.968543 -0.611802 -0.834369,
        1.968543 -0.604877 -0.782225,
        1.968543 -0.591149 -0.831827,
        1.968543 -0.597409 -0.779450,
        1.968543 -0.590824 -0.774965,
        1.968543 -0.283893 -0.739582,
        1.968543 -0.323732 -0.705722,
        1.968543 -0.307142 -0.759260,
        1.968543 -0.336365 -0.716025,
        1.968543 -0.333198 -0.772006,
        1.968543 -0.351437 -0.722996,
        1.968543 -0.361600 -0.778009,
        1.968543 -0.366724 -0.725920,
        1.968543 -0.411982 -0.778009,
        1.968543 -0.405151 -0.725920,
        1.968543 -0.416793 -0.777234,
        1.968543 -0.740765 -0.619874,
        1.968543 -0.796805 -0.633117,
        1.968543 -0.743307 -0.640526,
        1.968543 -0.797104 -0.642234,
        1.968543 -0.742296 -0.653623,
        1.968543 -0.793231 -0.674631,
        1.968543 -0.736187 -0.674529,
        1.968543 -0.781261 -0.706482,
        1.968543 -0.725977 -0.691913,
        1.968543 -0.761239 -0.735313,
        1.968543 -0.735872 -0.757187,
        1.968543 -0.640248 -0.768479,
        1.968543 -0.643888 -0.761433,
        1.968543 -0.645754 -0.753563,
        1.968543 -0.327470 -0.609689,
        1.968543 -0.317582 -0.620737,
        1.968543 -0.266622 -0.604539,
        1.968543 -0.309652 -0.635477,
        1.968543 -0.256193 -0.630621,
        1.968543 -0.305653 -0.651881,
        1.968543 -0.252297 -0.658459,
        1.968543 -0.305241 -0.659313,
        1.968543 -0.256224 -0.688967,
        1.968543 -0.307288 -0.675928,
        1.968543 -0.266958 -0.715998,
        1.968543 -0.313172 -0.691148,
        1.968543 -0.322565 -0.704469,
        1.968543 -0.382948 -0.479134,
        1.968543 -0.416294 -0.518448,
        1.968543 -0.352343 -0.515411,
        1.968543 -0.397046 -0.541469,
        1.968543 -0.383885 -0.568991,
        1.968543 -0.723034 -0.519798,
        1.968543 -0.750345 -0.538667,
        1.968543 -0.721622 -0.583817,
        1.968543 -0.756970 -0.544887,
        1.968543 -0.733454 -0.600828,
        1.968543 -0.777032 -0.570428,
        1.968543 -0.790853 -0.601052,
        1.968543 -0.535646 -0.438607,
        1.968543 -0.529644 -0.490009,
        1.968543 -0.499083 -0.434730,
        1.968543 -0.498229 -0.485965,
        1.968543 -0.463893 -0.438426,
        1.968543 -0.469296 -0.489519,
        1.968543 -0.421040 -0.453525,
        1.968543 -0.442516 -0.499774,
        1.968543 -0.418521 -0.516418,
        1.968543 -0.645754 -0.746096,
        1.968543 -0.643763 -0.737896,
        1.968543 -0.682618 -0.700708,
        1.968543 -0.639780 -0.730509,
        1.968543 -0.668495 -0.684570,
        1.968543 -0.634626 -0.724828,
        1.968543 -0.651032 -0.672445,
        1.968543 -0.627869 -0.720226,
        1.968543 -0.632168 -0.665235,
        1.968543 -0.620367 -0.717437,
        1.968543 -0.611802 -0.662729,
        1.968543 -0.612656 -0.716526,
        1.968543 -0.601395 -0.663347,
        1.968543 -0.606489 -0.717106,
        1.968543 -0.580784 -0.668469,
        1.968543 -0.598473 -0.719717,
        1.968543 -0.562667 -0.678183,
        1.968543 -0.591458 -0.724172,
        1.968543 -0.585792 -0.730151,
        1.968543 -0.409443 -0.725126,
        1.968543 -0.429964 -0.769053,
        1.968543 -0.427979 -0.771073,
        1.968543 -0.406881 -0.725693,
        1.968543 -0.422441 -0.775010,
        1.968543 -0.436746 -0.751537,
        1.968543 -0.435936 -0.757898,
        1.968543 -0.433687 -0.763689,
        1.968543 -0.416892 -0.725915,
        1.968543 -0.422751 -0.728230,
        1.968543 -0.436529 -0.748167,
        1.968543 -0.428002 -0.731951,
        1.968543 -0.431530 -0.735842,
        1.968543 -0.434814 -0.741668,
        1.968543 -0.410274 -0.725066,
        1.968504 -0.612656 -0.716526,
        1.968504 -0.606489 -0.717106,
        1.968504 -0.598473 -0.719717,
        1.968504 -0.591458 -0.724172,
        1.968504 -0.585792 -0.730151,
        1.968504 -0.581883 -0.737057,
        1.968504 -0.579716 -0.744873,
        1.968504 -0.579520 -0.753157,
        1.968504 -0.581435 -0.761385,
        1.968504 -0.585310 -0.768798,
        1.968504 -0.590824 -0.774965,
        1.968504 -0.597409 -0.779450,
        1.968504 -0.604877 -0.782225,
        1.968504 -0.612656 -0.783133,
        1.968504 -0.620087 -0.782288,
        1.968504 -0.627985 -0.779372,
        1.968504 -0.634804 -0.774674,
        1.968504 -0.640248 -0.768479,
        1.968504 -0.643888 -0.761433,
        1.968504 -0.645754 -0.753563,
        1.968504 -0.645754 -0.746096,
        1.968504 -0.643763 -0.737896,
        1.968504 -0.639780 -0.730509,
        1.968504 -0.634626 -0.724828,
        1.968504 -0.627869 -0.720226,
        1.968504 -0.620367 -0.717437,
      ]
    }
    coordIndex [
      139, 140, 141, -1,
      142, 143, 144, -1,
      145, 146, 147, -1,
      148, 149, 150, -1,
      151, 140, 152, -1,
      152, 140, 153, -1,
      152, 153, 154, -1,
      144, 143, 155, -1,
      156, 157, 158, -1,
      158, 157, 159, -1,
      158, 159, 160, -1,
      160, 159, 161, -1,
      160, 161, 147, -1,
      147, 161, 162, -1,
      147, 162, 145, -1,
      163, 164, 159, -1,
      159, 164, 165, -1,
      159, 165, 161, -1,
      161, 165, 166, -1,
      161, 166, 167, -1,
      168, 169, 141, -1,
      141, 169, 170, -1,
      141, 170, 139, -1,
      171, 172, 173, -1,
      173, 172, 174, -1,
      173, 174, 175, -1,
      175, 174, 176, -1,
      175, 176, 177, -1,
      177, 176, 178, -1,
      148, 150, 179, -1,
      179, 150, 180, -1,
      179, 180, 181, -1,
      181, 180, 182, -1,
      181, 182, 183, -1,
      143, 184, 155, -1,
      155, 184, 185, -1,
      155, 185, 186, -1,
      186, 185, 187, -1,
      186, 187, 148, -1,
      148, 187, 188, -1,
      148, 188, 149, -1,
      153, 189, 154, -1,
      154, 189, 190, -1,
      154, 190, 191, -1,
      191, 190, 192, -1,
      191, 192, 193, -1,
      193, 192, 194, -1,
      193, 194, 195, -1,
      195, 194, 161, -1,
      195, 161, 196, -1,
      196, 161, 167, -1,
      197, 198, 199, -1,
      199, 198, 200, -1,
      199, 200, 201, -1,
      201, 200, 202, -1,
      201, 202, 203, -1,
      203, 202, 204, -1,
      203, 204, 205, -1,
      205, 204, 206, -1,
      205, 206, 207, -1,
      208, 209, 210, -1,
      210, 209, 211, -1,
      210, 211, 212, -1,
      212, 211, 213, -1,
      212, 213, 214, -1,
      214, 213, 215, -1,
      214, 215, 216, -1,
      216, 215, 217, -1,
      216, 217, 168, -1,
      168, 217, 218, -1,
      168, 218, 169, -1,
      151, 219, 140, -1,
      140, 219, 220, -1,
      140, 220, 141, -1,
      141, 220, 221, -1,
      176, 222, 178, -1,
      178, 222, 223, -1,
      178, 223, 224, -1,
      224, 223, 225, -1,
      224, 225, 226, -1,
      226, 225, 227, -1,
      226, 227, 228, -1,
      228, 227, 229, -1,
      228, 229, 230, -1,
      230, 229, 231, -1,
      230, 231, 232, -1,
      232, 231, 233, -1,
      232, 233, 197, -1,
      197, 233, 234, -1,
      197, 234, 198, -1,
      235, 236, 237, -1,
      237, 236, 238, -1,
      237, 238, 173, -1,
      173, 238, 239, -1,
      173, 239, 171, -1,
      144, 240, 142, -1,
      142, 240, 241, -1,
      142, 241, 242, -1,
      242, 241, 243, -1,
      242, 243, 244, -1,
      244, 243, 245, -1,
      244, 245, 208, -1,
      208, 245, 246, -1,
      208, 246, 209, -1,
      183, 182, 247, -1,
      247, 182, 248, -1,
      247, 248, 249, -1,
      249, 248, 250, -1,
      249, 250, 251, -1,
      251, 250, 252, -1,
      251, 252, 253, -1,
      253, 252, 254, -1,
      253, 254, 235, -1,
      235, 254, 255, -1,
      235, 255, 236, -1,
      221, 256, 141, -1,
      141, 256, 257, -1,
      141, 257, 258, -1,
      258, 257, 259, -1,
      258, 259, 260, -1,
      260, 259, 261, -1,
      260, 261, 262, -1,
      262, 261, 263, -1,
      262, 263, 264, -1,
      264, 263, 265, -1,
      264, 265, 266, -1,
      266, 265, 267, -1,
      266, 267, 268, -1,
      268, 267, 269, -1,
      268, 269, 270, -1,
      270, 269, 271, -1,
      270, 271, 272, -1,
      272, 271, 273, -1,
      272, 273, 159, -1,
      159, 273, 274, -1,
      159, 274, 163, -1,
      275, 276, 277, -1,
      206, 278, 207, -1,
      207, 278, 275, -1,
      207, 275, 279, -1,
      279, 275, 277, -1,
      280, 281, 275, -1,
      275, 281, 282, -1,
      275, 282, 276, -1,
      283, 284, 285, -1,
      284, 286, 285, -1,
      285, 286, 287, -1,
      285, 287, 288, -1,
      280, 275, 285, -1,
      285, 275, 289, -1,
      285, 289, 283, -1,
      228, 67, 66, -1,
      228, 66, 226, -1,
      226, 66, 1, -1,
      226, 1, 224, -1,
      1, 0, 224, -1,
      224, 0, 3, -1,
      224, 3, 178, -1,
      3, 2, 178, -1,
      178, 2, 10, -1,
      178, 10, 177, -1,
      177, 10, 9, -1,
      177, 9, 175, -1,
      175, 9, 8, -1,
      175, 8, 173, -1,
      173, 8, 7, -1,
      173, 7, 237, -1,
      237, 7, 6, -1,
      237, 6, 235, -1,
      235, 6, 5, -1,
      235, 5, 253, -1,
      5, 4, 253, -1,
      253, 4, 13, -1,
      253, 13, 251, -1,
      251, 13, 12, -1,
      251, 12, 249, -1,
      16, 181, 15, -1,
      15, 181, 183, -1,
      15, 183, 14, -1,
      14, 183, 247, -1,
      14, 247, 11, -1,
      11, 247, 249, -1,
      11, 249, 12, -1,
      181, 16, 22, -1,
      181, 22, 179, -1,
      179, 22, 24, -1,
      179, 24, 148, -1,
      148, 24, 23, -1,
      148, 23, 186, -1,
      186, 23, 21, -1,
      186, 21, 155, -1,
      155, 21, 20, -1,
      155, 20, 144, -1,
      144, 20, 26, -1,
      144, 26, 240, -1,
      240, 26, 25, -1,
      240, 25, 241, -1,
      241, 25, 19, -1,
      241, 19, 243, -1,
      32, 211, 209, -1,
      243, 19, 18, -1,
      243, 18, 245, -1,
      245, 18, 17, -1,
      245, 17, 246, -1,
      17, 35, 246, -1,
      246, 35, 34, -1,
      246, 34, 209, -1,
      209, 34, 33, -1,
      209, 33, 32, -1,
      211, 32, 31, -1,
      211, 31, 213, -1,
      213, 31, 30, -1,
      213, 30, 215, -1,
      215, 30, 28, -1,
      215, 28, 217, -1,
      217, 28, 27, -1,
      217, 27, 218, -1,
      218, 27, 29, -1,
      218, 29, 169, -1,
      169, 29, 36, -1,
      169, 36, 170, -1,
      170, 36, 37, -1,
      170, 37, 139, -1,
      37, 38, 139, -1,
      139, 38, 39, -1,
      139, 39, 140, -1,
      140, 39, 46, -1,
      140, 46, 153, -1,
      153, 46, 45, -1,
      153, 45, 189, -1,
      45, 44, 189, -1,
      189, 44, 43, -1,
      189, 43, 190, -1,
      190, 43, 42, -1,
      190, 42, 192, -1,
      104, 160, 147, -1,
      192, 42, 41, -1,
      192, 41, 194, -1,
      194, 41, 40, -1,
      194, 40, 161, -1,
      40, 51, 161, -1,
      161, 51, 50, -1,
      161, 50, 162, -1,
      162, 50, 49, -1,
      162, 49, 145, -1,
      145, 49, 48, -1,
      145, 48, 146, -1,
      146, 48, 47, -1,
      146, 47, 147, -1,
      147, 47, 103, -1,
      147, 103, 104, -1,
      158, 160, 89, -1,
      89, 160, 104, -1,
      156, 158, 54, -1,
      54, 158, 89, -1,
      157, 156, 56, -1,
      56, 156, 54, -1,
      159, 157, 55, -1,
      55, 157, 56, -1,
      159, 55, 57, -1,
      159, 57, 272, -1,
      272, 57, 58, -1,
      272, 58, 270, -1,
      270, 58, 83, -1,
      270, 83, 268, -1,
      268, 83, 82, -1,
      268, 82, 266, -1,
      266, 82, 81, -1,
      266, 81, 264, -1,
      264, 81, 77, -1,
      264, 77, 262, -1,
      262, 77, 78, -1,
      262, 78, 260, -1,
      260, 78, 74, -1,
      260, 74, 258, -1,
      258, 74, 76, -1,
      258, 76, 141, -1,
      141, 76, 75, -1,
      141, 75, 168, -1,
      168, 75, 73, -1,
      168, 73, 216, -1,
      216, 73, 72, -1,
      216, 72, 214, -1,
      214, 72, 80, -1,
      214, 80, 212, -1,
      212, 80, 79, -1,
      212, 79, 210, -1,
      208, 210, 65, -1,
      65, 210, 79, -1,
      65, 112, 208, -1,
      208, 112, 111, -1,
      208, 111, 244, -1,
      244, 111, 124, -1,
      244, 124, 242, -1,
      124, 138, 242, -1,
      242, 138, 137, -1,
      242, 137, 142, -1,
      142, 137, 136, -1,
      142, 136, 143, -1,
      143, 136, 130, -1,
      143, 130, 184, -1,
      184, 130, 129, -1,
      184, 129, 185, -1,
      185, 129, 128, -1,
      185, 128, 187, -1,
      187, 128, 125, -1,
      187, 125, 188, -1,
      188, 125, 120, -1,
      188, 120, 149, -1,
      149, 120, 123, -1,
      149, 123, 150, -1,
      150, 123, 131, -1,
      150, 131, 180, -1,
      180, 131, 133, -1,
      180, 133, 182, -1,
      182, 133, 135, -1,
      182, 135, 248, -1,
      248, 135, 134, -1,
      248, 134, 250, -1,
      110, 171, 126, -1,
      126, 171, 239, -1,
      126, 239, 127, -1,
      127, 239, 238, -1,
      127, 238, 118, -1,
      118, 238, 236, -1,
      118, 236, 119, -1,
      119, 236, 255, -1,
      119, 255, 121, -1,
      121, 255, 254, -1,
      121, 254, 122, -1,
      122, 254, 252, -1,
      122, 252, 132, -1,
      132, 252, 250, -1,
      132, 250, 134, -1,
      172, 171, 113, -1,
      113, 171, 110, -1,
      172, 113, 117, -1,
      172, 117, 174, -1,
      174, 117, 116, -1,
      174, 116, 176, -1,
      176, 116, 115, -1,
      176, 115, 222, -1,
      222, 115, 114, -1,
      222, 114, 223, -1,
      223, 114, 64, -1,
      223, 64, 225, -1,
      64, 63, 225, -1,
      225, 63, 62, -1,
      225, 62, 227, -1,
      227, 62, 95, -1,
      227, 95, 229, -1,
      229, 95, 94, -1,
      229, 94, 231, -1,
      231, 94, 93, -1,
      231, 93, 233, -1,
      233, 93, 92, -1,
      233, 92, 234, -1,
      234, 92, 109, -1,
      234, 109, 198, -1,
      198, 109, 108, -1,
      198, 108, 200, -1,
      200, 108, 107, -1,
      200, 107, 202, -1,
      202, 107, 106, -1,
      202, 106, 204, -1,
      206, 204, 105, -1,
      105, 204, 106, -1,
      206, 105, 71, -1,
      206, 71, 278, -1,
      278, 71, 70, -1,
      278, 70, 275, -1,
      275, 70, 69, -1,
      275, 69, 289, -1,
      289, 69, 53, -1,
      289, 53, 283, -1,
      283, 53, 52, -1,
      283, 52, 284, -1,
      284, 52, 59, -1,
      284, 59, 286, -1,
      286, 59, 91, -1,
      286, 91, 287, -1,
      287, 91, 90, -1,
      287, 90, 288, -1,
      288, 90, 88, -1,
      288, 88, 285, -1,
      285, 88, 87, -1,
      285, 87, 280, -1,
      280, 87, 102, -1,
      280, 102, 281, -1,
      281, 102, 101, -1,
      281, 101, 282, -1,
      282, 101, 100, -1,
      282, 100, 276, -1,
      276, 100, 99, -1,
      276, 99, 277, -1,
      277, 99, 98, -1,
      277, 98, 279, -1,
      279, 98, 97, -1,
      279, 97, 207, -1,
      207, 97, 96, -1,
      207, 96, 205, -1,
      203, 205, 86, -1,
      86, 205, 96, -1,
      203, 86, 85, -1,
      203, 85, 201, -1,
      201, 85, 84, -1,
      201, 84, 199, -1,
      199, 84, 61, -1,
      199, 61, 197, -1,
      197, 61, 60, -1,
      197, 60, 232, -1,
      232, 60, 68, -1,
      232, 68, 230, -1,
      230, 68, 67, -1,
      230, 67, 228, -1,
      267, 290, 291, -1,
      267, 291, 269, -1,
      269, 291, 292, -1,
      269, 292, 271, -1,
      271, 292, 293, -1,
      271, 293, 273, -1,
      273, 293, 294, -1,
      273, 294, 274, -1,
      274, 294, 295, -1,
      274, 295, 163, -1,
      163, 295, 296, -1,
      163, 296, 164, -1,
      164, 296, 297, -1,
      164, 297, 165, -1,
      165, 297, 298, -1,
      165, 298, 166, -1,
      166, 298, 299, -1,
      166, 299, 167, -1,
      167, 299, 300, -1,
      167, 300, 196, -1,
      196, 300, 301, -1,
      196, 301, 195, -1,
      195, 301, 302, -1,
      195, 302, 193, -1,
      193, 302, 303, -1,
      193, 303, 191, -1,
      191, 303, 304, -1,
      191, 304, 154, -1,
      154, 304, 305, -1,
      154, 305, 152, -1,
      152, 305, 306, -1,
      152, 306, 151, -1,
      151, 306, 307, -1,
      151, 307, 219, -1,
      219, 307, 308, -1,
      219, 308, 220, -1,
      220, 308, 309, -1,
      220, 309, 221, -1,
      221, 309, 310, -1,
      221, 310, 256, -1,
      256, 310, 311, -1,
      256, 311, 257, -1,
      257, 311, 312, -1,
      257, 312, 259, -1,
      259, 312, 313, -1,
      259, 313, 261, -1,
      261, 313, 314, -1,
      261, 314, 263, -1,
      263, 314, 315, -1,
      263, 315, 265, -1,
      265, 315, 290, -1,
      265, 290, 267, -1,
    ]
  }
}

Shape {
  appearance Appearance {
    material Material {
      diffuseColor 0.3922 0.6000 0.3922
      specularColor 0.3451 0.5294 0.3451
      ambientIntensity 0.2
      transparency 0.0000
      shininess 0.5
    }
  }
  geometry IndexedFaceSet {
    ccw TRUE
    solid FALSE
    coord DEF co Coordinate {
      point [
        1.968504 -0.612656 -0.716526,
        1.968504 -0.606489 -0.717106,
        1.968504 -0.598473 -0.719717,
        1.968504 -0.591458 -0.724172,
        1.968504 -0.585792 -0.730151,
        1.968504 -0.581883 -0.737057,
        1.968504 -0.579716 -0.744873,
        1.968504 -0.579520 -0.753157,
        1.968504 -0.581435 -0.761385,
        1.968504 -0.585310 -0.768798,
        1.968504 -0.590824 -0.774965,
        1.968504 -0.597409 -0.779450,
        1.968504 -0.604877 -0.782225,
        1.968504 -0.612656 -0.783133,
        1.968504 -0.620087 -0.782288,
        1.968504 -0.627985 -0.779372,
        1.968504 -0.634804 -0.774674,
        1.968504 -0.640248 -0.768479,
        1.968504 -0.643888 -0.761433,
        1.968504 -0.645754 -0.753563,
        1.968504 -0.645754 -0.746096,
        1.968504 -0.643763 -0.737896,
        1.968504 -0.639780 -0.730509,
        1.968504 -0.634626 -0.724828,
        1.968504 -0.627869 -0.720226,
        1.968504 -0.620367 -0.717437,
      ]
    }
    coordIndex [
      0, 13, 1, -1,
      1, 13, 12, -1,
      19, 0, 25, -1,
      25, 24, 19, -1,
      19, 24, 23, -1,
      19, 23, 20, -1,
      20, 23, 22, -1,
      20, 22, 21, -1,
      19, 18, 0, -1,
      0, 18, 17, -1,
      0, 17, 16, -1,
      10, 4, 3, -1,
      16, 15, 0, -1,
      0, 15, 14, -1,
      0, 14, 13, -1,
      12, 11, 1, -1,
      1, 11, 10, -1,
      1, 10, 2, -1,
      2, 10, 3, -1,
      8, 7, 9, -1,
      9, 7, 6, -1,
      9, 6, 10, -1,
      10, 6, 5, -1,
      10, 5, 4, -1,
    ]
  }
}
